[2026-09-20 11:01:32.685 +05:30 INF] Kestrel.Api: Binding guard: http://127.0.0.1:5000 (loopback)
[2026-09-20 11:01:32.685 +05:30 INF] Kestrel.Api: Binding guard: http://127.0.0.1:5000 (loopback)
[2026-09-20 11:01:32.685 +05:30 INF] Kestrel.Api: Binding guard: http://127.0.0.1:5000 (loopback)
[2026-09-20 11:01:33.987 +05:30 INF] Kestrel.Api.Auth.IdentityInitializationService: Identity schema ensured (no EF migrations defined yet — run `dotnet ef migrations add` before real deployments).
[2026-09-20 11:01:33.987 +05:30 INF] Kestrel.Api.Auth.IdentityInitializationService: Identity schema ensured (no EF migrations defined yet — run `dotnet ef migrations add` before real deployments).
[2026-09-20 11:01:33.991 +05:30 INF] Kestrel.Api.Auth.IdentityInitializationService: Identity schema ensured (no EF migrations defined yet — run `dotnet ef migrations add` before real deployments).
[2026-09-20 11:01:34.401 +05:30 INF] Kestrel.Api.Auth.IdentityInitializationService: Role seeded: Viewer
[2026-09-20 11:01:34.401 +05:30 INF] Kestrel.Api.Auth.IdentityInitializationService: Role seeded: Viewer
[2026-09-20 11:01:34.401 +05:30 INF] Kestrel.Api.Auth.IdentityInitializationService: Role seeded: Viewer
[2026-09-20 11:01:34.405 +05:30 INF] Kestrel.Api.Auth.IdentityInitializationService: Role seeded: Analyst
[2026-09-20 11:01:34.405 +05:30 INF] Kestrel.Api.Auth.IdentityInitializationService: Role seeded: Analyst
[2026-09-20 11:01:34.407 +05:30 INF] Kestrel.Api.Auth.IdentityInitializationService: Role seeded: Admin
[2026-09-20 11:01:34.407 +05:30 INF] Kestrel.Api.Auth.IdentityInitializationService: Role seeded: Admin
[2026-09-20 11:01:34.408 +05:30 INF] Kestrel.Api.Auth.IdentityInitializationService: Role seeded: Analyst
[2026-09-20 11:01:34.411 +05:30 INF] Kestrel.Api.Auth.IdentityInitializationService: Role seeded: Admin
[2026-09-20 11:01:34.441 +05:30 WRN] Kestrel.Api.Auth.IdentityInitializationService: Bootstrap: DEVELOPMENT default admin 'admin' created with password 'Dev#Admin-2026!'. CHANGE THIS PASSWORD before any use beyond local testing.
[2026-09-20 11:01:34.441 +05:30 WRN] Kestrel.Api.Auth.IdentityInitializationService: Bootstrap: DEVELOPMENT default admin 'admin' created with password 'Dev#Admin-2026!'. CHANGE THIS PASSWORD before any use beyond local testing.
[2026-09-20 11:01:34.441 +05:30 WRN] Kestrel.Api.Auth.IdentityInitializationService: Bootstrap: DEVELOPMENT default admin 'admin' created with password 'Dev#Admin-2026!'. CHANGE THIS PASSWORD before any use beyond local testing.
[2026-09-20 11:01:34.647 +05:30 INF] Kestrel.Api.Auth.IdentityInitializationService: Bootstrap: admin 'admin' created with roles [Viewer, Analyst, Admin].
[2026-09-20 11:01:34.647 +05:30 INF] Kestrel.Api.Auth.IdentityInitializationService: Bootstrap: admin 'admin' created with roles [Viewer, Analyst, Admin].
[2026-09-20 11:01:34.649 +05:30 INF] Kestrel.Api.Auth.IdentityInitializationService: Bootstrap: admin 'admin' created with roles [Viewer, Analyst, Admin].
[2026-09-20 11:01:34.658 +05:30 INF] Kestrel.Core.Storage.EventDatabase: FTS5 index rebuilt.
[2026-09-20 11:01:34.659 +05:30 INF] Kestrel.Core.Storage.EventStoreInitializationService: Event store ready at D:\Work\Projects\kestrel\backend\Kestrel.Api\data\kestrel.db (schema v2, WAL mode, FTS5 rebuilt).
[2026-09-20 11:01:34.659 +05:30 INF] Kestrel.Core.Jobs.IngestJobProcessor: Ingest job processor started (timeout 1800s, batch 1000, record cap 5000000).
[2026-09-20 11:01:34.665 +05:30 INF] Kestrel.Core.Storage.EventDatabase: FTS5 index rebuilt.
[2026-09-20 11:01:34.665 +05:30 INF] Kestrel.Core.Storage.EventStoreInitializationService: Event store ready at C:\Users\Harman Bham\AppData\Local\Temp\kestrel-tests\api-0a3953d303df475292b89848534f4d06\kestrel.db (schema v2, WAL mode, FTS5 rebuilt).
[2026-09-20 11:01:34.665 +05:30 INF] Kestrel.Core.Jobs.IngestJobProcessor: Ingest job processor started (timeout 60s, batch 1000, record cap 5000000).
[2026-09-20 11:01:34.671 +05:30 INF] Kestrel.Core.Storage.EventDatabase: FTS5 index rebuilt.
[2026-09-20 11:01:34.671 +05:30 INF] Kestrel.Core.Storage.EventStoreInitializationService: Event store ready at D:\Work\Projects\kestrel\backend\Kestrel.Api\data\kestrel.db (schema v2, WAL mode, FTS5 rebuilt).
[2026-09-20 11:01:34.671 +05:30 INF] Kestrel.Core.Jobs.IngestJobProcessor: Ingest job processor started (timeout 1800s, batch 1000, record cap 5000000).
[2026-09-20 11:01:34.804 +05:30 INF] Serilog.AspNetCore.RequestLoggingMiddleware: HTTP POST /api/ingest/upload responded 401 in 40.6153 ms
[2026-09-20 11:01:35.095 +05:30 INF] Kestrel.Api.Controllers.AuthController: Audit: login succeeded for admin (2f4f5483-9d32-436b-ade1-1abccaceac3c) from unknown
[2026-09-20 11:01:35.095 +05:30 INF] Kestrel.Api.Controllers.AuthController: Audit: login succeeded for admin (e3550f4a-b7ff-40a3-87ed-1d07544bfc10) from unknown
[2026-09-20 11:01:35.095 +05:30 INF] Kestrel.Api.Controllers.AuthController: Audit: login succeeded for admin (2e6fde3a-ec6b-43d5-86ae-3ca9ced8e6f4) from unknown
[2026-09-20 11:01:35.112 +05:30 ERR] Serilog.AspNetCore.RequestLoggingMiddleware: HTTP POST /api/auth/login responded 500 in 286.1979 ms
System.InvalidOperationException: The PipeWriter 'ResponseBodyPipeWriter' does not implement PipeWriter.UnflushedBytes.
   at System.Text.Json.ThrowHelper.ThrowInvalidOperationException_PipeWriterDoesNotImplementUnflushedBytes(PipeWriter pipeWriter)
   at System.Text.Json.Serialization.Metadata.JsonTypeInfo`1.SerializeAsync(PipeWriter pipeWriter, T rootValue, Int32 flushThreshold, CancellationToken cancellationToken, Object rootValueBoxed)
   at Microsoft.AspNetCore.Mvc.Formatters.SystemTextJsonOutputFormatter.WriteResponseBodyAsync(OutputFormatterWriteContext context, Encoding selectedEncoding)
   at Microsoft.AspNetCore.Mvc.Infrastructure.ResourceInvoker.<InvokeNextResultFilterAsync>g__Awaited|30_0[TFilter,TFilterAsync](ResourceInvoker invoker, Task lastTask, State next, Scope scope, Object state, Boolean isCompleted)
   at Microsoft.AspNetCore.Mvc.Infrastructure.ResourceInvoker.Rethrow(ResultExecutedContextSealed context)
   at Microsoft.AspNetCore.Mvc.Infrastructure.ResourceInvoker.ResultNext[TFilter,TFilterAsync](State& next, Scope& scope, Object& state, Boolean& isCompleted)
   at Microsoft.AspNetCore.Mvc.Infrastructure.ResourceInvoker.InvokeResultFilters()
--- End of stack trace from previous location ---
   at Microsoft.AspNetCore.Mvc.Infrastructure.ResourceInvoker.<InvokeFilterPipelineAsync>g__Awaited|20_0(ResourceInvoker invoker, Task lastTask, State next, Scope scope, Object state, Boolean isCompleted)
   at Microsoft.AspNetCore.Mvc.Infrastructure.ResourceInvoker.<InvokeAsync>g__Awaited|17_0(ResourceInvoker invoker, Task task, IDisposable scope)
   at Microsoft.AspNetCore.Mvc.Infrastructure.ResourceInvoker.<InvokeAsync>g__Awaited|17_0(ResourceInvoker invoker, Task task, IDisposable scope)
   at Swashbuckle.AspNetCore.SwaggerUI.SwaggerUIMiddleware.Invoke(HttpContext httpContext)
   at Swashbuckle.AspNetCore.Swagger.SwaggerMiddleware.Invoke(HttpContext httpContext, ISwaggerProvider swaggerProvider)
   at Microsoft.AspNetCore.Authorization.AuthorizationMiddleware.Invoke(HttpContext context)
   at Microsoft.AspNetCore.Authentication.AuthenticationMiddleware.Invoke(HttpContext context)
   at Microsoft.AspNetCore.RateLimiting.RateLimitingMiddleware.InvokeInternal(HttpContext context, EnableRateLimitingAttribute enableRateLimitingAttribute)
   at Serilog.AspNetCore.RequestLoggingMiddleware.Invoke(HttpContext httpContext)
[2026-09-20 11:01:35.112 +05:30 ERR] Serilog.AspNetCore.RequestLoggingMiddleware: HTTP POST /api/auth/login responded 500 in 350.1552 ms
System.InvalidOperationException: The PipeWriter 'ResponseBodyPipeWriter' does not implement PipeWriter.UnflushedBytes.
   at System.Text.Json.ThrowHelper.ThrowInvalidOperationException_PipeWriterDoesNotImplementUnflushedBytes(PipeWriter pipeWriter)
   at System.Text.Json.Serialization.Metadata.JsonTypeInfo`1.SerializeAsync(PipeWriter pipeWriter, T rootValue, Int32 flushThreshold, CancellationToken cancellationToken, Object rootValueBoxed)
   at Microsoft.AspNetCore.Mvc.Formatters.SystemTextJsonOutputFormatter.WriteResponseBodyAsync(OutputFormatterWriteContext context, Encoding selectedEncoding)
   at Microsoft.AspNetCore.Mvc.Infrastructure.ResourceInvoker.<InvokeNextResultFilterAsync>g__Awaited|30_0[TFilter,TFilterAsync](ResourceInvoker invoker, Task lastTask, State next, Scope scope, Object state, Boolean isCompleted)
   at Microsoft.AspNetCore.Mvc.Infrastructure.ResourceInvoker.Rethrow(ResultExecutedContextSealed context)
   at Microsoft.AspNetCore.Mvc.Infrastructure.ResourceInvoker.ResultNext[TFilter,TFilterAsync](State& next, Scope& scope, Object& state, Boolean& isCompleted)
   at Microsoft.AspNetCore.Mvc.Infrastructure.ResourceInvoker.InvokeResultFilters()
--- End of stack trace from previous location ---
   at Microsoft.AspNetCore.Mvc.Infrastructure.ResourceInvoker.<InvokeFilterPipelineAsync>g__Awaited|20_0(ResourceInvoker invoker, Task lastTask, State next, Scope scope, Object state, Boolean isCompleted)
   at Microsoft.AspNetCore.Mvc.Infrastructure.ResourceInvoker.<InvokeAsync>g__Awaited|17_0(ResourceInvoker invoker, Task task, IDisposable scope)
   at Microsoft.AspNetCore.Mvc.Infrastructure.ResourceInvoker.<InvokeAsync>g__Awaited|17_0(ResourceInvoker invoker, Task task, IDisposable scope)
   at Swashbuckle.AspNetCore.SwaggerUI.SwaggerUIMiddleware.Invoke(HttpContext httpContext)
   at Swashbuckle.AspNetCore.Swagger.SwaggerMiddleware.Invoke(HttpContext httpContext, ISwaggerProvider swaggerProvider)
   at Microsoft.AspNetCore.Authorization.AuthorizationMiddleware.Invoke(HttpContext context)
   at Microsoft.AspNetCore.Authentication.AuthenticationMiddleware.Invoke(HttpContext context)
   at Microsoft.AspNetCore.RateLimiting.RateLimitingMiddleware.InvokeInternal(HttpContext context, EnableRateLimitingAttribute enableRateLimitingAttribute)
   at Serilog.AspNetCore.RequestLoggingMiddleware.Invoke(HttpContext httpContext)
[2026-09-20 11:01:35.112 +05:30 ERR] Serilog.AspNetCore.RequestLoggingMiddleware: HTTP POST /api/auth/login responded 500 in 350.1642 ms
System.InvalidOperationException: The PipeWriter 'ResponseBodyPipeWriter' does not implement PipeWriter.UnflushedBytes.
   at System.Text.Json.ThrowHelper.ThrowInvalidOperationException_PipeWriterDoesNotImplementUnflushedBytes(PipeWriter pipeWriter)
   at System.Text.Json.Serialization.Metadata.JsonTypeInfo`1.SerializeAsync(PipeWriter pipeWriter, T rootValue, Int32 flushThreshold, CancellationToken cancellationToken, Object rootValueBoxed)
   at Microsoft.AspNetCore.Mvc.Formatters.SystemTextJsonOutputFormatter.WriteResponseBodyAsync(OutputFormatterWriteContext context, Encoding selectedEncoding)
   at Microsoft.AspNetCore.Mvc.Infrastructure.ResourceInvoker.<InvokeNextResultFilterAsync>g__Awaited|30_0[TFilter,TFilterAsync](ResourceInvoker invoker, Task lastTask, State next, Scope scope, Object state, Boolean isCompleted)
   at Microsoft.AspNetCore.Mvc.Infrastructure.ResourceInvoker.Rethrow(ResultExecutedContextSealed context)
   at Microsoft.AspNetCore.Mvc.Infrastructure.ResourceInvoker.ResultNext[TFilter,TFilterAsync](State& next, Scope& scope, Object& state, Boolean& isCompleted)
   at Microsoft.AspNetCore.Mvc.Infrastructure.ResourceInvoker.InvokeResultFilters()
--- End of stack trace from previous location ---
   at Microsoft.AspNetCore.Mvc.Infrastructure.ResourceInvoker.<InvokeFilterPipelineAsync>g__Awaited|20_0(ResourceInvoker invoker, Task lastTask, State next, Scope scope, Object state, Boolean isCompleted)
   at Microsoft.AspNetCore.Mvc.Infrastructure.ResourceInvoker.<InvokeAsync>g__Awaited|17_0(ResourceInvoker invoker, Task task, IDisposable scope)
   at Microsoft.AspNetCore.Mvc.Infrastructure.ResourceInvoker.<InvokeAsync>g__Awaited|17_0(ResourceInvoker invoker, Task task, IDisposable scope)
   at Swashbuckle.AspNetCore.SwaggerUI.SwaggerUIMiddleware.Invoke(HttpContext httpContext)
   at Swashbuckle.AspNetCore.Swagger.SwaggerMiddleware.Invoke(HttpContext httpContext, ISwaggerProvider swaggerProvider)
   at Microsoft.AspNetCore.Authorization.AuthorizationMiddleware.Invoke(HttpContext context)
   at Microsoft.AspNetCore.Authentication.AuthenticationMiddleware.Invoke(HttpContext context)
   at Microsoft.AspNetCore.RateLimiting.RateLimitingMiddleware.InvokeInternal(HttpContext context, EnableRateLimitingAttribute enableRateLimitingAttribute)
   at Serilog.AspNetCore.RequestLoggingMiddleware.Invoke(HttpContext httpContext)
[2026-09-20 11:01:35.118 +05:30 ERR] Microsoft.AspNetCore.Diagnostics.DeveloperExceptionPageMiddleware: An unhandled exception has occurred while executing the request.
System.InvalidOperationException: The PipeWriter 'ResponseBodyPipeWriter' does not implement PipeWriter.UnflushedBytes.
   at System.Text.Json.ThrowHelper.ThrowInvalidOperationException_PipeWriterDoesNotImplementUnflushedBytes(PipeWriter pipeWriter)
   at System.Text.Json.Serialization.Metadata.JsonTypeInfo`1.SerializeAsync(PipeWriter pipeWriter, T rootValue, Int32 flushThreshold, CancellationToken cancellationToken, Object rootValueBoxed)
   at Microsoft.AspNetCore.Mvc.Formatters.SystemTextJsonOutputFormatter.WriteResponseBodyAsync(OutputFormatterWriteContext context, Encoding selectedEncoding)
   at Microsoft.AspNetCore.Mvc.Infrastructure.ResourceInvoker.<InvokeNextResultFilterAsync>g__Awaited|30_0[TFilter,TFilterAsync](ResourceInvoker invoker, Task lastTask, State next, Scope scope, Object state, Boolean isCompleted)
   at Microsoft.AspNetCore.Mvc.Infrastructure.ResourceInvoker.Rethrow(ResultExecutedContextSealed context)
   at Microsoft.AspNetCore.Mvc.Infrastructure.ResourceInvoker.ResultNext[TFilter,TFilterAsync](State& next, Scope& scope, Object& state, Boolean& isCompleted)
   at Microsoft.AspNetCore.Mvc.Infrastructure.ResourceInvoker.InvokeResultFilters()
--- End of stack trace from previous location ---
   at Microsoft.AspNetCore.Mvc.Infrastructure.ResourceInvoker.<InvokeFilterPipelineAsync>g__Awaited|20_0(ResourceInvoker invoker, Task lastTask, State next, Scope scope, Object state, Boolean isCompleted)
   at Microsoft.AspNetCore.Mvc.Infrastructure.ResourceInvoker.<InvokeAsync>g__Awaited|17_0(ResourceInvoker invoker, Task task, IDisposable scope)
   at Microsoft.AspNetCore.Mvc.Infrastructure.ResourceInvoker.<InvokeAsync>g__Awaited|17_0(ResourceInvoker invoker, Task task, IDisposable scope)
   at Swashbuckle.AspNetCore.SwaggerUI.SwaggerUIMiddleware.Invoke(HttpContext httpContext)
   at Swashbuckle.AspNetCore.Swagger.SwaggerMiddleware.Invoke(HttpContext httpContext, ISwaggerProvider swaggerProvider)
   at Microsoft.AspNetCore.Authorization.AuthorizationMiddleware.Invoke(HttpContext context)
   at Microsoft.AspNetCore.Authentication.AuthenticationMiddleware.Invoke(HttpContext context)
   at Microsoft.AspNetCore.RateLimiting.RateLimitingMiddleware.InvokeInternal(HttpContext context, EnableRateLimitingAttribute enableRateLimitingAttribute)
   at Serilog.AspNetCore.RequestLoggingMiddleware.Invoke(HttpContext httpContext)
   at Microsoft.AspNetCore.Diagnostics.DeveloperExceptionPageMiddlewareImpl.Invoke(HttpContext context)
[2026-09-20 11:01:35.118 +05:30 ERR] Microsoft.AspNetCore.Diagnostics.DeveloperExceptionPageMiddleware: An unhandled exception has occurred while executing the request.
System.InvalidOperationException: The PipeWriter 'ResponseBodyPipeWriter' does not implement PipeWriter.UnflushedBytes.
   at System.Text.Json.ThrowHelper.ThrowInvalidOperationException_PipeWriterDoesNotImplementUnflushedBytes(PipeWriter pipeWriter)
   at System.Text.Json.Serialization.Metadata.JsonTypeInfo`1.SerializeAsync(PipeWriter pipeWriter, T rootValue, Int32 flushThreshold, CancellationToken cancellationToken, Object rootValueBoxed)
   at Microsoft.AspNetCore.Mvc.Formatters.SystemTextJsonOutputFormatter.WriteResponseBodyAsync(OutputFormatterWriteContext context, Encoding selectedEncoding)
   at Microsoft.AspNetCore.Mvc.Infrastructure.ResourceInvoker.<InvokeNextResultFilterAsync>g__Awaited|30_0[TFilter,TFilterAsync](ResourceInvoker invoker, Task lastTask, State next, Scope scope, Object state, Boolean isCompleted)
   at Microsoft.AspNetCore.Mvc.Infrastructure.ResourceInvoker.Rethrow(ResultExecutedContextSealed context)
   at Microsoft.AspNetCore.Mvc.Infrastructure.ResourceInvoker.ResultNext[TFilter,TFilterAsync](State& next, Scope& scope, Object& state, Boolean& isCompleted)
   at Microsoft.AspNetCore.Mvc.Infrastructure.ResourceInvoker.InvokeResultFilters()
--- End of stack trace from previous location ---
   at Microsoft.AspNetCore.Mvc.Infrastructure.ResourceInvoker.<InvokeFilterPipelineAsync>g__Awaited|20_0(ResourceInvoker invoker, Task lastTask, State next, Scope scope, Object state, Boolean isCompleted)
   at Microsoft.AspNetCore.Mvc.Infrastructure.ResourceInvoker.<InvokeAsync>g__Awaited|17_0(ResourceInvoker invoker, Task task, IDisposable scope)
   at Microsoft.AspNetCore.Mvc.Infrastructure.ResourceInvoker.<InvokeAsync>g__Awaited|17_0(ResourceInvoker invoker, Task task, IDisposable scope)
   at Swashbuckle.AspNetCore.SwaggerUI.SwaggerUIMiddleware.Invoke(HttpContext httpContext)
   at Swashbuckle.AspNetCore.Swagger.SwaggerMiddleware.Invoke(HttpContext httpContext, ISwaggerProvider swaggerProvider)
   at Microsoft.AspNetCore.Authorization.AuthorizationMiddleware.Invoke(HttpContext context)
   at Microsoft.AspNetCore.Authentication.AuthenticationMiddleware.Invoke(HttpContext context)
   at Microsoft.AspNetCore.RateLimiting.RateLimitingMiddleware.InvokeInternal(HttpContext context, EnableRateLimitingAttribute enableRateLimitingAttribute)
   at Serilog.AspNetCore.RequestLoggingMiddleware.Invoke(HttpContext httpContext)
   at Microsoft.AspNetCore.Diagnostics.DeveloperExceptionPageMiddlewareImpl.Invoke(HttpContext context)
[2026-09-20 11:01:35.118 +05:30 ERR] Microsoft.AspNetCore.Diagnostics.DeveloperExceptionPageMiddleware: An unhandled exception has occurred while executing the request.
System.InvalidOperationException: The PipeWriter 'ResponseBodyPipeWriter' does not implement PipeWriter.UnflushedBytes.
   at System.Text.Json.ThrowHelper.ThrowInvalidOperationException_PipeWriterDoesNotImplementUnflushedBytes(PipeWriter pipeWriter)
   at System.Text.Json.Serialization.Metadata.JsonTypeInfo`1.SerializeAsync(PipeWriter pipeWriter, T rootValue, Int32 flushThreshold, CancellationToken cancellationToken, Object rootValueBoxed)
   at Microsoft.AspNetCore.Mvc.Formatters.SystemTextJsonOutputFormatter.WriteResponseBodyAsync(OutputFormatterWriteContext context, Encoding selectedEncoding)
   at Microsoft.AspNetCore.Mvc.Infrastructure.ResourceInvoker.<InvokeNextResultFilterAsync>g__Awaited|30_0[TFilter,TFilterAsync](ResourceInvoker invoker, Task lastTask, State next, Scope scope, Object state, Boolean isCompleted)
   at Microsoft.AspNetCore.Mvc.Infrastructure.ResourceInvoker.Rethrow(ResultExecutedContextSealed context)
   at Microsoft.AspNetCore.Mvc.Infrastructure.ResourceInvoker.ResultNext[TFilter,TFilterAsync](State& next, Scope& scope, Object& state, Boolean& isCompleted)
   at Microsoft.AspNetCore.Mvc.Infrastructure.ResourceInvoker.InvokeResultFilters()
--- End of stack trace from previous location ---
   at Microsoft.AspNetCore.Mvc.Infrastructure.ResourceInvoker.<InvokeFilterPipelineAsync>g__Awaited|20_0(ResourceInvoker invoker, Task lastTask, State next, Scope scope, Object state, Boolean isCompleted)
   at Microsoft.AspNetCore.Mvc.Infrastructure.ResourceInvoker.<InvokeAsync>g__Awaited|17_0(ResourceInvoker invoker, Task task, IDisposable scope)
   at Microsoft.AspNetCore.Mvc.Infrastructure.ResourceInvoker.<InvokeAsync>g__Awaited|17_0(ResourceInvoker invoker, Task task, IDisposable scope)
   at Swashbuckle.AspNetCore.SwaggerUI.SwaggerUIMiddleware.Invoke(HttpContext httpContext)
   at Swashbuckle.AspNetCore.Swagger.SwaggerMiddleware.Invoke(HttpContext httpContext, ISwaggerProvider swaggerProvider)
   at Microsoft.AspNetCore.Authorization.AuthorizationMiddleware.Invoke(HttpContext context)
   at Microsoft.AspNetCore.Authentication.AuthenticationMiddleware.Invoke(HttpContext context)
   at Microsoft.AspNetCore.RateLimiting.RateLimitingMiddleware.InvokeInternal(HttpContext context, EnableRateLimitingAttribute enableRateLimitingAttribute)
   at Serilog.AspNetCore.RequestLoggingMiddleware.Invoke(HttpContext httpContext)
   at Microsoft.AspNetCore.Diagnostics.DeveloperExceptionPageMiddlewareImpl.Invoke(HttpContext context)
[2026-09-20 11:01:35.133 +05:30 INF] Serilog.AspNetCore.RequestLoggingMiddleware: HTTP POST /api/users responded 401 in 2.5150 ms
[2026-09-20 11:01:35.137 +05:30 INF] Serilog.AspNetCore.RequestLoggingMiddleware: HTTP GET /api/users responded 401 in 1.8267 ms
[2026-09-20 11:01:35.141 +05:30 WRN] Kestrel.Api.Controllers.AuthController: Audit: login failed (unknown user) for ghost_18eb852bc5914a94835993d44575939a from unknown
[2026-09-20 11:01:35.143 +05:30 ERR] Serilog.AspNetCore.RequestLoggingMiddleware: HTTP POST /api/auth/login responded 500 in 3.6124 ms
System.InvalidOperationException: The PipeWriter 'ResponseBodyPipeWriter' does not implement PipeWriter.UnflushedBytes.
   at System.Text.Json.ThrowHelper.ThrowInvalidOperationException_PipeWriterDoesNotImplementUnflushedBytes(PipeWriter pipeWriter)
   at System.Text.Json.Serialization.Metadata.JsonTypeInfo`1.SerializeAsync(PipeWriter pipeWriter, T rootValue, Int32 flushThreshold, CancellationToken cancellationToken, Object rootValueBoxed)
   at Microsoft.AspNetCore.Mvc.Formatters.SystemTextJsonOutputFormatter.WriteResponseBodyAsync(OutputFormatterWriteContext context, Encoding selectedEncoding)
   at Microsoft.AspNetCore.Mvc.Infrastructure.ResourceInvoker.<InvokeNextResultFilterAsync>g__Awaited|30_0[TFilter,TFilterAsync](ResourceInvoker invoker, Task lastTask, State next, Scope scope, Object state, Boolean isCompleted)
   at Microsoft.AspNetCore.Mvc.Infrastructure.ResourceInvoker.Rethrow(ResultExecutedContextSealed context)
   at Microsoft.AspNetCore.Mvc.Infrastructure.ResourceInvoker.ResultNext[TFilter,TFilterAsync](State& next, Scope& scope, Object& state, Boolean& isCompleted)
   at Microsoft.AspNetCore.Mvc.Infrastructure.ResourceInvoker.InvokeResultFilters()
--- End of stack trace from previous location ---
   at Microsoft.AspNetCore.Mvc.Infrastructure.ResourceInvoker.<InvokeFilterPipelineAsync>g__Awaited|20_0(ResourceInvoker invoker, Task lastTask, State next, Scope scope, Object state, Boolean isCompleted)
   at Microsoft.AspNetCore.Mvc.Infrastructure.ResourceInvoker.<InvokeAsync>g__Awaited|17_0(ResourceInvoker invoker, Task task, IDisposable scope)
   at Microsoft.AspNetCore.Mvc.Infrastructure.ResourceInvoker.<InvokeAsync>g__Awaited|17_0(ResourceInvoker invoker, Task task, IDisposable scope)
   at Swashbuckle.AspNetCore.SwaggerUI.SwaggerUIMiddleware.Invoke(HttpContext httpContext)
   at Swashbuckle.AspNetCore.Swagger.SwaggerMiddleware.Invoke(HttpContext httpContext, ISwaggerProvider swaggerProvider)
   at Microsoft.AspNetCore.Authorization.AuthorizationMiddleware.Invoke(HttpContext context)
   at Microsoft.AspNetCore.Authentication.AuthenticationMiddleware.Invoke(HttpContext context)
   at Microsoft.AspNetCore.RateLimiting.RateLimitingMiddleware.InvokeInternal(HttpContext context, EnableRateLimitingAttribute enableRateLimitingAttribute)
   at Serilog.AspNetCore.RequestLoggingMiddleware.Invoke(HttpContext httpContext)
[2026-09-20 11:01:35.144 +05:30 ERR] Microsoft.AspNetCore.Diagnostics.DeveloperExceptionPageMiddleware: An unhandled exception has occurred while executing the request.
System.InvalidOperationException: The PipeWriter 'ResponseBodyPipeWriter' does not implement PipeWriter.UnflushedBytes.
   at System.Text.Json.ThrowHelper.ThrowInvalidOperationException_PipeWriterDoesNotImplementUnflushedBytes(PipeWriter pipeWriter)
   at System.Text.Json.Serialization.Metadata.JsonTypeInfo`1.SerializeAsync(PipeWriter pipeWriter, T rootValue, Int32 flushThreshold, CancellationToken cancellationToken, Object rootValueBoxed)
   at Microsoft.AspNetCore.Mvc.Formatters.SystemTextJsonOutputFormatter.WriteResponseBodyAsync(OutputFormatterWriteContext context, Encoding selectedEncoding)
   at Microsoft.AspNetCore.Mvc.Infrastructure.ResourceInvoker.<InvokeNextResultFilterAsync>g__Awaited|30_0[TFilter,TFilterAsync](ResourceInvoker invoker, Task lastTask, State next, Scope scope, Object state, Boolean isCompleted)
   at Microsoft.AspNetCore.Mvc.Infrastructure.ResourceInvoker.Rethrow(ResultExecutedContextSealed context)
   at Microsoft.AspNetCore.Mvc.Infrastructure.ResourceInvoker.ResultNext[TFilter,TFilterAsync](State& next, Scope& scope, Object& state, Boolean& isCompleted)
   at Microsoft.AspNetCore.Mvc.Infrastructure.ResourceInvoker.InvokeResultFilters()
--- End of stack trace from previous location ---
   at Microsoft.AspNetCore.Mvc.Infrastructure.ResourceInvoker.<InvokeFilterPipelineAsync>g__Awaited|20_0(ResourceInvoker invoker, Task lastTask, State next, Scope scope, Object state, Boolean isCompleted)
   at Microsoft.AspNetCore.Mvc.Infrastructure.ResourceInvoker.<InvokeAsync>g__Awaited|17_0(ResourceInvoker invoker, Task task, IDisposable scope)
   at Microsoft.AspNetCore.Mvc.Infrastructure.ResourceInvoker.<InvokeAsync>g__Awaited|17_0(ResourceInvoker invoker, Task task, IDisposable scope)
   at Swashbuckle.AspNetCore.SwaggerUI.SwaggerUIMiddleware.Invoke(HttpContext httpContext)
   at Swashbuckle.AspNetCore.Swagger.SwaggerMiddleware.Invoke(HttpContext httpContext, ISwaggerProvider swaggerProvider)
   at Microsoft.AspNetCore.Authorization.AuthorizationMiddleware.Invoke(HttpContext context)
   at Microsoft.AspNetCore.Authentication.AuthenticationMiddleware.Invoke(HttpContext context)
   at Microsoft.AspNetCore.RateLimiting.RateLimitingMiddleware.InvokeInternal(HttpContext context, EnableRateLimitingAttribute enableRateLimitingAttribute)
   at Serilog.AspNetCore.RequestLoggingMiddleware.Invoke(HttpContext httpContext)
   at Microsoft.AspNetCore.Diagnostics.DeveloperExceptionPageMiddlewareImpl.Invoke(HttpContext context)
[2026-09-20 11:01:35.218 +05:30 INF] Kestrel.Api.Controllers.AuthController: Audit: login succeeded for admin (2e6fde3a-ec6b-43d5-86ae-3ca9ced8e6f4) from unknown
[2026-09-20 11:01:35.218 +05:30 ERR] Serilog.AspNetCore.RequestLoggingMiddleware: HTTP POST /api/auth/login responded 500 in 87.5864 ms
System.InvalidOperationException: The PipeWriter 'ResponseBodyPipeWriter' does not implement PipeWriter.UnflushedBytes.
   at System.Text.Json.ThrowHelper.ThrowInvalidOperationException_PipeWriterDoesNotImplementUnflushedBytes(PipeWriter pipeWriter)
   at System.Text.Json.Serialization.Metadata.JsonTypeInfo`1.SerializeAsync(PipeWriter pipeWriter, T rootValue, Int32 flushThreshold, CancellationToken cancellationToken, Object rootValueBoxed)
   at Microsoft.AspNetCore.Mvc.Formatters.SystemTextJsonOutputFormatter.WriteResponseBodyAsync(OutputFormatterWriteContext context, Encoding selectedEncoding)
   at Microsoft.AspNetCore.Mvc.Infrastructure.ResourceInvoker.<InvokeNextResultFilterAsync>g__Awaited|30_0[TFilter,TFilterAsync](ResourceInvoker invoker, Task lastTask, State next, Scope scope, Object state, Boolean isCompleted)
   at Microsoft.AspNetCore.Mvc.Infrastructure.ResourceInvoker.Rethrow(ResultExecutedContextSealed context)
   at Microsoft.AspNetCore.Mvc.Infrastructure.ResourceInvoker.ResultNext[TFilter,TFilterAsync](State& next, Scope& scope, Object& state, Boolean& isCompleted)
   at Microsoft.AspNetCore.Mvc.Infrastructure.ResourceInvoker.InvokeResultFilters()
--- End of stack trace from previous location ---
   at Microsoft.AspNetCore.Mvc.Infrastructure.ResourceInvoker.<InvokeFilterPipelineAsync>g__Awaited|20_0(ResourceInvoker invoker, Task lastTask, State next, Scope scope, Object state, Boolean isCompleted)
   at Microsoft.AspNetCore.Mvc.Infrastructure.ResourceInvoker.<InvokeAsync>g__Awaited|17_0(ResourceInvoker invoker, Task task, IDisposable scope)
   at Microsoft.AspNetCore.Mvc.Infrastructure.ResourceInvoker.<InvokeAsync>g__Awaited|17_0(ResourceInvoker invoker, Task task, IDisposable scope)
   at Swashbuckle.AspNetCore.SwaggerUI.SwaggerUIMiddleware.Invoke(HttpContext httpContext)
   at Swashbuckle.AspNetCore.Swagger.SwaggerMiddleware.Invoke(HttpContext httpContext, ISwaggerProvider swaggerProvider)
   at Microsoft.AspNetCore.Authorization.AuthorizationMiddleware.Invoke(HttpContext context)
   at Microsoft.AspNetCore.Authentication.AuthenticationMiddleware.Invoke(HttpContext context)
   at Microsoft.AspNetCore.RateLimiting.RateLimitingMiddleware.InvokeInternal(HttpContext context, EnableRateLimitingAttribute enableRateLimitingAttribute)
   at Serilog.AspNetCore.RequestLoggingMiddleware.Invoke(HttpContext httpContext)
[2026-09-20 11:01:35.220 +05:30 ERR] Microsoft.AspNetCore.Diagnostics.DeveloperExceptionPageMiddleware: An unhandled exception has occurred while executing the request.
System.InvalidOperationException: The PipeWriter 'ResponseBodyPipeWriter' does not implement PipeWriter.UnflushedBytes.
   at System.Text.Json.ThrowHelper.ThrowInvalidOperationException_PipeWriterDoesNotImplementUnflushedBytes(PipeWriter pipeWriter)
   at System.Text.Json.Serialization.Metadata.JsonTypeInfo`1.SerializeAsync(PipeWriter pipeWriter, T rootValue, Int32 flushThreshold, CancellationToken cancellationToken, Object rootValueBoxed)
   at Microsoft.AspNetCore.Mvc.Formatters.SystemTextJsonOutputFormatter.WriteResponseBodyAsync(OutputFormatterWriteContext context, Encoding selectedEncoding)
   at Microsoft.AspNetCore.Mvc.Infrastructure.ResourceInvoker.<InvokeNextResultFilterAsync>g__Awaited|30_0[TFilter,TFilterAsync](ResourceInvoker invoker, Task lastTask, State next, Scope scope, Object state, Boolean isCompleted)
   at Microsoft.AspNetCore.Mvc.Infrastructure.ResourceInvoker.Rethrow(ResultExecutedContextSealed context)
   at Microsoft.AspNetCore.Mvc.Infrastructure.ResourceInvoker.ResultNext[TFilter,TFilterAsync](State& next, Scope& scope, Object& state, Boolean& isCompleted)
   at Microsoft.AspNetCore.Mvc.Infrastructure.ResourceInvoker.InvokeResultFilters()
--- End of stack trace from previous location ---
   at Microsoft.AspNetCore.Mvc.Infrastructure.ResourceInvoker.<InvokeFilterPipelineAsync>g__Awaited|20_0(ResourceInvoker invoker, Task lastTask, State next, Scope scope, Object state, Boolean isCompleted)
   at Microsoft.AspNetCore.Mvc.Infrastructure.ResourceInvoker.<InvokeAsync>g__Awaited|17_0(ResourceInvoker invoker, Task task, IDisposable scope)
   at Microsoft.AspNetCore.Mvc.Infrastructure.ResourceInvoker.<InvokeAsync>g__Awaited|17_0(ResourceInvoker invoker, Task task, IDisposable scope)
   at Swashbuckle.AspNetCore.SwaggerUI.SwaggerUIMiddleware.Invoke(HttpContext httpContext)
   at Swashbuckle.AspNetCore.Swagger.SwaggerMiddleware.Invoke(HttpContext httpContext, ISwaggerProvider swaggerProvider)
   at Microsoft.AspNetCore.Authorization.AuthorizationMiddleware.Invoke(HttpContext context)
   at Microsoft.AspNetCore.Authentication.AuthenticationMiddleware.Invoke(HttpContext context)
   at Microsoft.AspNetCore.RateLimiting.RateLimitingMiddleware.InvokeInternal(HttpContext context, EnableRateLimitingAttribute enableRateLimitingAttribute)
   at Serilog.AspNetCore.RequestLoggingMiddleware.Invoke(HttpContext httpContext)
   at Microsoft.AspNetCore.Diagnostics.DeveloperExceptionPageMiddlewareImpl.Invoke(HttpContext context)
[2026-09-20 11:01:35.232 +05:30 INF] Kestrel.Api.Controllers.AuthController: Audit: login succeeded for admin (e3550f4a-b7ff-40a3-87ed-1d07544bfc10) from unknown
[2026-09-20 11:01:35.233 +05:30 ERR] Serilog.AspNetCore.RequestLoggingMiddleware: HTTP POST /api/auth/login responded 500 in 98.7596 ms
System.InvalidOperationException: The PipeWriter 'ResponseBodyPipeWriter' does not implement PipeWriter.UnflushedBytes.
   at System.Text.Json.ThrowHelper.ThrowInvalidOperationException_PipeWriterDoesNotImplementUnflushedBytes(PipeWriter pipeWriter)
   at System.Text.Json.Serialization.Metadata.JsonTypeInfo`1.SerializeAsync(PipeWriter pipeWriter, T rootValue, Int32 flushThreshold, CancellationToken cancellationToken, Object rootValueBoxed)
   at Microsoft.AspNetCore.Mvc.Formatters.SystemTextJsonOutputFormatter.WriteResponseBodyAsync(OutputFormatterWriteContext context, Encoding selectedEncoding)
   at Microsoft.AspNetCore.Mvc.Infrastructure.ResourceInvoker.<InvokeNextResultFilterAsync>g__Awaited|30_0[TFilter,TFilterAsync](ResourceInvoker invoker, Task lastTask, State next, Scope scope, Object state, Boolean isCompleted)
   at Microsoft.AspNetCore.Mvc.Infrastructure.ResourceInvoker.Rethrow(ResultExecutedContextSealed context)
   at Microsoft.AspNetCore.Mvc.Infrastructure.ResourceInvoker.ResultNext[TFilter,TFilterAsync](State& next, Scope& scope, Object& state, Boolean& isCompleted)
   at Microsoft.AspNetCore.Mvc.Infrastructure.ResourceInvoker.InvokeResultFilters()
--- End of stack trace from previous location ---
   at Microsoft.AspNetCore.Mvc.Infrastructure.ResourceInvoker.<InvokeFilterPipelineAsync>g__Awaited|20_0(ResourceInvoker invoker, Task lastTask, State next, Scope scope, Object state, Boolean isCompleted)
   at Microsoft.AspNetCore.Mvc.Infrastructure.ResourceInvoker.<InvokeAsync>g__Awaited|17_0(ResourceInvoker invoker, Task task, IDisposable scope)
   at Microsoft.AspNetCore.Mvc.Infrastructure.ResourceInvoker.<InvokeAsync>g__Awaited|17_0(ResourceInvoker invoker, Task task, IDisposable scope)
   at Swashbuckle.AspNetCore.SwaggerUI.SwaggerUIMiddleware.Invoke(HttpContext httpContext)
   at Swashbuckle.AspNetCore.Swagger.SwaggerMiddleware.Invoke(HttpContext httpContext, ISwaggerProvider swaggerProvider)
   at Microsoft.AspNetCore.Authorization.AuthorizationMiddleware.Invoke(HttpContext context)
   at Microsoft.AspNetCore.Authentication.AuthenticationMiddleware.Invoke(HttpContext context)
   at Microsoft.AspNetCore.RateLimiting.RateLimitingMiddleware.InvokeInternal(HttpContext context, EnableRateLimitingAttribute enableRateLimitingAttribute)
   at Serilog.AspNetCore.RequestLoggingMiddleware.Invoke(HttpContext httpContext)
[2026-09-20 11:01:35.234 +05:30 ERR] Microsoft.AspNetCore.Diagnostics.DeveloperExceptionPageMiddleware: An unhandled exception has occurred while executing the request.
System.InvalidOperationException: The PipeWriter 'ResponseBodyPipeWriter' does not implement PipeWriter.UnflushedBytes.
   at System.Text.Json.ThrowHelper.ThrowInvalidOperationException_PipeWriterDoesNotImplementUnflushedBytes(PipeWriter pipeWriter)
   at System.Text.Json.Serialization.Metadata.JsonTypeInfo`1.SerializeAsync(PipeWriter pipeWriter, T rootValue, Int32 flushThreshold, CancellationToken cancellationToken, Object rootValueBoxed)
   at Microsoft.AspNetCore.Mvc.Formatters.SystemTextJsonOutputFormatter.WriteResponseBodyAsync(OutputFormatterWriteContext context, Encoding selectedEncoding)
   at Microsoft.AspNetCore.Mvc.Infrastructure.ResourceInvoker.<InvokeNextResultFilterAsync>g__Awaited|30_0[TFilter,TFilterAsync](ResourceInvoker invoker, Task lastTask, State next, Scope scope, Object state, Boolean isCompleted)
   at Microsoft.AspNetCore.Mvc.Infrastructure.ResourceInvoker.Rethrow(ResultExecutedContextSealed context)
   at Microsoft.AspNetCore.Mvc.Infrastructure.ResourceInvoker.ResultNext[TFilter,TFilterAsync](State& next, Scope& scope, Object& state, Boolean& isCompleted)
   at Microsoft.AspNetCore.Mvc.Infrastructure.ResourceInvoker.InvokeResultFilters()
--- End of stack trace from previous location ---
   at Microsoft.AspNetCore.Mvc.Infrastructure.ResourceInvoker.<InvokeFilterPipelineAsync>g__Awaited|20_0(ResourceInvoker invoker, Task lastTask, State next, Scope scope, Object state, Boolean isCompleted)
   at Microsoft.AspNetCore.Mvc.Infrastructure.ResourceInvoker.<InvokeAsync>g__Awaited|17_0(ResourceInvoker invoker, Task task, IDisposable scope)
   at Microsoft.AspNetCore.Mvc.Infrastructure.ResourceInvoker.<InvokeAsync>g__Awaited|17_0(ResourceInvoker invoker, Task task, IDisposable scope)
   at Swashbuckle.AspNetCore.SwaggerUI.SwaggerUIMiddleware.Invoke(HttpContext httpContext)
   at Swashbuckle.AspNetCore.Swagger.SwaggerMiddleware.Invoke(HttpContext httpContext, ISwaggerProvider swaggerProvider)
   at Microsoft.AspNetCore.Authorization.AuthorizationMiddleware.Invoke(HttpContext context)
   at Microsoft.AspNetCore.Authentication.AuthenticationMiddleware.Invoke(HttpContext context)
   at Microsoft.AspNetCore.RateLimiting.RateLimitingMiddleware.InvokeInternal(HttpContext context, EnableRateLimitingAttribute enableRateLimitingAttribute)
   at Serilog.AspNetCore.RequestLoggingMiddleware.Invoke(HttpContext httpContext)
   at Microsoft.AspNetCore.Diagnostics.DeveloperExceptionPageMiddlewareImpl.Invoke(HttpContext context)
[2026-09-20 11:01:35.281 +05:30 WRN] Kestrel.Api.Controllers.AuthController: Audit: login failed (bad password) for admin from unknown
[2026-09-20 11:01:35.282 +05:30 ERR] Serilog.AspNetCore.RequestLoggingMiddleware: HTTP POST /api/auth/login responded 500 in 135.0112 ms
System.InvalidOperationException: The PipeWriter 'ResponseBodyPipeWriter' does not implement PipeWriter.UnflushedBytes.
   at System.Text.Json.ThrowHelper.ThrowInvalidOperationException_PipeWriterDoesNotImplementUnflushedBytes(PipeWriter pipeWriter)
   at System.Text.Json.Serialization.Metadata.JsonTypeInfo`1.SerializeAsync(PipeWriter pipeWriter, T rootValue, Int32 flushThreshold, CancellationToken cancellationToken, Object rootValueBoxed)
   at Microsoft.AspNetCore.Mvc.Formatters.SystemTextJsonOutputFormatter.WriteResponseBodyAsync(OutputFormatterWriteContext context, Encoding selectedEncoding)
   at Microsoft.AspNetCore.Mvc.Infrastructure.ResourceInvoker.<InvokeNextResultFilterAsync>g__Awaited|30_0[TFilter,TFilterAsync](ResourceInvoker invoker, Task lastTask, State next, Scope scope, Object state, Boolean isCompleted)
   at Microsoft.AspNetCore.Mvc.Infrastructure.ResourceInvoker.Rethrow(ResultExecutedContextSealed context)
   at Microsoft.AspNetCore.Mvc.Infrastructure.ResourceInvoker.ResultNext[TFilter,TFilterAsync](State& next, Scope& scope, Object& state, Boolean& isCompleted)
   at Microsoft.AspNetCore.Mvc.Infrastructure.ResourceInvoker.InvokeResultFilters()
--- End of stack trace from previous location ---
   at Microsoft.AspNetCore.Mvc.Infrastructure.ResourceInvoker.<InvokeFilterPipelineAsync>g__Awaited|20_0(ResourceInvoker invoker, Task lastTask, State next, Scope scope, Object state, Boolean isCompleted)
   at Microsoft.AspNetCore.Mvc.Infrastructure.ResourceInvoker.<InvokeAsync>g__Awaited|17_0(ResourceInvoker invoker, Task task, IDisposable scope)
   at Microsoft.AspNetCore.Mvc.Infrastructure.ResourceInvoker.<InvokeAsync>g__Awaited|17_0(ResourceInvoker invoker, Task task, IDisposable scope)
   at Swashbuckle.AspNetCore.SwaggerUI.SwaggerUIMiddleware.Invoke(HttpContext httpContext)
   at Swashbuckle.AspNetCore.Swagger.SwaggerMiddleware.Invoke(HttpContext httpContext, ISwaggerProvider swaggerProvider)
   at Microsoft.AspNetCore.Authorization.AuthorizationMiddleware.Invoke(HttpContext context)
   at Microsoft.AspNetCore.Authentication.AuthenticationMiddleware.Invoke(HttpContext context)
   at Microsoft.AspNetCore.RateLimiting.RateLimitingMiddleware.InvokeInternal(HttpContext context, EnableRateLimitingAttribute enableRateLimitingAttribute)
   at Serilog.AspNetCore.RequestLoggingMiddleware.Invoke(HttpContext httpContext)
[2026-09-20 11:01:35.283 +05:30 ERR] Microsoft.AspNetCore.Diagnostics.DeveloperExceptionPageMiddleware: An unhandled exception has occurred while executing the request.
System.InvalidOperationException: The PipeWriter 'ResponseBodyPipeWriter' does not implement PipeWriter.UnflushedBytes.
   at System.Text.Json.ThrowHelper.ThrowInvalidOperationException_PipeWriterDoesNotImplementUnflushedBytes(PipeWriter pipeWriter)
   at System.Text.Json.Serialization.Metadata.JsonTypeInfo`1.SerializeAsync(PipeWriter pipeWriter, T rootValue, Int32 flushThreshold, CancellationToken cancellationToken, Object rootValueBoxed)
   at Microsoft.AspNetCore.Mvc.Formatters.SystemTextJsonOutputFormatter.WriteResponseBodyAsync(OutputFormatterWriteContext context, Encoding selectedEncoding)
   at Microsoft.AspNetCore.Mvc.Infrastructure.ResourceInvoker.<InvokeNextResultFilterAsync>g__Awaited|30_0[TFilter,TFilterAsync](ResourceInvoker invoker, Task lastTask, State next, Scope scope, Object state, Boolean isCompleted)
   at Microsoft.AspNetCore.Mvc.Infrastructure.ResourceInvoker.Rethrow(ResultExecutedContextSealed context)
   at Microsoft.AspNetCore.Mvc.Infrastructure.ResourceInvoker.ResultNext[TFilter,TFilterAsync](State& next, Scope& scope, Object& state, Boolean& isCompleted)
   at Microsoft.AspNetCore.Mvc.Infrastructure.ResourceInvoker.InvokeResultFilters()
--- End of stack trace from previous location ---
   at Microsoft.AspNetCore.Mvc.Infrastructure.ResourceInvoker.<InvokeFilterPipelineAsync>g__Awaited|20_0(ResourceInvoker invoker, Task lastTask, State next, Scope scope, Object state, Boolean isCompleted)
   at Microsoft.AspNetCore.Mvc.Infrastructure.ResourceInvoker.<InvokeAsync>g__Awaited|17_0(ResourceInvoker invoker, Task task, IDisposable scope)
   at Microsoft.AspNetCore.Mvc.Infrastructure.ResourceInvoker.<InvokeAsync>g__Awaited|17_0(ResourceInvoker invoker, Task task, IDisposable scope)
   at Swashbuckle.AspNetCore.SwaggerUI.SwaggerUIMiddleware.Invoke(HttpContext httpContext)
   at Swashbuckle.AspNetCore.Swagger.SwaggerMiddleware.Invoke(HttpContext httpContext, ISwaggerProvider swaggerProvider)
   at Microsoft.AspNetCore.Authorization.AuthorizationMiddleware.Invoke(HttpContext context)
   at Microsoft.AspNetCore.Authentication.AuthenticationMiddleware.Invoke(HttpContext context)
   at Microsoft.AspNetCore.RateLimiting.RateLimitingMiddleware.InvokeInternal(HttpContext context, EnableRateLimitingAttribute enableRateLimitingAttribute)
   at Serilog.AspNetCore.RequestLoggingMiddleware.Invoke(HttpContext httpContext)
   at Microsoft.AspNetCore.Diagnostics.DeveloperExceptionPageMiddlewareImpl.Invoke(HttpContext context)
[2026-09-20 11:01:35.383 +05:30 INF] Kestrel.Api.Controllers.AuthController: Audit: login succeeded for admin (2e6fde3a-ec6b-43d5-86ae-3ca9ced8e6f4) from unknown
[2026-09-20 11:01:35.384 +05:30 ERR] Serilog.AspNetCore.RequestLoggingMiddleware: HTTP POST /api/auth/login responded 500 in 157.9467 ms
System.InvalidOperationException: The PipeWriter 'ResponseBodyPipeWriter' does not implement PipeWriter.UnflushedBytes.
   at System.Text.Json.ThrowHelper.ThrowInvalidOperationException_PipeWriterDoesNotImplementUnflushedBytes(PipeWriter pipeWriter)
   at System.Text.Json.Serialization.Metadata.JsonTypeInfo`1.SerializeAsync(PipeWriter pipeWriter, T rootValue, Int32 flushThreshold, CancellationToken cancellationToken, Object rootValueBoxed)
   at Microsoft.AspNetCore.Mvc.Formatters.SystemTextJsonOutputFormatter.WriteResponseBodyAsync(OutputFormatterWriteContext context, Encoding selectedEncoding)
   at Microsoft.AspNetCore.Mvc.Infrastructure.ResourceInvoker.<InvokeNextResultFilterAsync>g__Awaited|30_0[TFilter,TFilterAsync](ResourceInvoker invoker, Task lastTask, State next, Scope scope, Object state, Boolean isCompleted)
   at Microsoft.AspNetCore.Mvc.Infrastructure.ResourceInvoker.Rethrow(ResultExecutedContextSealed context)
   at Microsoft.AspNetCore.Mvc.Infrastructure.ResourceInvoker.ResultNext[TFilter,TFilterAsync](State& next, Scope& scope, Object& state, Boolean& isCompleted)
   at Microsoft.AspNetCore.Mvc.Infrastructure.ResourceInvoker.InvokeResultFilters()
--- End of stack trace from previous location ---
   at Microsoft.AspNetCore.Mvc.Infrastructure.ResourceInvoker.<InvokeFilterPipelineAsync>g__Awaited|20_0(ResourceInvoker invoker, Task lastTask, State next, Scope scope, Object state, Boolean isCompleted)
   at Microsoft.AspNetCore.Mvc.Infrastructure.ResourceInvoker.<InvokeAsync>g__Awaited|17_0(ResourceInvoker invoker, Task task, IDisposable scope)
   at Microsoft.AspNetCore.Mvc.Infrastructure.ResourceInvoker.<InvokeAsync>g__Awaited|17_0(ResourceInvoker invoker, Task task, IDisposable scope)
   at Swashbuckle.AspNetCore.SwaggerUI.SwaggerUIMiddleware.Invoke(HttpContext httpContext)
   at Swashbuckle.AspNetCore.Swagger.SwaggerMiddleware.Invoke(HttpContext httpContext, ISwaggerProvider swaggerProvider)
   at Microsoft.AspNetCore.Authorization.AuthorizationMiddleware.Invoke(HttpContext context)
   at Microsoft.AspNetCore.Authentication.AuthenticationMiddleware.Invoke(HttpContext context)
   at Microsoft.AspNetCore.RateLimiting.RateLimitingMiddleware.InvokeInternal(HttpContext context, EnableRateLimitingAttribute enableRateLimitingAttribute)
   at Serilog.AspNetCore.RequestLoggingMiddleware.Invoke(HttpContext httpContext)
[2026-09-20 11:01:35.385 +05:30 ERR] Microsoft.AspNetCore.Diagnostics.DeveloperExceptionPageMiddleware: An unhandled exception has occurred while executing the request.
System.InvalidOperationException: The PipeWriter 'ResponseBodyPipeWriter' does not implement PipeWriter.UnflushedBytes.
   at System.Text.Json.ThrowHelper.ThrowInvalidOperationException_PipeWriterDoesNotImplementUnflushedBytes(PipeWriter pipeWriter)
   at System.Text.Json.Serialization.Metadata.JsonTypeInfo`1.SerializeAsync(PipeWriter pipeWriter, T rootValue, Int32 flushThreshold, CancellationToken cancellationToken, Object rootValueBoxed)
   at Microsoft.AspNetCore.Mvc.Formatters.SystemTextJsonOutputFormatter.WriteResponseBodyAsync(OutputFormatterWriteContext context, Encoding selectedEncoding)
   at Microsoft.AspNetCore.Mvc.Infrastructure.ResourceInvoker.<InvokeNextResultFilterAsync>g__Awaited|30_0[TFilter,TFilterAsync](ResourceInvoker invoker, Task lastTask, State next, Scope scope, Object state, Boolean isCompleted)
   at Microsoft.AspNetCore.Mvc.Infrastructure.ResourceInvoker.Rethrow(ResultExecutedContextSealed context)
   at Microsoft.AspNetCore.Mvc.Infrastructure.ResourceInvoker.ResultNext[TFilter,TFilterAsync](State& next, Scope& scope, Object& state, Boolean& isCompleted)
   at Microsoft.AspNetCore.Mvc.Infrastructure.ResourceInvoker.InvokeResultFilters()
--- End of stack trace from previous location ---
   at Microsoft.AspNetCore.Mvc.Infrastructure.ResourceInvoker.<InvokeFilterPipelineAsync>g__Awaited|20_0(ResourceInvoker invoker, Task lastTask, State next, Scope scope, Object state, Boolean isCompleted)
   at Microsoft.AspNetCore.Mvc.Infrastructure.ResourceInvoker.<InvokeAsync>g__Awaited|17_0(ResourceInvoker invoker, Task task, IDisposable scope)
   at Microsoft.AspNetCore.Mvc.Infrastructure.ResourceInvoker.<InvokeAsync>g__Awaited|17_0(ResourceInvoker invoker, Task task, IDisposable scope)
   at Swashbuckle.AspNetCore.SwaggerUI.SwaggerUIMiddleware.Invoke(HttpContext httpContext)
   at Swashbuckle.AspNetCore.Swagger.SwaggerMiddleware.Invoke(HttpContext httpContext, ISwaggerProvider swaggerProvider)
   at Microsoft.AspNetCore.Authorization.AuthorizationMiddleware.Invoke(HttpContext context)
   at Microsoft.AspNetCore.Authentication.AuthenticationMiddleware.Invoke(HttpContext context)
   at Microsoft.AspNetCore.RateLimiting.RateLimitingMiddleware.InvokeInternal(HttpContext context, EnableRateLimitingAttribute enableRateLimitingAttribute)
   at Serilog.AspNetCore.RequestLoggingMiddleware.Invoke(HttpContext httpContext)
   at Microsoft.AspNetCore.Diagnostics.DeveloperExceptionPageMiddlewareImpl.Invoke(HttpContext context)
[2026-09-20 11:01:35.390 +05:30 INF] Kestrel.Api.Controllers.AuthController: Audit: login succeeded for admin (e3550f4a-b7ff-40a3-87ed-1d07544bfc10) from unknown
[2026-09-20 11:01:35.391 +05:30 ERR] Serilog.AspNetCore.RequestLoggingMiddleware: HTTP POST /api/auth/login responded 500 in 151.7473 ms
System.InvalidOperationException: The PipeWriter 'ResponseBodyPipeWriter' does not implement PipeWriter.UnflushedBytes.
   at System.Text.Json.ThrowHelper.ThrowInvalidOperationException_PipeWriterDoesNotImplementUnflushedBytes(PipeWriter pipeWriter)
   at System.Text.Json.Serialization.Metadata.JsonTypeInfo`1.SerializeAsync(PipeWriter pipeWriter, T rootValue, Int32 flushThreshold, CancellationToken cancellationToken, Object rootValueBoxed)
   at Microsoft.AspNetCore.Mvc.Formatters.SystemTextJsonOutputFormatter.WriteResponseBodyAsync(OutputFormatterWriteContext context, Encoding selectedEncoding)
   at Microsoft.AspNetCore.Mvc.Infrastructure.ResourceInvoker.<InvokeNextResultFilterAsync>g__Awaited|30_0[TFilter,TFilterAsync](ResourceInvoker invoker, Task lastTask, State next, Scope scope, Object state, Boolean isCompleted)
   at Microsoft.AspNetCore.Mvc.Infrastructure.ResourceInvoker.Rethrow(ResultExecutedContextSealed context)
   at Microsoft.AspNetCore.Mvc.Infrastructure.ResourceInvoker.ResultNext[TFilter,TFilterAsync](State& next, Scope& scope, Object& state, Boolean& isCompleted)
   at Microsoft.AspNetCore.Mvc.Infrastructure.ResourceInvoker.InvokeResultFilters()
--- End of stack trace from previous location ---
   at Microsoft.AspNetCore.Mvc.Infrastructure.ResourceInvoker.<InvokeFilterPipelineAsync>g__Awaited|20_0(ResourceInvoker invoker, Task lastTask, State next, Scope scope, Object state, Boolean isCompleted)
   at Microsoft.AspNetCore.Mvc.Infrastructure.ResourceInvoker.<InvokeAsync>g__Awaited|17_0(ResourceInvoker invoker, Task task, IDisposable scope)
   at Microsoft.AspNetCore.Mvc.Infrastructure.ResourceInvoker.<InvokeAsync>g__Awaited|17_0(ResourceInvoker invoker, Task task, IDisposable scope)
   at Swashbuckle.AspNetCore.SwaggerUI.SwaggerUIMiddleware.Invoke(HttpContext httpContext)
   at Swashbuckle.AspNetCore.Swagger.SwaggerMiddleware.Invoke(HttpContext httpContext, ISwaggerProvider swaggerProvider)
   at Microsoft.AspNetCore.Authorization.AuthorizationMiddleware.Invoke(HttpContext context)
   at Microsoft.AspNetCore.Authentication.AuthenticationMiddleware.Invoke(HttpContext context)
   at Microsoft.AspNetCore.RateLimiting.RateLimitingMiddleware.InvokeInternal(HttpContext context, EnableRateLimitingAttribute enableRateLimitingAttribute)
   at Serilog.AspNetCore.RequestLoggingMiddleware.Invoke(HttpContext httpContext)
[2026-09-20 11:01:35.392 +05:30 ERR] Microsoft.AspNetCore.Diagnostics.DeveloperExceptionPageMiddleware: An unhandled exception has occurred while executing the request.
System.InvalidOperationException: The PipeWriter 'ResponseBodyPipeWriter' does not implement PipeWriter.UnflushedBytes.
   at System.Text.Json.ThrowHelper.ThrowInvalidOperationException_PipeWriterDoesNotImplementUnflushedBytes(PipeWriter pipeWriter)
   at System.Text.Json.Serialization.Metadata.JsonTypeInfo`1.SerializeAsync(PipeWriter pipeWriter, T rootValue, Int32 flushThreshold, CancellationToken cancellationToken, Object rootValueBoxed)
   at Microsoft.AspNetCore.Mvc.Formatters.SystemTextJsonOutputFormatter.WriteResponseBodyAsync(OutputFormatterWriteContext context, Encoding selectedEncoding)
   at Microsoft.AspNetCore.Mvc.Infrastructure.ResourceInvoker.<InvokeNextResultFilterAsync>g__Awaited|30_0[TFilter,TFilterAsync](ResourceInvoker invoker, Task lastTask, State next, Scope scope, Object state, Boolean isCompleted)
   at Microsoft.AspNetCore.Mvc.Infrastructure.ResourceInvoker.Rethrow(ResultExecutedContextSealed context)
   at Microsoft.AspNetCore.Mvc.Infrastructure.ResourceInvoker.ResultNext[TFilter,TFilterAsync](State& next, Scope& scope, Object& state, Boolean& isCompleted)
   at Microsoft.AspNetCore.Mvc.Infrastructure.ResourceInvoker.InvokeResultFilters()
--- End of stack trace from previous location ---
   at Microsoft.AspNetCore.Mvc.Infrastructure.ResourceInvoker.<InvokeFilterPipelineAsync>g__Awaited|20_0(ResourceInvoker invoker, Task lastTask, State next, Scope scope, Object state, Boolean isCompleted)
   at Microsoft.AspNetCore.Mvc.Infrastructure.ResourceInvoker.<InvokeAsync>g__Awaited|17_0(ResourceInvoker invoker, Task task, IDisposable scope)
   at Microsoft.AspNetCore.Mvc.Infrastructure.ResourceInvoker.<InvokeAsync>g__Awaited|17_0(ResourceInvoker invoker, Task task, IDisposable scope)
   at Swashbuckle.AspNetCore.SwaggerUI.SwaggerUIMiddleware.Invoke(HttpContext httpContext)
   at Swashbuckle.AspNetCore.Swagger.SwaggerMiddleware.Invoke(HttpContext httpContext, ISwaggerProvider swaggerProvider)
   at Microsoft.AspNetCore.Authorization.AuthorizationMiddleware.Invoke(HttpContext context)
   at Microsoft.AspNetCore.Authentication.AuthenticationMiddleware.Invoke(HttpContext context)
   at Microsoft.AspNetCore.RateLimiting.RateLimitingMiddleware.InvokeInternal(HttpContext context, EnableRateLimitingAttribute enableRateLimitingAttribute)
   at Serilog.AspNetCore.RequestLoggingMiddleware.Invoke(HttpContext httpContext)
   at Microsoft.AspNetCore.Diagnostics.DeveloperExceptionPageMiddlewareImpl.Invoke(HttpContext context)
[2026-09-20 11:01:35.395 +05:30 INF] Serilog.AspNetCore.RequestLoggingMiddleware: HTTP GET /api/users responded 401 in 0.1924 ms
[2026-09-20 11:01:35.416 +05:30 INF] Kestrel.Api.Controllers.AuthController: Audit: login succeeded for admin (2f4f5483-9d32-436b-ade1-1abccaceac3c) from unknown
[2026-09-20 11:01:35.416 +05:30 ERR] Serilog.AspNetCore.RequestLoggingMiddleware: HTTP POST /api/auth/login responded 500 in 113.3584 ms
System.InvalidOperationException: The PipeWriter 'ResponseBodyPipeWriter' does not implement PipeWriter.UnflushedBytes.
   at System.Text.Json.ThrowHelper.ThrowInvalidOperationException_PipeWriterDoesNotImplementUnflushedBytes(PipeWriter pipeWriter)
   at System.Text.Json.Serialization.Metadata.JsonTypeInfo`1.SerializeAsync(PipeWriter pipeWriter, T rootValue, Int32 flushThreshold, CancellationToken cancellationToken, Object rootValueBoxed)
   at Microsoft.AspNetCore.Mvc.Formatters.SystemTextJsonOutputFormatter.WriteResponseBodyAsync(OutputFormatterWriteContext context, Encoding selectedEncoding)
   at Microsoft.AspNetCore.Mvc.Infrastructure.ResourceInvoker.<InvokeNextResultFilterAsync>g__Awaited|30_0[TFilter,TFilterAsync](ResourceInvoker invoker, Task lastTask, State next, Scope scope, Object state, Boolean isCompleted)
   at Microsoft.AspNetCore.Mvc.Infrastructure.ResourceInvoker.Rethrow(ResultExecutedContextSealed context)
   at Microsoft.AspNetCore.Mvc.Infrastructure.ResourceInvoker.ResultNext[TFilter,TFilterAsync](State& next, Scope& scope, Object& state, Boolean& isCompleted)
   at Microsoft.AspNetCore.Mvc.Infrastructure.ResourceInvoker.InvokeResultFilters()
--- End of stack trace from previous location ---
   at Microsoft.AspNetCore.Mvc.Infrastructure.ResourceInvoker.<InvokeFilterPipelineAsync>g__Awaited|20_0(ResourceInvoker invoker, Task lastTask, State next, Scope scope, Object state, Boolean isCompleted)
   at Microsoft.AspNetCore.Mvc.Infrastructure.ResourceInvoker.<InvokeAsync>g__Awaited|17_0(ResourceInvoker invoker, Task task, IDisposable scope)
   at Microsoft.AspNetCore.Mvc.Infrastructure.ResourceInvoker.<InvokeAsync>g__Awaited|17_0(ResourceInvoker invoker, Task task, IDisposable scope)
   at Swashbuckle.AspNetCore.SwaggerUI.SwaggerUIMiddleware.Invoke(HttpContext httpContext)
   at Swashbuckle.AspNetCore.Swagger.SwaggerMiddleware.Invoke(HttpContext httpContext, ISwaggerProvider swaggerProvider)
   at Microsoft.AspNetCore.Authorization.AuthorizationMiddleware.Invoke(HttpContext context)
   at Microsoft.AspNetCore.Authentication.AuthenticationMiddleware.Invoke(HttpContext context)
   at Microsoft.AspNetCore.RateLimiting.RateLimitingMiddleware.InvokeInternal(HttpContext context, EnableRateLimitingAttribute enableRateLimitingAttribute)
   at Serilog.AspNetCore.RequestLoggingMiddleware.Invoke(HttpContext httpContext)
[2026-09-20 11:01:35.417 +05:30 ERR] Microsoft.AspNetCore.Diagnostics.DeveloperExceptionPageMiddleware: An unhandled exception has occurred while executing the request.
System.InvalidOperationException: The PipeWriter 'ResponseBodyPipeWriter' does not implement PipeWriter.UnflushedBytes.
   at System.Text.Json.ThrowHelper.ThrowInvalidOperationException_PipeWriterDoesNotImplementUnflushedBytes(PipeWriter pipeWriter)
   at System.Text.Json.Serialization.Metadata.JsonTypeInfo`1.SerializeAsync(PipeWriter pipeWriter, T rootValue, Int32 flushThreshold, CancellationToken cancellationToken, Object rootValueBoxed)
   at Microsoft.AspNetCore.Mvc.Formatters.SystemTextJsonOutputFormatter.WriteResponseBodyAsync(OutputFormatterWriteContext context, Encoding selectedEncoding)
   at Microsoft.AspNetCore.Mvc.Infrastructure.ResourceInvoker.<InvokeNextResultFilterAsync>g__Awaited|30_0[TFilter,TFilterAsync](ResourceInvoker invoker, Task lastTask, State next, Scope scope, Object state, Boolean isCompleted)
   at Microsoft.AspNetCore.Mvc.Infrastructure.ResourceInvoker.Rethrow(ResultExecutedContextSealed context)
   at Microsoft.AspNetCore.Mvc.Infrastructure.ResourceInvoker.ResultNext[TFilter,TFilterAsync](State& next, Scope& scope, Object& state, Boolean& isCompleted)
   at Microsoft.AspNetCore.Mvc.Infrastructure.ResourceInvoker.InvokeResultFilters()
--- End of stack trace from previous location ---
   at Microsoft.AspNetCore.Mvc.Infrastructure.ResourceInvoker.<InvokeFilterPipelineAsync>g__Awaited|20_0(ResourceInvoker invoker, Task lastTask, State next, Scope scope, Object state, Boolean isCompleted)
   at Microsoft.AspNetCore.Mvc.Infrastructure.ResourceInvoker.<InvokeAsync>g__Awaited|17_0(ResourceInvoker invoker, Task task, IDisposable scope)
   at Microsoft.AspNetCore.Mvc.Infrastructure.ResourceInvoker.<InvokeAsync>g__Awaited|17_0(ResourceInvoker invoker, Task task, IDisposable scope)
   at Swashbuckle.AspNetCore.SwaggerUI.SwaggerUIMiddleware.Invoke(HttpContext httpContext)
   at Swashbuckle.AspNetCore.Swagger.SwaggerMiddleware.Invoke(HttpContext httpContext, ISwaggerProvider swaggerProvider)
   at Microsoft.AspNetCore.Authorization.AuthorizationMiddleware.Invoke(HttpContext context)
   at Microsoft.AspNetCore.Authentication.AuthenticationMiddleware.Invoke(HttpContext context)
   at Microsoft.AspNetCore.RateLimiting.RateLimitingMiddleware.InvokeInternal(HttpContext context, EnableRateLimitingAttribute enableRateLimitingAttribute)
   at Serilog.AspNetCore.RequestLoggingMiddleware.Invoke(HttpContext httpContext)
   at Microsoft.AspNetCore.Diagnostics.DeveloperExceptionPageMiddlewareImpl.Invoke(HttpContext context)
[2026-09-20 11:01:35.420 +05:30 INF] Serilog.AspNetCore.RequestLoggingMiddleware: HTTP POST /api/users responded 401 in 0.7770 ms
[2026-09-20 11:01:35.422 +05:30 WRN] Kestrel.Api.Controllers.AuthController: Audit: login failed (unknown user) for viewer_893b9590beae4e679aa241a6c74e3e37 from unknown
[2026-09-20 11:01:35.423 +05:30 ERR] Serilog.AspNetCore.RequestLoggingMiddleware: HTTP POST /api/auth/login responded 500 in 2.1220 ms
System.InvalidOperationException: The PipeWriter 'ResponseBodyPipeWriter' does not implement PipeWriter.UnflushedBytes.
   at System.Text.Json.ThrowHelper.ThrowInvalidOperationException_PipeWriterDoesNotImplementUnflushedBytes(PipeWriter pipeWriter)
   at System.Text.Json.Serialization.Metadata.JsonTypeInfo`1.SerializeAsync(PipeWriter pipeWriter, T rootValue, Int32 flushThreshold, CancellationToken cancellationToken, Object rootValueBoxed)
   at Microsoft.AspNetCore.Mvc.Formatters.SystemTextJsonOutputFormatter.WriteResponseBodyAsync(OutputFormatterWriteContext context, Encoding selectedEncoding)
   at Microsoft.AspNetCore.Mvc.Infrastructure.ResourceInvoker.<InvokeNextResultFilterAsync>g__Awaited|30_0[TFilter,TFilterAsync](ResourceInvoker invoker, Task lastTask, State next, Scope scope, Object state, Boolean isCompleted)
   at Microsoft.AspNetCore.Mvc.Infrastructure.ResourceInvoker.Rethrow(ResultExecutedContextSealed context)
   at Microsoft.AspNetCore.Mvc.Infrastructure.ResourceInvoker.ResultNext[TFilter,TFilterAsync](State& next, Scope& scope, Object& state, Boolean& isCompleted)
   at Microsoft.AspNetCore.Mvc.Infrastructure.ResourceInvoker.InvokeResultFilters()
--- End of stack trace from previous location ---
   at Microsoft.AspNetCore.Mvc.Infrastructure.ResourceInvoker.<InvokeFilterPipelineAsync>g__Awaited|20_0(ResourceInvoker invoker, Task lastTask, State next, Scope scope, Object state, Boolean isCompleted)
   at Microsoft.AspNetCore.Mvc.Infrastructure.ResourceInvoker.<InvokeAsync>g__Awaited|17_0(ResourceInvoker invoker, Task task, IDisposable scope)
   at Microsoft.AspNetCore.Mvc.Infrastructure.ResourceInvoker.<InvokeAsync>g__Awaited|17_0(ResourceInvoker invoker, Task task, IDisposable scope)
   at Swashbuckle.AspNetCore.SwaggerUI.SwaggerUIMiddleware.Invoke(HttpContext httpContext)
   at Swashbuckle.AspNetCore.Swagger.SwaggerMiddleware.Invoke(HttpContext httpContext, ISwaggerProvider swaggerProvider)
   at Microsoft.AspNetCore.Authorization.AuthorizationMiddleware.Invoke(HttpContext context)
   at Microsoft.AspNetCore.Authentication.AuthenticationMiddleware.Invoke(HttpContext context)
   at Microsoft.AspNetCore.RateLimiting.RateLimitingMiddleware.InvokeInternal(HttpContext context, EnableRateLimitingAttribute enableRateLimitingAttribute)
   at Serilog.AspNetCore.RequestLoggingMiddleware.Invoke(HttpContext httpContext)
[2026-09-20 11:01:35.424 +05:30 ERR] Microsoft.AspNetCore.Diagnostics.DeveloperExceptionPageMiddleware: An unhandled exception has occurred while executing the request.
System.InvalidOperationException: The PipeWriter 'ResponseBodyPipeWriter' does not implement PipeWriter.UnflushedBytes.
   at System.Text.Json.ThrowHelper.ThrowInvalidOperationException_PipeWriterDoesNotImplementUnflushedBytes(PipeWriter pipeWriter)
   at System.Text.Json.Serialization.Metadata.JsonTypeInfo`1.SerializeAsync(PipeWriter pipeWriter, T rootValue, Int32 flushThreshold, CancellationToken cancellationToken, Object rootValueBoxed)
   at Microsoft.AspNetCore.Mvc.Formatters.SystemTextJsonOutputFormatter.WriteResponseBodyAsync(OutputFormatterWriteContext context, Encoding selectedEncoding)
   at Microsoft.AspNetCore.Mvc.Infrastructure.ResourceInvoker.<InvokeNextResultFilterAsync>g__Awaited|30_0[TFilter,TFilterAsync](ResourceInvoker invoker, Task lastTask, State next, Scope scope, Object state, Boolean isCompleted)
   at Microsoft.AspNetCore.Mvc.Infrastructure.ResourceInvoker.Rethrow(ResultExecutedContextSealed context)
   at Microsoft.AspNetCore.Mvc.Infrastructure.ResourceInvoker.ResultNext[TFilter,TFilterAsync](State& next, Scope& scope, Object& state, Boolean& isCompleted)
   at Microsoft.AspNetCore.Mvc.Infrastructure.ResourceInvoker.InvokeResultFilters()
--- End of stack trace from previous location ---
   at Microsoft.AspNetCore.Mvc.Infrastructure.ResourceInvoker.<InvokeFilterPipelineAsync>g__Awaited|20_0(ResourceInvoker invoker, Task lastTask, State next, Scope scope, Object state, Boolean isCompleted)
   at Microsoft.AspNetCore.Mvc.Infrastructure.ResourceInvoker.<InvokeAsync>g__Awaited|17_0(ResourceInvoker invoker, Task task, IDisposable scope)
   at Microsoft.AspNetCore.Mvc.Infrastructure.ResourceInvoker.<InvokeAsync>g__Awaited|17_0(ResourceInvoker invoker, Task task, IDisposable scope)
   at Swashbuckle.AspNetCore.SwaggerUI.SwaggerUIMiddleware.Invoke(HttpContext httpContext)
   at Swashbuckle.AspNetCore.Swagger.SwaggerMiddleware.Invoke(HttpContext httpContext, ISwaggerProvider swaggerProvider)
   at Microsoft.AspNetCore.Authorization.AuthorizationMiddleware.Invoke(HttpContext context)
   at Microsoft.AspNetCore.Authentication.AuthenticationMiddleware.Invoke(HttpContext context)
   at Microsoft.AspNetCore.RateLimiting.RateLimitingMiddleware.InvokeInternal(HttpContext context, EnableRateLimitingAttribute enableRateLimitingAttribute)
   at Serilog.AspNetCore.RequestLoggingMiddleware.Invoke(HttpContext httpContext)
   at Microsoft.AspNetCore.Diagnostics.DeveloperExceptionPageMiddlewareImpl.Invoke(HttpContext context)
[2026-09-20 11:01:35.425 +05:30 INF] Serilog.AspNetCore.RequestLoggingMiddleware: HTTP GET /api/events responded 401 in 0.1661 ms
[2026-09-20 11:01:35.471 +05:30 INF] Kestrel.Api.Controllers.AuthController: Audit: login succeeded for admin (e3550f4a-b7ff-40a3-87ed-1d07544bfc10) from unknown
[2026-09-20 11:01:35.471 +05:30 ERR] Serilog.AspNetCore.RequestLoggingMiddleware: HTTP POST /api/auth/login responded 500 in 74.1147 ms
System.InvalidOperationException: The PipeWriter 'ResponseBodyPipeWriter' does not implement PipeWriter.UnflushedBytes.
   at System.Text.Json.ThrowHelper.ThrowInvalidOperationException_PipeWriterDoesNotImplementUnflushedBytes(PipeWriter pipeWriter)
   at System.Text.Json.Serialization.Metadata.JsonTypeInfo`1.SerializeAsync(PipeWriter pipeWriter, T rootValue, Int32 flushThreshold, CancellationToken cancellationToken, Object rootValueBoxed)
   at Microsoft.AspNetCore.Mvc.Formatters.SystemTextJsonOutputFormatter.WriteResponseBodyAsync(OutputFormatterWriteContext context, Encoding selectedEncoding)
   at Microsoft.AspNetCore.Mvc.Infrastructure.ResourceInvoker.<InvokeNextResultFilterAsync>g__Awaited|30_0[TFilter,TFilterAsync](ResourceInvoker invoker, Task lastTask, State next, Scope scope, Object state, Boolean isCompleted)
   at Microsoft.AspNetCore.Mvc.Infrastructure.ResourceInvoker.Rethrow(ResultExecutedContextSealed context)
   at Microsoft.AspNetCore.Mvc.Infrastructure.ResourceInvoker.ResultNext[TFilter,TFilterAsync](State& next, Scope& scope, Object& state, Boolean& isCompleted)
   at Microsoft.AspNetCore.Mvc.Infrastructure.ResourceInvoker.InvokeResultFilters()
--- End of stack trace from previous location ---
   at Microsoft.AspNetCore.Mvc.Infrastructure.ResourceInvoker.<InvokeFilterPipelineAsync>g__Awaited|20_0(ResourceInvoker invoker, Task lastTask, State next, Scope scope, Object state, Boolean isCompleted)
   at Microsoft.AspNetCore.Mvc.Infrastructure.ResourceInvoker.<InvokeAsync>g__Awaited|17_0(ResourceInvoker invoker, Task task, IDisposable scope)
   at Microsoft.AspNetCore.Mvc.Infrastructure.ResourceInvoker.<InvokeAsync>g__Awaited|17_0(ResourceInvoker invoker, Task task, IDisposable scope)
   at Swashbuckle.AspNetCore.SwaggerUI.SwaggerUIMiddleware.Invoke(HttpContext httpContext)
   at Swashbuckle.AspNetCore.Swagger.SwaggerMiddleware.Invoke(HttpContext httpContext, ISwaggerProvider swaggerProvider)
   at Microsoft.AspNetCore.Authorization.AuthorizationMiddleware.Invoke(HttpContext context)
   at Microsoft.AspNetCore.Authentication.AuthenticationMiddleware.Invoke(HttpContext context)
   at Microsoft.AspNetCore.RateLimiting.RateLimitingMiddleware.InvokeInternal(HttpContext context, EnableRateLimitingAttribute enableRateLimitingAttribute)
   at Serilog.AspNetCore.RequestLoggingMiddleware.Invoke(HttpContext httpContext)
[2026-09-20 11:01:35.472 +05:30 ERR] Microsoft.AspNetCore.Diagnostics.DeveloperExceptionPageMiddleware: An unhandled exception has occurred while executing the request.
System.InvalidOperationException: The PipeWriter 'ResponseBodyPipeWriter' does not implement PipeWriter.UnflushedBytes.
   at System.Text.Json.ThrowHelper.ThrowInvalidOperationException_PipeWriterDoesNotImplementUnflushedBytes(PipeWriter pipeWriter)
   at System.Text.Json.Serialization.Metadata.JsonTypeInfo`1.SerializeAsync(PipeWriter pipeWriter, T rootValue, Int32 flushThreshold, CancellationToken cancellationToken, Object rootValueBoxed)
   at Microsoft.AspNetCore.Mvc.Formatters.SystemTextJsonOutputFormatter.WriteResponseBodyAsync(OutputFormatterWriteContext context, Encoding selectedEncoding)
   at Microsoft.AspNetCore.Mvc.Infrastructure.ResourceInvoker.<InvokeNextResultFilterAsync>g__Awaited|30_0[TFilter,TFilterAsync](ResourceInvoker invoker, Task lastTask, State next, Scope scope, Object state, Boolean isCompleted)
   at Microsoft.AspNetCore.Mvc.Infrastructure.ResourceInvoker.Rethrow(ResultExecutedContextSealed context)
   at Microsoft.AspNetCore.Mvc.Infrastructure.ResourceInvoker.ResultNext[TFilter,TFilterAsync](State& next, Scope& scope, Object& state, Boolean& isCompleted)
   at Microsoft.AspNetCore.Mvc.Infrastructure.ResourceInvoker.InvokeResultFilters()
--- End of stack trace from previous location ---
   at Microsoft.AspNetCore.Mvc.Infrastructure.ResourceInvoker.<InvokeFilterPipelineAsync>g__Awaited|20_0(ResourceInvoker invoker, Task lastTask, State next, Scope scope, Object state, Boolean isCompleted)
   at Microsoft.AspNetCore.Mvc.Infrastructure.ResourceInvoker.<InvokeAsync>g__Awaited|17_0(ResourceInvoker invoker, Task task, IDisposable scope)
   at Microsoft.AspNetCore.Mvc.Infrastructure.ResourceInvoker.<InvokeAsync>g__Awaited|17_0(ResourceInvoker invoker, Task task, IDisposable scope)
   at Swashbuckle.AspNetCore.SwaggerUI.SwaggerUIMiddleware.Invoke(HttpContext httpContext)
   at Swashbuckle.AspNetCore.Swagger.SwaggerMiddleware.Invoke(HttpContext httpContext, ISwaggerProvider swaggerProvider)
   at Microsoft.AspNetCore.Authorization.AuthorizationMiddleware.Invoke(HttpContext context)
   at Microsoft.AspNetCore.Authentication.AuthenticationMiddleware.Invoke(HttpContext context)
   at Microsoft.AspNetCore.RateLimiting.RateLimitingMiddleware.InvokeInternal(HttpContext context, EnableRateLimitingAttribute enableRateLimitingAttribute)
   at Serilog.AspNetCore.RequestLoggingMiddleware.Invoke(HttpContext httpContext)
   at Microsoft.AspNetCore.Diagnostics.DeveloperExceptionPageMiddlewareImpl.Invoke(HttpContext context)
[2026-09-20 11:01:35.480 +05:30 INF] Kestrel.Api.Controllers.AuthController: Audit: login succeeded for admin (2e6fde3a-ec6b-43d5-86ae-3ca9ced8e6f4) from unknown
[2026-09-20 11:01:35.480 +05:30 ERR] Serilog.AspNetCore.RequestLoggingMiddleware: HTTP POST /api/auth/login responded 500 in 89.8018 ms
System.InvalidOperationException: The PipeWriter 'ResponseBodyPipeWriter' does not implement PipeWriter.UnflushedBytes.
   at System.Text.Json.ThrowHelper.ThrowInvalidOperationException_PipeWriterDoesNotImplementUnflushedBytes(PipeWriter pipeWriter)
   at System.Text.Json.Serialization.Metadata.JsonTypeInfo`1.SerializeAsync(PipeWriter pipeWriter, T rootValue, Int32 flushThreshold, CancellationToken cancellationToken, Object rootValueBoxed)
   at Microsoft.AspNetCore.Mvc.Formatters.SystemTextJsonOutputFormatter.WriteResponseBodyAsync(OutputFormatterWriteContext context, Encoding selectedEncoding)
   at Microsoft.AspNetCore.Mvc.Infrastructure.ResourceInvoker.<InvokeNextResultFilterAsync>g__Awaited|30_0[TFilter,TFilterAsync](ResourceInvoker invoker, Task lastTask, State next, Scope scope, Object state, Boolean isCompleted)
   at Microsoft.AspNetCore.Mvc.Infrastructure.ResourceInvoker.Rethrow(ResultExecutedContextSealed context)
   at Microsoft.AspNetCore.Mvc.Infrastructure.ResourceInvoker.ResultNext[TFilter,TFilterAsync](State& next, Scope& scope, Object& state, Boolean& isCompleted)
   at Microsoft.AspNetCore.Mvc.Infrastructure.ResourceInvoker.InvokeResultFilters()
--- End of stack trace from previous location ---
   at Microsoft.AspNetCore.Mvc.Infrastructure.ResourceInvoker.<InvokeFilterPipelineAsync>g__Awaited|20_0(ResourceInvoker invoker, Task lastTask, State next, Scope scope, Object state, Boolean isCompleted)
   at Microsoft.AspNetCore.Mvc.Infrastructure.ResourceInvoker.<InvokeAsync>g__Awaited|17_0(ResourceInvoker invoker, Task task, IDisposable scope)
   at Microsoft.AspNetCore.Mvc.Infrastructure.ResourceInvoker.<InvokeAsync>g__Awaited|17_0(ResourceInvoker invoker, Task task, IDisposable scope)
   at Swashbuckle.AspNetCore.SwaggerUI.SwaggerUIMiddleware.Invoke(HttpContext httpContext)
   at Swashbuckle.AspNetCore.Swagger.SwaggerMiddleware.Invoke(HttpContext httpContext, ISwaggerProvider swaggerProvider)
   at Microsoft.AspNetCore.Authorization.AuthorizationMiddleware.Invoke(HttpContext context)
   at Microsoft.AspNetCore.Authentication.AuthenticationMiddleware.Invoke(HttpContext context)
   at Microsoft.AspNetCore.RateLimiting.RateLimitingMiddleware.InvokeInternal(HttpContext context, EnableRateLimitingAttribute enableRateLimitingAttribute)
   at Serilog.AspNetCore.RequestLoggingMiddleware.Invoke(HttpContext httpContext)
[2026-09-20 11:01:35.481 +05:30 ERR] Microsoft.AspNetCore.Diagnostics.DeveloperExceptionPageMiddleware: An unhandled exception has occurred while executing the request.
System.InvalidOperationException: The PipeWriter 'ResponseBodyPipeWriter' does not implement PipeWriter.UnflushedBytes.
   at System.Text.Json.ThrowHelper.ThrowInvalidOperationException_PipeWriterDoesNotImplementUnflushedBytes(PipeWriter pipeWriter)
   at System.Text.Json.Serialization.Metadata.JsonTypeInfo`1.SerializeAsync(PipeWriter pipeWriter, T rootValue, Int32 flushThreshold, CancellationToken cancellationToken, Object rootValueBoxed)
   at Microsoft.AspNetCore.Mvc.Formatters.SystemTextJsonOutputFormatter.WriteResponseBodyAsync(OutputFormatterWriteContext context, Encoding selectedEncoding)
   at Microsoft.AspNetCore.Mvc.Infrastructure.ResourceInvoker.<InvokeNextResultFilterAsync>g__Awaited|30_0[TFilter,TFilterAsync](ResourceInvoker invoker, Task lastTask, State next, Scope scope, Object state, Boolean isCompleted)
   at Microsoft.AspNetCore.Mvc.Infrastructure.ResourceInvoker.Rethrow(ResultExecutedContextSealed context)
   at Microsoft.AspNetCore.Mvc.Infrastructure.ResourceInvoker.ResultNext[TFilter,TFilterAsync](State& next, Scope& scope, Object& state, Boolean& isCompleted)
   at Microsoft.AspNetCore.Mvc.Infrastructure.ResourceInvoker.InvokeResultFilters()
--- End of stack trace from previous location ---
   at Microsoft.AspNetCore.Mvc.Infrastructure.ResourceInvoker.<InvokeFilterPipelineAsync>g__Awaited|20_0(ResourceInvoker invoker, Task lastTask, State next, Scope scope, Object state, Boolean isCompleted)
   at Microsoft.AspNetCore.Mvc.Infrastructure.ResourceInvoker.<InvokeAsync>g__Awaited|17_0(ResourceInvoker invoker, Task task, IDisposable scope)
   at Microsoft.AspNetCore.Mvc.Infrastructure.ResourceInvoker.<InvokeAsync>g__Awaited|17_0(ResourceInvoker invoker, Task task, IDisposable scope)
   at Swashbuckle.AspNetCore.SwaggerUI.SwaggerUIMiddleware.Invoke(HttpContext httpContext)
   at Swashbuckle.AspNetCore.Swagger.SwaggerMiddleware.Invoke(HttpContext httpContext, ISwaggerProvider swaggerProvider)
   at Microsoft.AspNetCore.Authorization.AuthorizationMiddleware.Invoke(HttpContext context)
   at Microsoft.AspNetCore.Authentication.AuthenticationMiddleware.Invoke(HttpContext context)
   at Microsoft.AspNetCore.RateLimiting.RateLimitingMiddleware.InvokeInternal(HttpContext context, EnableRateLimitingAttribute enableRateLimitingAttribute)
   at Serilog.AspNetCore.RequestLoggingMiddleware.Invoke(HttpContext httpContext)
   at Microsoft.AspNetCore.Diagnostics.DeveloperExceptionPageMiddlewareImpl.Invoke(HttpContext context)
[2026-09-20 11:01:35.522 +05:30 INF] Kestrel.Api.Controllers.AuthController: Audit: login succeeded for admin (2f4f5483-9d32-436b-ade1-1abccaceac3c) from unknown
[2026-09-20 11:01:35.523 +05:30 ERR] Serilog.AspNetCore.RequestLoggingMiddleware: HTTP POST /api/auth/login responded 500 in 95.7004 ms
System.InvalidOperationException: The PipeWriter 'ResponseBodyPipeWriter' does not implement PipeWriter.UnflushedBytes.
   at System.Text.Json.ThrowHelper.ThrowInvalidOperationException_PipeWriterDoesNotImplementUnflushedBytes(PipeWriter pipeWriter)
   at System.Text.Json.Serialization.Metadata.JsonTypeInfo`1.SerializeAsync(PipeWriter pipeWriter, T rootValue, Int32 flushThreshold, CancellationToken cancellationToken, Object rootValueBoxed)
   at Microsoft.AspNetCore.Mvc.Formatters.SystemTextJsonOutputFormatter.WriteResponseBodyAsync(OutputFormatterWriteContext context, Encoding selectedEncoding)
   at Microsoft.AspNetCore.Mvc.Infrastructure.ResourceInvoker.<InvokeNextResultFilterAsync>g__Awaited|30_0[TFilter,TFilterAsync](ResourceInvoker invoker, Task lastTask, State next, Scope scope, Object state, Boolean isCompleted)
   at Microsoft.AspNetCore.Mvc.Infrastructure.ResourceInvoker.Rethrow(ResultExecutedContextSealed context)
   at Microsoft.AspNetCore.Mvc.Infrastructure.ResourceInvoker.ResultNext[TFilter,TFilterAsync](State& next, Scope& scope, Object& state, Boolean& isCompleted)
   at Microsoft.AspNetCore.Mvc.Infrastructure.ResourceInvoker.InvokeResultFilters()
--- End of stack trace from previous location ---
   at Microsoft.AspNetCore.Mvc.Infrastructure.ResourceInvoker.<InvokeFilterPipelineAsync>g__Awaited|20_0(ResourceInvoker invoker, Task lastTask, State next, Scope scope, Object state, Boolean isCompleted)
   at Microsoft.AspNetCore.Mvc.Infrastructure.ResourceInvoker.<InvokeAsync>g__Awaited|17_0(ResourceInvoker invoker, Task task, IDisposable scope)
   at Microsoft.AspNetCore.Mvc.Infrastructure.ResourceInvoker.<InvokeAsync>g__Awaited|17_0(ResourceInvoker invoker, Task task, IDisposable scope)
   at Swashbuckle.AspNetCore.SwaggerUI.SwaggerUIMiddleware.Invoke(HttpContext httpContext)
   at Swashbuckle.AspNetCore.Swagger.SwaggerMiddleware.Invoke(HttpContext httpContext, ISwaggerProvider swaggerProvider)
   at Microsoft.AspNetCore.Authorization.AuthorizationMiddleware.Invoke(HttpContext context)
   at Microsoft.AspNetCore.Authentication.AuthenticationMiddleware.Invoke(HttpContext context)
   at Microsoft.AspNetCore.RateLimiting.RateLimitingMiddleware.InvokeInternal(HttpContext context, EnableRateLimitingAttribute enableRateLimitingAttribute)
   at Serilog.AspNetCore.RequestLoggingMiddleware.Invoke(HttpContext httpContext)
[2026-09-20 11:01:35.524 +05:30 ERR] Microsoft.AspNetCore.Diagnostics.DeveloperExceptionPageMiddleware: An unhandled exception has occurred while executing the request.
System.InvalidOperationException: The PipeWriter 'ResponseBodyPipeWriter' does not implement PipeWriter.UnflushedBytes.
   at System.Text.Json.ThrowHelper.ThrowInvalidOperationException_PipeWriterDoesNotImplementUnflushedBytes(PipeWriter pipeWriter)
   at System.Text.Json.Serialization.Metadata.JsonTypeInfo`1.SerializeAsync(PipeWriter pipeWriter, T rootValue, Int32 flushThreshold, CancellationToken cancellationToken, Object rootValueBoxed)
   at Microsoft.AspNetCore.Mvc.Formatters.SystemTextJsonOutputFormatter.WriteResponseBodyAsync(OutputFormatterWriteContext context, Encoding selectedEncoding)
   at Microsoft.AspNetCore.Mvc.Infrastructure.ResourceInvoker.<InvokeNextResultFilterAsync>g__Awaited|30_0[TFilter,TFilterAsync](ResourceInvoker invoker, Task lastTask, State next, Scope scope, Object state, Boolean isCompleted)
   at Microsoft.AspNetCore.Mvc.Infrastructure.ResourceInvoker.Rethrow(ResultExecutedContextSealed context)
   at Microsoft.AspNetCore.Mvc.Infrastructure.ResourceInvoker.ResultNext[TFilter,TFilterAsync](State& next, Scope& scope, Object& state, Boolean& isCompleted)
   at Microsoft.AspNetCore.Mvc.Infrastructure.ResourceInvoker.InvokeResultFilters()
--- End of stack trace from previous location ---
   at Microsoft.AspNetCore.Mvc.Infrastructure.ResourceInvoker.<InvokeFilterPipelineAsync>g__Awaited|20_0(ResourceInvoker invoker, Task lastTask, State next, Scope scope, Object state, Boolean isCompleted)
   at Microsoft.AspNetCore.Mvc.Infrastructure.ResourceInvoker.<InvokeAsync>g__Awaited|17_0(ResourceInvoker invoker, Task task, IDisposable scope)
   at Microsoft.AspNetCore.Mvc.Infrastructure.ResourceInvoker.<InvokeAsync>g__Awaited|17_0(ResourceInvoker invoker, Task task, IDisposable scope)
   at Swashbuckle.AspNetCore.SwaggerUI.SwaggerUIMiddleware.Invoke(HttpContext httpContext)
   at Swashbuckle.AspNetCore.Swagger.SwaggerMiddleware.Invoke(HttpContext httpContext, ISwaggerProvider swaggerProvider)
   at Microsoft.AspNetCore.Authorization.AuthorizationMiddleware.Invoke(HttpContext context)
   at Microsoft.AspNetCore.Authentication.AuthenticationMiddleware.Invoke(HttpContext context)
   at Microsoft.AspNetCore.RateLimiting.RateLimitingMiddleware.InvokeInternal(HttpContext context, EnableRateLimitingAttribute enableRateLimitingAttribute)
   at Serilog.AspNetCore.RequestLoggingMiddleware.Invoke(HttpContext httpContext)
   at Microsoft.AspNetCore.Diagnostics.DeveloperExceptionPageMiddlewareImpl.Invoke(HttpContext context)
[2026-09-20 11:01:35.584 +05:30 INF] Kestrel.Api.Controllers.AuthController: Audit: login succeeded for admin (e3550f4a-b7ff-40a3-87ed-1d07544bfc10) from unknown
[2026-09-20 11:01:35.585 +05:30 INF] Kestrel.Api.Controllers.AuthController: Audit: login succeeded for admin (2e6fde3a-ec6b-43d5-86ae-3ca9ced8e6f4) from unknown
[2026-09-20 11:01:35.585 +05:30 ERR] Serilog.AspNetCore.RequestLoggingMiddleware: HTTP POST /api/auth/login responded 500 in 108.8802 ms
System.InvalidOperationException: The PipeWriter 'ResponseBodyPipeWriter' does not implement PipeWriter.UnflushedBytes.
   at System.Text.Json.ThrowHelper.ThrowInvalidOperationException_PipeWriterDoesNotImplementUnflushedBytes(PipeWriter pipeWriter)
   at System.Text.Json.Serialization.Metadata.JsonTypeInfo`1.SerializeAsync(PipeWriter pipeWriter, T rootValue, Int32 flushThreshold, CancellationToken cancellationToken, Object rootValueBoxed)
   at Microsoft.AspNetCore.Mvc.Formatters.SystemTextJsonOutputFormatter.WriteResponseBodyAsync(OutputFormatterWriteContext context, Encoding selectedEncoding)
   at Microsoft.AspNetCore.Mvc.Infrastructure.ResourceInvoker.<InvokeNextResultFilterAsync>g__Awaited|30_0[TFilter,TFilterAsync](ResourceInvoker invoker, Task lastTask, State next, Scope scope, Object state, Boolean isCompleted)
   at Microsoft.AspNetCore.Mvc.Infrastructure.ResourceInvoker.Rethrow(ResultExecutedContextSealed context)
   at Microsoft.AspNetCore.Mvc.Infrastructure.ResourceInvoker.ResultNext[TFilter,TFilterAsync](State& next, Scope& scope, Object& state, Boolean& isCompleted)
   at Microsoft.AspNetCore.Mvc.Infrastructure.ResourceInvoker.InvokeResultFilters()
--- End of stack trace from previous location ---
   at Microsoft.AspNetCore.Mvc.Infrastructure.ResourceInvoker.<InvokeFilterPipelineAsync>g__Awaited|20_0(ResourceInvoker invoker, Task lastTask, State next, Scope scope, Object state, Boolean isCompleted)
   at Microsoft.AspNetCore.Mvc.Infrastructure.ResourceInvoker.<InvokeAsync>g__Awaited|17_0(ResourceInvoker invoker, Task task, IDisposable scope)
   at Microsoft.AspNetCore.Mvc.Infrastructure.ResourceInvoker.<InvokeAsync>g__Awaited|17_0(ResourceInvoker invoker, Task task, IDisposable scope)
   at Swashbuckle.AspNetCore.SwaggerUI.SwaggerUIMiddleware.Invoke(HttpContext httpContext)
   at Swashbuckle.AspNetCore.Swagger.SwaggerMiddleware.Invoke(HttpContext httpContext, ISwaggerProvider swaggerProvider)
   at Microsoft.AspNetCore.Authorization.AuthorizationMiddleware.Invoke(HttpContext context)
   at Microsoft.AspNetCore.Authentication.AuthenticationMiddleware.Invoke(HttpContext context)
   at Microsoft.AspNetCore.RateLimiting.RateLimitingMiddleware.InvokeInternal(HttpContext context, EnableRateLimitingAttribute enableRateLimitingAttribute)
   at Serilog.AspNetCore.RequestLoggingMiddleware.Invoke(HttpContext httpContext)
[2026-09-20 11:01:35.585 +05:30 ERR] Serilog.AspNetCore.RequestLoggingMiddleware: HTTP POST /api/auth/login responded 500 in 100.8567 ms
System.InvalidOperationException: The PipeWriter 'ResponseBodyPipeWriter' does not implement PipeWriter.UnflushedBytes.
   at System.Text.Json.ThrowHelper.ThrowInvalidOperationException_PipeWriterDoesNotImplementUnflushedBytes(PipeWriter pipeWriter)
   at System.Text.Json.Serialization.Metadata.JsonTypeInfo`1.SerializeAsync(PipeWriter pipeWriter, T rootValue, Int32 flushThreshold, CancellationToken cancellationToken, Object rootValueBoxed)
   at Microsoft.AspNetCore.Mvc.Formatters.SystemTextJsonOutputFormatter.WriteResponseBodyAsync(OutputFormatterWriteContext context, Encoding selectedEncoding)
   at Microsoft.AspNetCore.Mvc.Infrastructure.ResourceInvoker.<InvokeNextResultFilterAsync>g__Awaited|30_0[TFilter,TFilterAsync](ResourceInvoker invoker, Task lastTask, State next, Scope scope, Object state, Boolean isCompleted)
   at Microsoft.AspNetCore.Mvc.Infrastructure.ResourceInvoker.Rethrow(ResultExecutedContextSealed context)
   at Microsoft.AspNetCore.Mvc.Infrastructure.ResourceInvoker.ResultNext[TFilter,TFilterAsync](State& next, Scope& scope, Object& state, Boolean& isCompleted)
   at Microsoft.AspNetCore.Mvc.Infrastructure.ResourceInvoker.InvokeResultFilters()
--- End of stack trace from previous location ---
   at Microsoft.AspNetCore.Mvc.Infrastructure.ResourceInvoker.<InvokeFilterPipelineAsync>g__Awaited|20_0(ResourceInvoker invoker, Task lastTask, State next, Scope scope, Object state, Boolean isCompleted)
   at Microsoft.AspNetCore.Mvc.Infrastructure.ResourceInvoker.<InvokeAsync>g__Awaited|17_0(ResourceInvoker invoker, Task task, IDisposable scope)
   at Microsoft.AspNetCore.Mvc.Infrastructure.ResourceInvoker.<InvokeAsync>g__Awaited|17_0(ResourceInvoker invoker, Task task, IDisposable scope)
   at Swashbuckle.AspNetCore.SwaggerUI.SwaggerUIMiddleware.Invoke(HttpContext httpContext)
   at Swashbuckle.AspNetCore.Swagger.SwaggerMiddleware.Invoke(HttpContext httpContext, ISwaggerProvider swaggerProvider)
   at Microsoft.AspNetCore.Authorization.AuthorizationMiddleware.Invoke(HttpContext context)
   at Microsoft.AspNetCore.Authentication.AuthenticationMiddleware.Invoke(HttpContext context)
   at Microsoft.AspNetCore.RateLimiting.RateLimitingMiddleware.InvokeInternal(HttpContext context, EnableRateLimitingAttribute enableRateLimitingAttribute)
   at Serilog.AspNetCore.RequestLoggingMiddleware.Invoke(HttpContext httpContext)
[2026-09-20 11:01:35.586 +05:30 ERR] Microsoft.AspNetCore.Diagnostics.DeveloperExceptionPageMiddleware: An unhandled exception has occurred while executing the request.
System.InvalidOperationException: The PipeWriter 'ResponseBodyPipeWriter' does not implement PipeWriter.UnflushedBytes.
   at System.Text.Json.ThrowHelper.ThrowInvalidOperationException_PipeWriterDoesNotImplementUnflushedBytes(PipeWriter pipeWriter)
   at System.Text.Json.Serialization.Metadata.JsonTypeInfo`1.SerializeAsync(PipeWriter pipeWriter, T rootValue, Int32 flushThreshold, CancellationToken cancellationToken, Object rootValueBoxed)
   at Microsoft.AspNetCore.Mvc.Formatters.SystemTextJsonOutputFormatter.WriteResponseBodyAsync(OutputFormatterWriteContext context, Encoding selectedEncoding)
   at Microsoft.AspNetCore.Mvc.Infrastructure.ResourceInvoker.<InvokeNextResultFilterAsync>g__Awaited|30_0[TFilter,TFilterAsync](ResourceInvoker invoker, Task lastTask, State next, Scope scope, Object state, Boolean isCompleted)
   at Microsoft.AspNetCore.Mvc.Infrastructure.ResourceInvoker.Rethrow(ResultExecutedContextSealed context)
   at Microsoft.AspNetCore.Mvc.Infrastructure.ResourceInvoker.ResultNext[TFilter,TFilterAsync](State& next, Scope& scope, Object& state, Boolean& isCompleted)
   at Microsoft.AspNetCore.Mvc.Infrastructure.ResourceInvoker.InvokeResultFilters()
--- End of stack trace from previous location ---
   at Microsoft.AspNetCore.Mvc.Infrastructure.ResourceInvoker.<InvokeFilterPipelineAsync>g__Awaited|20_0(ResourceInvoker invoker, Task lastTask, State next, Scope scope, Object state, Boolean isCompleted)
   at Microsoft.AspNetCore.Mvc.Infrastructure.ResourceInvoker.<InvokeAsync>g__Awaited|17_0(ResourceInvoker invoker, Task task, IDisposable scope)
   at Microsoft.AspNetCore.Mvc.Infrastructure.ResourceInvoker.<InvokeAsync>g__Awaited|17_0(ResourceInvoker invoker, Task task, IDisposable scope)
   at Swashbuckle.AspNetCore.SwaggerUI.SwaggerUIMiddleware.Invoke(HttpContext httpContext)
   at Swashbuckle.AspNetCore.Swagger.SwaggerMiddleware.Invoke(HttpContext httpContext, ISwaggerProvider swaggerProvider)
   at Microsoft.AspNetCore.Authorization.AuthorizationMiddleware.Invoke(HttpContext context)
   at Microsoft.AspNetCore.Authentication.AuthenticationMiddleware.Invoke(HttpContext context)
   at Microsoft.AspNetCore.RateLimiting.RateLimitingMiddleware.InvokeInternal(HttpContext context, EnableRateLimitingAttribute enableRateLimitingAttribute)
   at Serilog.AspNetCore.RequestLoggingMiddleware.Invoke(HttpContext httpContext)
   at Microsoft.AspNetCore.Diagnostics.DeveloperExceptionPageMiddlewareImpl.Invoke(HttpContext context)
[2026-09-20 11:01:35.586 +05:30 ERR] Microsoft.AspNetCore.Diagnostics.DeveloperExceptionPageMiddleware: An unhandled exception has occurred while executing the request.
System.InvalidOperationException: The PipeWriter 'ResponseBodyPipeWriter' does not implement PipeWriter.UnflushedBytes.
   at System.Text.Json.ThrowHelper.ThrowInvalidOperationException_PipeWriterDoesNotImplementUnflushedBytes(PipeWriter pipeWriter)
   at System.Text.Json.Serialization.Metadata.JsonTypeInfo`1.SerializeAsync(PipeWriter pipeWriter, T rootValue, Int32 flushThreshold, CancellationToken cancellationToken, Object rootValueBoxed)
   at Microsoft.AspNetCore.Mvc.Formatters.SystemTextJsonOutputFormatter.WriteResponseBodyAsync(OutputFormatterWriteContext context, Encoding selectedEncoding)
   at Microsoft.AspNetCore.Mvc.Infrastructure.ResourceInvoker.<InvokeNextResultFilterAsync>g__Awaited|30_0[TFilter,TFilterAsync](ResourceInvoker invoker, Task lastTask, State next, Scope scope, Object state, Boolean isCompleted)
   at Microsoft.AspNetCore.Mvc.Infrastructure.ResourceInvoker.Rethrow(ResultExecutedContextSealed context)
   at Microsoft.AspNetCore.Mvc.Infrastructure.ResourceInvoker.ResultNext[TFilter,TFilterAsync](State& next, Scope& scope, Object& state, Boolean& isCompleted)
   at Microsoft.AspNetCore.Mvc.Infrastructure.ResourceInvoker.InvokeResultFilters()
--- End of stack trace from previous location ---
   at Microsoft.AspNetCore.Mvc.Infrastructure.ResourceInvoker.<InvokeFilterPipelineAsync>g__Awaited|20_0(ResourceInvoker invoker, Task lastTask, State next, Scope scope, Object state, Boolean isCompleted)
   at Microsoft.AspNetCore.Mvc.Infrastructure.ResourceInvoker.<InvokeAsync>g__Awaited|17_0(ResourceInvoker invoker, Task task, IDisposable scope)
   at Microsoft.AspNetCore.Mvc.Infrastructure.ResourceInvoker.<InvokeAsync>g__Awaited|17_0(ResourceInvoker invoker, Task task, IDisposable scope)
   at Swashbuckle.AspNetCore.SwaggerUI.SwaggerUIMiddleware.Invoke(HttpContext httpContext)
   at Swashbuckle.AspNetCore.Swagger.SwaggerMiddleware.Invoke(HttpContext httpContext, ISwaggerProvider swaggerProvider)
   at Microsoft.AspNetCore.Authorization.AuthorizationMiddleware.Invoke(HttpContext context)
   at Microsoft.AspNetCore.Authentication.AuthenticationMiddleware.Invoke(HttpContext context)
   at Microsoft.AspNetCore.RateLimiting.RateLimitingMiddleware.InvokeInternal(HttpContext context, EnableRateLimitingAttribute enableRateLimitingAttribute)
   at Serilog.AspNetCore.RequestLoggingMiddleware.Invoke(HttpContext httpContext)
   at Microsoft.AspNetCore.Diagnostics.DeveloperExceptionPageMiddlewareImpl.Invoke(HttpContext context)
[2026-09-20 11:01:35.595 +05:30 INF] Kestrel.Core.Jobs.IngestJobProcessor: Ingest job processor stopped.
[2026-09-20 11:01:45.365 +05:30 INF] Kestrel.Api: Binding guard: http://127.0.0.1:5000 (loopback)
[2026-09-20 11:01:46.108 +05:30 INF] Kestrel.Api.Auth.IdentityInitializationService: Identity schema ensured (no EF migrations defined yet — run `dotnet ef migrations add` before real deployments).
[2026-09-20 11:01:46.398 +05:30 INF] Kestrel.Api.Auth.IdentityInitializationService: Role seeded: Viewer
[2026-09-20 11:01:46.401 +05:30 INF] Kestrel.Api.Auth.IdentityInitializationService: Role seeded: Analyst
[2026-09-20 11:01:46.401 +05:30 INF] Kestrel.Api.Auth.IdentityInitializationService: Role seeded: Admin
[2026-09-20 11:01:46.425 +05:30 WRN] Kestrel.Api.Auth.IdentityInitializationService: Bootstrap: DEVELOPMENT default admin 'admin' created with password 'Dev#Admin-2026!'. CHANGE THIS PASSWORD before any use beyond local testing.
[2026-09-20 11:01:46.565 +05:30 INF] Kestrel.Api.Auth.IdentityInitializationService: Bootstrap: admin 'admin' created with roles [Viewer, Analyst, Admin].
[2026-09-20 11:01:46.582 +05:30 INF] Kestrel.Core.Storage.EventDatabase: FTS5 index rebuilt.
[2026-09-20 11:01:46.582 +05:30 INF] Kestrel.Core.Storage.EventStoreInitializationService: Event store ready at D:\Work\Projects\kestrel\backend\Kestrel.Api\data\kestrel.db (schema v2, WAL mode, FTS5 rebuilt).
[2026-09-20 11:01:46.584 +05:30 INF] Kestrel.Core.Jobs.IngestJobProcessor: Ingest job processor started (timeout 1800s, batch 1000, record cap 5000000).
[2026-09-20 11:01:46.669 +05:30 ERR] Serilog.AspNetCore.RequestLoggingMiddleware: HTTP GET /health responded 500 in 24.8704 ms
System.InvalidOperationException: The PipeWriter 'ResponseBodyPipeWriter' does not implement PipeWriter.UnflushedBytes.
   at System.Text.Json.ThrowHelper.ThrowInvalidOperationException_PipeWriterDoesNotImplementUnflushedBytes(PipeWriter pipeWriter)
   at System.Text.Json.Serialization.Metadata.JsonTypeInfo`1.SerializeAsync(PipeWriter pipeWriter, T rootValue, Int32 flushThreshold, CancellationToken cancellationToken, Object rootValueBoxed)
   at Microsoft.AspNetCore.Http.HttpResponseJsonExtensions.<WriteAsJsonAsync>g__WriteAsJsonAsyncSlow|5_0[TValue](HttpResponse response, TValue value, JsonTypeInfo`1 jsonTypeInfo, CancellationToken cancellationToken)
   at Microsoft.AspNetCore.Http.RequestDelegateFactory.ExecuteResultWriteResponse(IResult result, HttpContext httpContext)
   at Swashbuckle.AspNetCore.SwaggerUI.SwaggerUIMiddleware.Invoke(HttpContext httpContext)
   at Swashbuckle.AspNetCore.Swagger.SwaggerMiddleware.Invoke(HttpContext httpContext, ISwaggerProvider swaggerProvider)
   at Microsoft.AspNetCore.Authorization.AuthorizationMiddleware.Invoke(HttpContext context)
   at Microsoft.AspNetCore.Authentication.AuthenticationMiddleware.Invoke(HttpContext context)
   at Serilog.AspNetCore.RequestLoggingMiddleware.Invoke(HttpContext httpContext)
[2026-09-20 11:01:46.676 +05:30 ERR] Microsoft.AspNetCore.Diagnostics.DeveloperExceptionPageMiddleware: An unhandled exception has occurred while executing the request.
System.InvalidOperationException: The PipeWriter 'ResponseBodyPipeWriter' does not implement PipeWriter.UnflushedBytes.
   at System.Text.Json.ThrowHelper.ThrowInvalidOperationException_PipeWriterDoesNotImplementUnflushedBytes(PipeWriter pipeWriter)
   at System.Text.Json.Serialization.Metadata.JsonTypeInfo`1.SerializeAsync(PipeWriter pipeWriter, T rootValue, Int32 flushThreshold, CancellationToken cancellationToken, Object rootValueBoxed)
   at Microsoft.AspNetCore.Http.HttpResponseJsonExtensions.<WriteAsJsonAsync>g__WriteAsJsonAsyncSlow|5_0[TValue](HttpResponse response, TValue value, JsonTypeInfo`1 jsonTypeInfo, CancellationToken cancellationToken)
   at Microsoft.AspNetCore.Http.RequestDelegateFactory.ExecuteResultWriteResponse(IResult result, HttpContext httpContext)
   at Swashbuckle.AspNetCore.SwaggerUI.SwaggerUIMiddleware.Invoke(HttpContext httpContext)
   at Swashbuckle.AspNetCore.Swagger.SwaggerMiddleware.Invoke(HttpContext httpContext, ISwaggerProvider swaggerProvider)
   at Microsoft.AspNetCore.Authorization.AuthorizationMiddleware.Invoke(HttpContext context)
   at Microsoft.AspNetCore.Authentication.AuthenticationMiddleware.Invoke(HttpContext context)
   at Serilog.AspNetCore.RequestLoggingMiddleware.Invoke(HttpContext httpContext)
   at Microsoft.AspNetCore.Diagnostics.DeveloperExceptionPageMiddlewareImpl.Invoke(HttpContext context)
[2026-09-20 11:01:46.709 +05:30 INF] Kestrel.Core.Jobs.IngestJobProcessor: Ingest job processor stopped.
[2026-09-20 11:02:32.527 +05:30 INF] Kestrel.Api: Binding guard: http://127.0.0.1:5000 (loopback)
[2026-09-20 11:02:33.232 +05:30 INF] Kestrel.Api.Auth.IdentityInitializationService: Identity schema ensured (no EF migrations defined yet — run `dotnet ef migrations add` before real deployments).
[2026-09-20 11:02:33.503 +05:30 INF] Kestrel.Api.Auth.IdentityInitializationService: Role seeded: Viewer
[2026-09-20 11:02:33.506 +05:30 INF] Kestrel.Api.Auth.IdentityInitializationService: Role seeded: Analyst
[2026-09-20 11:02:33.506 +05:30 INF] Kestrel.Api.Auth.IdentityInitializationService: Role seeded: Admin
[2026-09-20 11:02:33.528 +05:30 WRN] Kestrel.Api.Auth.IdentityInitializationService: Bootstrap: DEVELOPMENT default admin 'admin' created with password 'Dev#Admin-2026!'. CHANGE THIS PASSWORD before any use beyond local testing.
[2026-09-20 11:02:33.664 +05:30 INF] Kestrel.Api.Auth.IdentityInitializationService: Bootstrap: admin 'admin' created with roles [Viewer, Analyst, Admin].
[2026-09-20 11:02:33.688 +05:30 INF] Kestrel.Core.Storage.EventDatabase: FTS5 index rebuilt.
[2026-09-20 11:02:33.689 +05:30 INF] Kestrel.Core.Storage.EventStoreInitializationService: Event store ready at D:\Work\Projects\kestrel\backend\Kestrel.Api\data\kestrel.db (schema v2, WAL mode, FTS5 rebuilt).
[2026-09-20 11:02:33.690 +05:30 INF] Kestrel.Core.Jobs.IngestJobProcessor: Ingest job processor started (timeout 1800s, batch 1000, record cap 5000000).
[2026-09-20 11:02:33.775 +05:30 ERR] Serilog.AspNetCore.RequestLoggingMiddleware: HTTP GET /health responded 500 in 25.7142 ms
System.InvalidOperationException: The PipeWriter 'ResponseBodyPipeWriter' does not implement PipeWriter.UnflushedBytes.
   at System.Text.Json.ThrowHelper.ThrowInvalidOperationException_PipeWriterDoesNotImplementUnflushedBytes(PipeWriter pipeWriter)
   at System.Text.Json.Serialization.Metadata.JsonTypeInfo`1.SerializeAsync(PipeWriter pipeWriter, T rootValue, Int32 flushThreshold, CancellationToken cancellationToken, Object rootValueBoxed)
   at Microsoft.AspNetCore.Http.HttpResponseJsonExtensions.<WriteAsJsonAsync>g__WriteAsJsonAsyncSlow|5_0[TValue](HttpResponse response, TValue value, JsonTypeInfo`1 jsonTypeInfo, CancellationToken cancellationToken)
   at Microsoft.AspNetCore.Http.RequestDelegateFactory.ExecuteResultWriteResponse(IResult result, HttpContext httpContext)
   at Swashbuckle.AspNetCore.SwaggerUI.SwaggerUIMiddleware.Invoke(HttpContext httpContext)
   at Swashbuckle.AspNetCore.Swagger.SwaggerMiddleware.Invoke(HttpContext httpContext, ISwaggerProvider swaggerProvider)
   at Microsoft.AspNetCore.Authorization.AuthorizationMiddleware.Invoke(HttpContext context)
   at Microsoft.AspNetCore.Authentication.AuthenticationMiddleware.Invoke(HttpContext context)
   at Serilog.AspNetCore.RequestLoggingMiddleware.Invoke(HttpContext httpContext)
[2026-09-20 11:02:33.781 +05:30 ERR] Microsoft.AspNetCore.Diagnostics.DeveloperExceptionPageMiddleware: An unhandled exception has occurred while executing the request.
System.InvalidOperationException: The PipeWriter 'ResponseBodyPipeWriter' does not implement PipeWriter.UnflushedBytes.
   at System.Text.Json.ThrowHelper.ThrowInvalidOperationException_PipeWriterDoesNotImplementUnflushedBytes(PipeWriter pipeWriter)
   at System.Text.Json.Serialization.Metadata.JsonTypeInfo`1.SerializeAsync(PipeWriter pipeWriter, T rootValue, Int32 flushThreshold, CancellationToken cancellationToken, Object rootValueBoxed)
   at Microsoft.AspNetCore.Http.HttpResponseJsonExtensions.<WriteAsJsonAsync>g__WriteAsJsonAsyncSlow|5_0[TValue](HttpResponse response, TValue value, JsonTypeInfo`1 jsonTypeInfo, CancellationToken cancellationToken)
   at Microsoft.AspNetCore.Http.RequestDelegateFactory.ExecuteResultWriteResponse(IResult result, HttpContext httpContext)
   at Swashbuckle.AspNetCore.SwaggerUI.SwaggerUIMiddleware.Invoke(HttpContext httpContext)
   at Swashbuckle.AspNetCore.Swagger.SwaggerMiddleware.Invoke(HttpContext httpContext, ISwaggerProvider swaggerProvider)
   at Microsoft.AspNetCore.Authorization.AuthorizationMiddleware.Invoke(HttpContext context)
   at Microsoft.AspNetCore.Authentication.AuthenticationMiddleware.Invoke(HttpContext context)
   at Serilog.AspNetCore.RequestLoggingMiddleware.Invoke(HttpContext httpContext)
   at Microsoft.AspNetCore.Diagnostics.DeveloperExceptionPageMiddlewareImpl.Invoke(HttpContext context)
[2026-09-20 11:02:33.815 +05:30 INF] Kestrel.Core.Jobs.IngestJobProcessor: Ingest job processor stopped.
[2026-09-20 11:02:42.264 +05:30 INF] Kestrel.Api: Binding guard: http://127.0.0.1:5000 (loopback)
[2026-09-20 11:02:42.999 +05:30 INF] Kestrel.Api.Auth.IdentityInitializationService: Identity schema ensured (no EF migrations defined yet — run `dotnet ef migrations add` before real deployments).
[2026-09-20 11:02:43.283 +05:30 INF] Kestrel.Api.Auth.IdentityInitializationService: Role seeded: Viewer
[2026-09-20 11:02:43.285 +05:30 INF] Kestrel.Api.Auth.IdentityInitializationService: Role seeded: Analyst
[2026-09-20 11:02:43.285 +05:30 INF] Kestrel.Api.Auth.IdentityInitializationService: Role seeded: Admin
[2026-09-20 11:02:43.308 +05:30 WRN] Kestrel.Api.Auth.IdentityInitializationService: Bootstrap: DEVELOPMENT default admin 'admin' created with password 'Dev#Admin-2026!'. CHANGE THIS PASSWORD before any use beyond local testing.
[2026-09-20 11:02:43.450 +05:30 INF] Kestrel.Api.Auth.IdentityInitializationService: Bootstrap: admin 'admin' created with roles [Viewer, Analyst, Admin].
[2026-09-20 11:02:43.467 +05:30 INF] Kestrel.Core.Storage.EventDatabase: FTS5 index rebuilt.
[2026-09-20 11:02:43.467 +05:30 INF] Kestrel.Core.Storage.EventStoreInitializationService: Event store ready at D:\Work\Projects\kestrel\backend\Kestrel.Api\data\kestrel.db (schema v2, WAL mode, FTS5 rebuilt).
[2026-09-20 11:02:43.469 +05:30 INF] Kestrel.Core.Jobs.IngestJobProcessor: Ingest job processor started (timeout 1800s, batch 1000, record cap 5000000).
[2026-09-20 11:02:43.554 +05:30 ERR] Serilog.AspNetCore.RequestLoggingMiddleware: HTTP GET /health responded 500 in 24.8549 ms
System.InvalidOperationException: The PipeWriter 'ResponseBodyPipeWriter' does not implement PipeWriter.UnflushedBytes.
   at System.Text.Json.ThrowHelper.ThrowInvalidOperationException_PipeWriterDoesNotImplementUnflushedBytes(PipeWriter pipeWriter)
   at System.Text.Json.Serialization.Metadata.JsonTypeInfo`1.SerializeAsync(PipeWriter pipeWriter, T rootValue, Int32 flushThreshold, CancellationToken cancellationToken, Object rootValueBoxed)
   at Microsoft.AspNetCore.Http.HttpResponseJsonExtensions.<WriteAsJsonAsync>g__WriteAsJsonAsyncSlow|5_0[TValue](HttpResponse response, TValue value, JsonTypeInfo`1 jsonTypeInfo, CancellationToken cancellationToken)
   at Microsoft.AspNetCore.Http.RequestDelegateFactory.ExecuteResultWriteResponse(IResult result, HttpContext httpContext)
   at Swashbuckle.AspNetCore.SwaggerUI.SwaggerUIMiddleware.Invoke(HttpContext httpContext)
   at Swashbuckle.AspNetCore.Swagger.SwaggerMiddleware.Invoke(HttpContext httpContext, ISwaggerProvider swaggerProvider)
   at Microsoft.AspNetCore.Authorization.AuthorizationMiddleware.Invoke(HttpContext context)
   at Microsoft.AspNetCore.Authentication.AuthenticationMiddleware.Invoke(HttpContext context)
   at Serilog.AspNetCore.RequestLoggingMiddleware.Invoke(HttpContext httpContext)
[2026-09-20 11:02:43.560 +05:30 ERR] Microsoft.AspNetCore.Diagnostics.DeveloperExceptionPageMiddleware: An unhandled exception has occurred while executing the request.
System.InvalidOperationException: The PipeWriter 'ResponseBodyPipeWriter' does not implement PipeWriter.UnflushedBytes.
   at System.Text.Json.ThrowHelper.ThrowInvalidOperationException_PipeWriterDoesNotImplementUnflushedBytes(PipeWriter pipeWriter)
   at System.Text.Json.Serialization.Metadata.JsonTypeInfo`1.SerializeAsync(PipeWriter pipeWriter, T rootValue, Int32 flushThreshold, CancellationToken cancellationToken, Object rootValueBoxed)
   at Microsoft.AspNetCore.Http.HttpResponseJsonExtensions.<WriteAsJsonAsync>g__WriteAsJsonAsyncSlow|5_0[TValue](HttpResponse response, TValue value, JsonTypeInfo`1 jsonTypeInfo, CancellationToken cancellationToken)
   at Microsoft.AspNetCore.Http.RequestDelegateFactory.ExecuteResultWriteResponse(IResult result, HttpContext httpContext)
   at Swashbuckle.AspNetCore.SwaggerUI.SwaggerUIMiddleware.Invoke(HttpContext httpContext)
   at Swashbuckle.AspNetCore.Swagger.SwaggerMiddleware.Invoke(HttpContext httpContext, ISwaggerProvider swaggerProvider)
   at Microsoft.AspNetCore.Authorization.AuthorizationMiddleware.Invoke(HttpContext context)
   at Microsoft.AspNetCore.Authentication.AuthenticationMiddleware.Invoke(HttpContext context)
   at Serilog.AspNetCore.RequestLoggingMiddleware.Invoke(HttpContext httpContext)
   at Microsoft.AspNetCore.Diagnostics.DeveloperExceptionPageMiddlewareImpl.Invoke(HttpContext context)
[2026-09-20 11:02:43.593 +05:30 INF] Kestrel.Core.Jobs.IngestJobProcessor: Ingest job processor stopped.
[2026-09-20 11:02:55.146 +05:30 INF] Kestrel.Api: Binding guard: http://127.0.0.1:5000 (loopback)
[2026-09-20 11:02:55.903 +05:30 INF] Kestrel.Api.Auth.IdentityInitializationService: Identity schema ensured (no EF migrations defined yet — run `dotnet ef migrations add` before real deployments).
[2026-09-20 11:02:56.201 +05:30 INF] Kestrel.Api.Auth.IdentityInitializationService: Role seeded: Viewer
[2026-09-20 11:02:56.210 +05:30 INF] Kestrel.Api.Auth.IdentityInitializationService: Role seeded: Analyst
[2026-09-20 11:02:56.210 +05:30 INF] Kestrel.Api.Auth.IdentityInitializationService: Role seeded: Admin
[2026-09-20 11:02:56.235 +05:30 WRN] Kestrel.Api.Auth.IdentityInitializationService: Bootstrap: DEVELOPMENT default admin 'admin' created with password 'Dev#Admin-2026!'. CHANGE THIS PASSWORD before any use beyond local testing.
[2026-09-20 11:02:56.376 +05:30 INF] Kestrel.Api.Auth.IdentityInitializationService: Bootstrap: admin 'admin' created with roles [Viewer, Analyst, Admin].
[2026-09-20 11:02:56.393 +05:30 INF] Kestrel.Core.Storage.EventDatabase: FTS5 index rebuilt.
[2026-09-20 11:02:56.393 +05:30 INF] Kestrel.Core.Storage.EventStoreInitializationService: Event store ready at D:\Work\Projects\kestrel\backend\Kestrel.Api\data\kestrel.db (schema v2, WAL mode, FTS5 rebuilt).
[2026-09-20 11:02:56.394 +05:30 INF] Kestrel.Core.Jobs.IngestJobProcessor: Ingest job processor started (timeout 1800s, batch 1000, record cap 5000000).
[2026-09-20 11:02:56.481 +05:30 ERR] Serilog.AspNetCore.RequestLoggingMiddleware: HTTP GET /health responded 500 in 26.0464 ms
System.InvalidOperationException: The PipeWriter 'ResponseBodyPipeWriter' does not implement PipeWriter.UnflushedBytes.
   at System.Text.Json.ThrowHelper.ThrowInvalidOperationException_PipeWriterDoesNotImplementUnflushedBytes(PipeWriter pipeWriter)
   at System.Text.Json.Serialization.Metadata.JsonTypeInfo`1.SerializeAsync(PipeWriter pipeWriter, T rootValue, Int32 flushThreshold, CancellationToken cancellationToken, Object rootValueBoxed)
   at Microsoft.AspNetCore.Http.HttpResponseJsonExtensions.<WriteAsJsonAsync>g__WriteAsJsonAsyncSlow|5_0[TValue](HttpResponse response, TValue value, JsonTypeInfo`1 jsonTypeInfo, CancellationToken cancellationToken)
   at Microsoft.AspNetCore.Http.RequestDelegateFactory.ExecuteResultWriteResponse(IResult result, HttpContext httpContext)
   at Swashbuckle.AspNetCore.SwaggerUI.SwaggerUIMiddleware.Invoke(HttpContext httpContext)
   at Swashbuckle.AspNetCore.Swagger.SwaggerMiddleware.Invoke(HttpContext httpContext, ISwaggerProvider swaggerProvider)
   at Microsoft.AspNetCore.Authorization.AuthorizationMiddleware.Invoke(HttpContext context)
   at Microsoft.AspNetCore.Authentication.AuthenticationMiddleware.Invoke(HttpContext context)
   at Serilog.AspNetCore.RequestLoggingMiddleware.Invoke(HttpContext httpContext)
[2026-09-20 11:02:56.487 +05:30 ERR] Microsoft.AspNetCore.Diagnostics.DeveloperExceptionPageMiddleware: An unhandled exception has occurred while executing the request.
System.InvalidOperationException: The PipeWriter 'ResponseBodyPipeWriter' does not implement PipeWriter.UnflushedBytes.
   at System.Text.Json.ThrowHelper.ThrowInvalidOperationException_PipeWriterDoesNotImplementUnflushedBytes(PipeWriter pipeWriter)
   at System.Text.Json.Serialization.Metadata.JsonTypeInfo`1.SerializeAsync(PipeWriter pipeWriter, T rootValue, Int32 flushThreshold, CancellationToken cancellationToken, Object rootValueBoxed)
   at Microsoft.AspNetCore.Http.HttpResponseJsonExtensions.<WriteAsJsonAsync>g__WriteAsJsonAsyncSlow|5_0[TValue](HttpResponse response, TValue value, JsonTypeInfo`1 jsonTypeInfo, CancellationToken cancellationToken)
   at Microsoft.AspNetCore.Http.RequestDelegateFactory.ExecuteResultWriteResponse(IResult result, HttpContext httpContext)
   at Swashbuckle.AspNetCore.SwaggerUI.SwaggerUIMiddleware.Invoke(HttpContext httpContext)
   at Swashbuckle.AspNetCore.Swagger.SwaggerMiddleware.Invoke(HttpContext httpContext, ISwaggerProvider swaggerProvider)
   at Microsoft.AspNetCore.Authorization.AuthorizationMiddleware.Invoke(HttpContext context)
   at Microsoft.AspNetCore.Authentication.AuthenticationMiddleware.Invoke(HttpContext context)
   at Serilog.AspNetCore.RequestLoggingMiddleware.Invoke(HttpContext httpContext)
   at Microsoft.AspNetCore.Diagnostics.DeveloperExceptionPageMiddlewareImpl.Invoke(HttpContext context)
[2026-09-20 11:02:56.523 +05:30 INF] Kestrel.Core.Jobs.IngestJobProcessor: Ingest job processor stopped.
[2026-09-20 11:07:49.182 +05:30 INF] Kestrel.Api: Binding guard: http://127.0.0.1:5000 (loopback)
[2026-09-20 11:07:49.182 +05:30 INF] Kestrel.Api: Binding guard: http://127.0.0.1:5000 (loopback)
[2026-09-20 11:07:49.182 +05:30 INF] Kestrel.Api: Binding guard: http://127.0.0.1:5000 (loopback)
[2026-09-20 11:07:50.171 +05:30 INF] Kestrel.Api.Auth.IdentityInitializationService: Identity schema ensured (no EF migrations defined yet — run `dotnet ef migrations add` before real deployments).
[2026-09-20 11:07:50.171 +05:30 INF] Kestrel.Api.Auth.IdentityInitializationService: Identity schema ensured (no EF migrations defined yet — run `dotnet ef migrations add` before real deployments).
[2026-09-20 11:07:50.174 +05:30 INF] Kestrel.Api.Auth.IdentityInitializationService: Identity schema ensured (no EF migrations defined yet — run `dotnet ef migrations add` before real deployments).
[2026-09-20 11:07:50.473 +05:30 INF] Kestrel.Api.Auth.IdentityInitializationService: Role seeded: Viewer
[2026-09-20 11:07:50.473 +05:30 INF] Kestrel.Api.Auth.IdentityInitializationService: Role seeded: Viewer
[2026-09-20 11:07:50.473 +05:30 INF] Kestrel.Api.Auth.IdentityInitializationService: Role seeded: Viewer
[2026-09-20 11:07:50.475 +05:30 INF] Kestrel.Api.Auth.IdentityInitializationService: Role seeded: Analyst
[2026-09-20 11:07:50.475 +05:30 INF] Kestrel.Api.Auth.IdentityInitializationService: Role seeded: Analyst
[2026-09-20 11:07:50.476 +05:30 INF] Kestrel.Api.Auth.IdentityInitializationService: Role seeded: Admin
[2026-09-20 11:07:50.476 +05:30 INF] Kestrel.Api.Auth.IdentityInitializationService: Role seeded: Admin
[2026-09-20 11:07:50.478 +05:30 INF] Kestrel.Api.Auth.IdentityInitializationService: Role seeded: Analyst
[2026-09-20 11:07:50.481 +05:30 INF] Kestrel.Api.Auth.IdentityInitializationService: Role seeded: Admin
[2026-09-20 11:07:50.501 +05:30 WRN] Kestrel.Api.Auth.IdentityInitializationService: Bootstrap: DEVELOPMENT default admin 'admin' created with password 'Dev#Admin-2026!'. CHANGE THIS PASSWORD before any use beyond local testing.
[2026-09-20 11:07:50.501 +05:30 WRN] Kestrel.Api.Auth.IdentityInitializationService: Bootstrap: DEVELOPMENT default admin 'admin' created with password 'Dev#Admin-2026!'. CHANGE THIS PASSWORD before any use beyond local testing.
[2026-09-20 11:07:50.501 +05:30 WRN] Kestrel.Api.Auth.IdentityInitializationService: Bootstrap: DEVELOPMENT default admin 'admin' created with password 'Dev#Admin-2026!'. CHANGE THIS PASSWORD before any use beyond local testing.
[2026-09-20 11:07:50.655 +05:30 INF] Kestrel.Api.Auth.IdentityInitializationService: Bootstrap: admin 'admin' created with roles [Viewer, Analyst, Admin].
[2026-09-20 11:07:50.657 +05:30 INF] Kestrel.Api.Auth.IdentityInitializationService: Bootstrap: admin 'admin' created with roles [Viewer, Analyst, Admin].
[2026-09-20 11:07:50.666 +05:30 INF] Kestrel.Api.Auth.IdentityInitializationService: Bootstrap: admin 'admin' created with roles [Viewer, Analyst, Admin].
[2026-09-20 11:07:50.674 +05:30 INF] Kestrel.Core.Storage.EventDatabase: FTS5 index rebuilt.
[2026-09-20 11:07:50.674 +05:30 INF] Kestrel.Core.Storage.EventStoreInitializationService: Event store ready at D:\Work\Projects\kestrel\backend\Kestrel.Api\data\kestrel.db (schema v2, WAL mode, FTS5 rebuilt).
[2026-09-20 11:07:50.675 +05:30 INF] Kestrel.Core.Jobs.IngestJobProcessor: Ingest job processor started (timeout 1800s, batch 1000, record cap 5000000).
[2026-09-20 11:07:50.680 +05:30 INF] Kestrel.Core.Storage.EventDatabase: FTS5 index rebuilt.
[2026-09-20 11:07:50.680 +05:30 INF] Kestrel.Core.Storage.EventStoreInitializationService: Event store ready at D:\Work\Projects\kestrel\backend\Kestrel.Api\data\kestrel.db (schema v2, WAL mode, FTS5 rebuilt).
[2026-09-20 11:07:50.681 +05:30 INF] Kestrel.Core.Storage.EventDatabase: FTS5 index rebuilt.
[2026-09-20 11:07:50.681 +05:30 INF] Kestrel.Core.Storage.EventStoreInitializationService: Event store ready at C:\Users\Harman Bham\AppData\Local\Temp\kestrel-tests\api-f68d9d1203874b7f87f7c542de4140c1\kestrel.db (schema v2, WAL mode, FTS5 rebuilt).
[2026-09-20 11:07:50.681 +05:30 INF] Kestrel.Core.Jobs.IngestJobProcessor: Ingest job processor started (timeout 1800s, batch 1000, record cap 5000000).
[2026-09-20 11:07:50.681 +05:30 INF] Kestrel.Core.Jobs.IngestJobProcessor: Ingest job processor started (timeout 60s, batch 1000, record cap 5000000).
[2026-09-20 11:07:50.792 +05:30 INF] Serilog.AspNetCore.RequestLoggingMiddleware: HTTP POST /api/ingest/upload responded 401 in 14.5563 ms
[2026-09-20 11:07:51.013 +05:30 INF] Kestrel.Api.Controllers.AuthController: Audit: login succeeded for admin (2e05f0d7-2e9b-4c82-9454-5409527d5557) from unknown
[2026-09-20 11:07:51.013 +05:30 INF] Kestrel.Api.Controllers.AuthController: Audit: login succeeded for admin (701cb813-581e-4a4d-bc26-2cacdaa62457) from unknown
[2026-09-20 11:07:51.013 +05:30 INF] Kestrel.Api.Controllers.AuthController: Audit: login succeeded for admin (b58d04c6-c3cd-4aa9-a6a2-1901f15a072b) from unknown
[2026-09-20 11:07:51.018 +05:30 ERR] Serilog.AspNetCore.RequestLoggingMiddleware: HTTP POST /api/auth/login responded 500 in 242.1180 ms
System.InvalidOperationException: The PipeWriter 'ResponseBodyPipeWriter' does not implement PipeWriter.UnflushedBytes.
   at System.Text.Json.ThrowHelper.ThrowInvalidOperationException_PipeWriterDoesNotImplementUnflushedBytes(PipeWriter pipeWriter)
   at System.Text.Json.Serialization.Metadata.JsonTypeInfo`1.SerializeAsync(PipeWriter pipeWriter, T rootValue, Int32 flushThreshold, CancellationToken cancellationToken, Object rootValueBoxed)
   at Microsoft.AspNetCore.Mvc.Formatters.SystemTextJsonOutputFormatter.WriteResponseBodyAsync(OutputFormatterWriteContext context, Encoding selectedEncoding)
   at Microsoft.AspNetCore.Mvc.Infrastructure.ResourceInvoker.<InvokeNextResultFilterAsync>g__Awaited|30_0[TFilter,TFilterAsync](ResourceInvoker invoker, Task lastTask, State next, Scope scope, Object state, Boolean isCompleted)
   at Microsoft.AspNetCore.Mvc.Infrastructure.ResourceInvoker.Rethrow(ResultExecutedContextSealed context)
   at Microsoft.AspNetCore.Mvc.Infrastructure.ResourceInvoker.ResultNext[TFilter,TFilterAsync](State& next, Scope& scope, Object& state, Boolean& isCompleted)
   at Microsoft.AspNetCore.Mvc.Infrastructure.ResourceInvoker.InvokeResultFilters()
--- End of stack trace from previous location ---
   at Microsoft.AspNetCore.Mvc.Infrastructure.ResourceInvoker.<InvokeFilterPipelineAsync>g__Awaited|20_0(ResourceInvoker invoker, Task lastTask, State next, Scope scope, Object state, Boolean isCompleted)
   at Microsoft.AspNetCore.Mvc.Infrastructure.ResourceInvoker.<InvokeAsync>g__Awaited|17_0(ResourceInvoker invoker, Task task, IDisposable scope)
   at Microsoft.AspNetCore.Mvc.Infrastructure.ResourceInvoker.<InvokeAsync>g__Awaited|17_0(ResourceInvoker invoker, Task task, IDisposable scope)
   at Swashbuckle.AspNetCore.SwaggerUI.SwaggerUIMiddleware.Invoke(HttpContext httpContext)
   at Swashbuckle.AspNetCore.Swagger.SwaggerMiddleware.Invoke(HttpContext httpContext, ISwaggerProvider swaggerProvider)
   at Microsoft.AspNetCore.Authorization.AuthorizationMiddleware.Invoke(HttpContext context)
   at Microsoft.AspNetCore.Authentication.AuthenticationMiddleware.Invoke(HttpContext context)
   at Microsoft.AspNetCore.RateLimiting.RateLimitingMiddleware.InvokeInternal(HttpContext context, EnableRateLimitingAttribute enableRateLimitingAttribute)
   at Serilog.AspNetCore.RequestLoggingMiddleware.Invoke(HttpContext httpContext)
[2026-09-20 11:07:51.018 +05:30 ERR] Serilog.AspNetCore.RequestLoggingMiddleware: HTTP POST /api/auth/login responded 500 in 193.1872 ms
System.InvalidOperationException: The PipeWriter 'ResponseBodyPipeWriter' does not implement PipeWriter.UnflushedBytes.
   at System.Text.Json.ThrowHelper.ThrowInvalidOperationException_PipeWriterDoesNotImplementUnflushedBytes(PipeWriter pipeWriter)
   at System.Text.Json.Serialization.Metadata.JsonTypeInfo`1.SerializeAsync(PipeWriter pipeWriter, T rootValue, Int32 flushThreshold, CancellationToken cancellationToken, Object rootValueBoxed)
   at Microsoft.AspNetCore.Mvc.Formatters.SystemTextJsonOutputFormatter.WriteResponseBodyAsync(OutputFormatterWriteContext context, Encoding selectedEncoding)
   at Microsoft.AspNetCore.Mvc.Infrastructure.ResourceInvoker.<InvokeNextResultFilterAsync>g__Awaited|30_0[TFilter,TFilterAsync](ResourceInvoker invoker, Task lastTask, State next, Scope scope, Object state, Boolean isCompleted)
   at Microsoft.AspNetCore.Mvc.Infrastructure.ResourceInvoker.Rethrow(ResultExecutedContextSealed context)
   at Microsoft.AspNetCore.Mvc.Infrastructure.ResourceInvoker.ResultNext[TFilter,TFilterAsync](State& next, Scope& scope, Object& state, Boolean& isCompleted)
   at Microsoft.AspNetCore.Mvc.Infrastructure.ResourceInvoker.InvokeResultFilters()
--- End of stack trace from previous location ---
   at Microsoft.AspNetCore.Mvc.Infrastructure.ResourceInvoker.<InvokeFilterPipelineAsync>g__Awaited|20_0(ResourceInvoker invoker, Task lastTask, State next, Scope scope, Object state, Boolean isCompleted)
   at Microsoft.AspNetCore.Mvc.Infrastructure.ResourceInvoker.<InvokeAsync>g__Awaited|17_0(ResourceInvoker invoker, Task task, IDisposable scope)
   at Microsoft.AspNetCore.Mvc.Infrastructure.ResourceInvoker.<InvokeAsync>g__Awaited|17_0(ResourceInvoker invoker, Task task, IDisposable scope)
   at Swashbuckle.AspNetCore.SwaggerUI.SwaggerUIMiddleware.Invoke(HttpContext httpContext)
   at Swashbuckle.AspNetCore.Swagger.SwaggerMiddleware.Invoke(HttpContext httpContext, ISwaggerProvider swaggerProvider)
   at Microsoft.AspNetCore.Authorization.AuthorizationMiddleware.Invoke(HttpContext context)
   at Microsoft.AspNetCore.Authentication.AuthenticationMiddleware.Invoke(HttpContext context)
   at Microsoft.AspNetCore.RateLimiting.RateLimitingMiddleware.InvokeInternal(HttpContext context, EnableRateLimitingAttribute enableRateLimitingAttribute)
   at Serilog.AspNetCore.RequestLoggingMiddleware.Invoke(HttpContext httpContext)
[2026-09-20 11:07:51.018 +05:30 ERR] Serilog.AspNetCore.RequestLoggingMiddleware: HTTP POST /api/auth/login responded 500 in 242.1304 ms
System.InvalidOperationException: The PipeWriter 'ResponseBodyPipeWriter' does not implement PipeWriter.UnflushedBytes.
   at System.Text.Json.ThrowHelper.ThrowInvalidOperationException_PipeWriterDoesNotImplementUnflushedBytes(PipeWriter pipeWriter)
   at System.Text.Json.Serialization.Metadata.JsonTypeInfo`1.SerializeAsync(PipeWriter pipeWriter, T rootValue, Int32 flushThreshold, CancellationToken cancellationToken, Object rootValueBoxed)
   at Microsoft.AspNetCore.Mvc.Formatters.SystemTextJsonOutputFormatter.WriteResponseBodyAsync(OutputFormatterWriteContext context, Encoding selectedEncoding)
   at Microsoft.AspNetCore.Mvc.Infrastructure.ResourceInvoker.<InvokeNextResultFilterAsync>g__Awaited|30_0[TFilter,TFilterAsync](ResourceInvoker invoker, Task lastTask, State next, Scope scope, Object state, Boolean isCompleted)
   at Microsoft.AspNetCore.Mvc.Infrastructure.ResourceInvoker.Rethrow(ResultExecutedContextSealed context)
   at Microsoft.AspNetCore.Mvc.Infrastructure.ResourceInvoker.ResultNext[TFilter,TFilterAsync](State& next, Scope& scope, Object& state, Boolean& isCompleted)
   at Microsoft.AspNetCore.Mvc.Infrastructure.ResourceInvoker.InvokeResultFilters()
--- End of stack trace from previous location ---
   at Microsoft.AspNetCore.Mvc.Infrastructure.ResourceInvoker.<InvokeFilterPipelineAsync>g__Awaited|20_0(ResourceInvoker invoker, Task lastTask, State next, Scope scope, Object state, Boolean isCompleted)
   at Microsoft.AspNetCore.Mvc.Infrastructure.ResourceInvoker.<InvokeAsync>g__Awaited|17_0(ResourceInvoker invoker, Task task, IDisposable scope)
   at Microsoft.AspNetCore.Mvc.Infrastructure.ResourceInvoker.<InvokeAsync>g__Awaited|17_0(ResourceInvoker invoker, Task task, IDisposable scope)
   at Swashbuckle.AspNetCore.SwaggerUI.SwaggerUIMiddleware.Invoke(HttpContext httpContext)
   at Swashbuckle.AspNetCore.Swagger.SwaggerMiddleware.Invoke(HttpContext httpContext, ISwaggerProvider swaggerProvider)
   at Microsoft.AspNetCore.Authorization.AuthorizationMiddleware.Invoke(HttpContext context)
   at Microsoft.AspNetCore.Authentication.AuthenticationMiddleware.Invoke(HttpContext context)
   at Microsoft.AspNetCore.RateLimiting.RateLimitingMiddleware.InvokeInternal(HttpContext context, EnableRateLimitingAttribute enableRateLimitingAttribute)
   at Serilog.AspNetCore.RequestLoggingMiddleware.Invoke(HttpContext httpContext)
[2026-09-20 11:07:51.022 +05:30 ERR] Microsoft.AspNetCore.Diagnostics.DeveloperExceptionPageMiddleware: An unhandled exception has occurred while executing the request.
System.InvalidOperationException: The PipeWriter 'ResponseBodyPipeWriter' does not implement PipeWriter.UnflushedBytes.
   at System.Text.Json.ThrowHelper.ThrowInvalidOperationException_PipeWriterDoesNotImplementUnflushedBytes(PipeWriter pipeWriter)
   at System.Text.Json.Serialization.Metadata.JsonTypeInfo`1.SerializeAsync(PipeWriter pipeWriter, T rootValue, Int32 flushThreshold, CancellationToken cancellationToken, Object rootValueBoxed)
   at Microsoft.AspNetCore.Mvc.Formatters.SystemTextJsonOutputFormatter.WriteResponseBodyAsync(OutputFormatterWriteContext context, Encoding selectedEncoding)
   at Microsoft.AspNetCore.Mvc.Infrastructure.ResourceInvoker.<InvokeNextResultFilterAsync>g__Awaited|30_0[TFilter,TFilterAsync](ResourceInvoker invoker, Task lastTask, State next, Scope scope, Object state, Boolean isCompleted)
   at Microsoft.AspNetCore.Mvc.Infrastructure.ResourceInvoker.Rethrow(ResultExecutedContextSealed context)
   at Microsoft.AspNetCore.Mvc.Infrastructure.ResourceInvoker.ResultNext[TFilter,TFilterAsync](State& next, Scope& scope, Object& state, Boolean& isCompleted)
   at Microsoft.AspNetCore.Mvc.Infrastructure.ResourceInvoker.InvokeResultFilters()
--- End of stack trace from previous location ---
   at Microsoft.AspNetCore.Mvc.Infrastructure.ResourceInvoker.<InvokeFilterPipelineAsync>g__Awaited|20_0(ResourceInvoker invoker, Task lastTask, State next, Scope scope, Object state, Boolean isCompleted)
   at Microsoft.AspNetCore.Mvc.Infrastructure.ResourceInvoker.<InvokeAsync>g__Awaited|17_0(ResourceInvoker invoker, Task task, IDisposable scope)
   at Microsoft.AspNetCore.Mvc.Infrastructure.ResourceInvoker.<InvokeAsync>g__Awaited|17_0(ResourceInvoker invoker, Task task, IDisposable scope)
   at Swashbuckle.AspNetCore.SwaggerUI.SwaggerUIMiddleware.Invoke(HttpContext httpContext)
   at Swashbuckle.AspNetCore.Swagger.SwaggerMiddleware.Invoke(HttpContext httpContext, ISwaggerProvider swaggerProvider)
   at Microsoft.AspNetCore.Authorization.AuthorizationMiddleware.Invoke(HttpContext context)
   at Microsoft.AspNetCore.Authentication.AuthenticationMiddleware.Invoke(HttpContext context)
   at Microsoft.AspNetCore.RateLimiting.RateLimitingMiddleware.InvokeInternal(HttpContext context, EnableRateLimitingAttribute enableRateLimitingAttribute)
   at Serilog.AspNetCore.RequestLoggingMiddleware.Invoke(HttpContext httpContext)
   at Microsoft.AspNetCore.Diagnostics.DeveloperExceptionPageMiddlewareImpl.Invoke(HttpContext context)
[2026-09-20 11:07:51.022 +05:30 ERR] Microsoft.AspNetCore.Diagnostics.DeveloperExceptionPageMiddleware: An unhandled exception has occurred while executing the request.
System.InvalidOperationException: The PipeWriter 'ResponseBodyPipeWriter' does not implement PipeWriter.UnflushedBytes.
   at System.Text.Json.ThrowHelper.ThrowInvalidOperationException_PipeWriterDoesNotImplementUnflushedBytes(PipeWriter pipeWriter)
   at System.Text.Json.Serialization.Metadata.JsonTypeInfo`1.SerializeAsync(PipeWriter pipeWriter, T rootValue, Int32 flushThreshold, CancellationToken cancellationToken, Object rootValueBoxed)
   at Microsoft.AspNetCore.Mvc.Formatters.SystemTextJsonOutputFormatter.WriteResponseBodyAsync(OutputFormatterWriteContext context, Encoding selectedEncoding)
   at Microsoft.AspNetCore.Mvc.Infrastructure.ResourceInvoker.<InvokeNextResultFilterAsync>g__Awaited|30_0[TFilter,TFilterAsync](ResourceInvoker invoker, Task lastTask, State next, Scope scope, Object state, Boolean isCompleted)
   at Microsoft.AspNetCore.Mvc.Infrastructure.ResourceInvoker.Rethrow(ResultExecutedContextSealed context)
   at Microsoft.AspNetCore.Mvc.Infrastructure.ResourceInvoker.ResultNext[TFilter,TFilterAsync](State& next, Scope& scope, Object& state, Boolean& isCompleted)
   at Microsoft.AspNetCore.Mvc.Infrastructure.ResourceInvoker.InvokeResultFilters()
--- End of stack trace from previous location ---
   at Microsoft.AspNetCore.Mvc.Infrastructure.ResourceInvoker.<InvokeFilterPipelineAsync>g__Awaited|20_0(ResourceInvoker invoker, Task lastTask, State next, Scope scope, Object state, Boolean isCompleted)
   at Microsoft.AspNetCore.Mvc.Infrastructure.ResourceInvoker.<InvokeAsync>g__Awaited|17_0(ResourceInvoker invoker, Task task, IDisposable scope)
   at Microsoft.AspNetCore.Mvc.Infrastructure.ResourceInvoker.<InvokeAsync>g__Awaited|17_0(ResourceInvoker invoker, Task task, IDisposable scope)
   at Swashbuckle.AspNetCore.SwaggerUI.SwaggerUIMiddleware.Invoke(HttpContext httpContext)
   at Swashbuckle.AspNetCore.Swagger.SwaggerMiddleware.Invoke(HttpContext httpContext, ISwaggerProvider swaggerProvider)
   at Microsoft.AspNetCore.Authorization.AuthorizationMiddleware.Invoke(HttpContext context)
   at Microsoft.AspNetCore.Authentication.AuthenticationMiddleware.Invoke(HttpContext context)
   at Microsoft.AspNetCore.RateLimiting.RateLimitingMiddleware.InvokeInternal(HttpContext context, EnableRateLimitingAttribute enableRateLimitingAttribute)
   at Serilog.AspNetCore.RequestLoggingMiddleware.Invoke(HttpContext httpContext)
   at Microsoft.AspNetCore.Diagnostics.DeveloperExceptionPageMiddlewareImpl.Invoke(HttpContext context)
[2026-09-20 11:07:51.022 +05:30 ERR] Microsoft.AspNetCore.Diagnostics.DeveloperExceptionPageMiddleware: An unhandled exception has occurred while executing the request.
System.InvalidOperationException: The PipeWriter 'ResponseBodyPipeWriter' does not implement PipeWriter.UnflushedBytes.
   at System.Text.Json.ThrowHelper.ThrowInvalidOperationException_PipeWriterDoesNotImplementUnflushedBytes(PipeWriter pipeWriter)
   at System.Text.Json.Serialization.Metadata.JsonTypeInfo`1.SerializeAsync(PipeWriter pipeWriter, T rootValue, Int32 flushThreshold, CancellationToken cancellationToken, Object rootValueBoxed)
   at Microsoft.AspNetCore.Mvc.Formatters.SystemTextJsonOutputFormatter.WriteResponseBodyAsync(OutputFormatterWriteContext context, Encoding selectedEncoding)
   at Microsoft.AspNetCore.Mvc.Infrastructure.ResourceInvoker.<InvokeNextResultFilterAsync>g__Awaited|30_0[TFilter,TFilterAsync](ResourceInvoker invoker, Task lastTask, State next, Scope scope, Object state, Boolean isCompleted)
   at Microsoft.AspNetCore.Mvc.Infrastructure.ResourceInvoker.Rethrow(ResultExecutedContextSealed context)
   at Microsoft.AspNetCore.Mvc.Infrastructure.ResourceInvoker.ResultNext[TFilter,TFilterAsync](State& next, Scope& scope, Object& state, Boolean& isCompleted)
   at Microsoft.AspNetCore.Mvc.Infrastructure.ResourceInvoker.InvokeResultFilters()
--- End of stack trace from previous location ---
   at Microsoft.AspNetCore.Mvc.Infrastructure.ResourceInvoker.<InvokeFilterPipelineAsync>g__Awaited|20_0(ResourceInvoker invoker, Task lastTask, State next, Scope scope, Object state, Boolean isCompleted)
   at Microsoft.AspNetCore.Mvc.Infrastructure.ResourceInvoker.<InvokeAsync>g__Awaited|17_0(ResourceInvoker invoker, Task task, IDisposable scope)
   at Microsoft.AspNetCore.Mvc.Infrastructure.ResourceInvoker.<InvokeAsync>g__Awaited|17_0(ResourceInvoker invoker, Task task, IDisposable scope)
   at Swashbuckle.AspNetCore.SwaggerUI.SwaggerUIMiddleware.Invoke(HttpContext httpContext)
   at Swashbuckle.AspNetCore.Swagger.SwaggerMiddleware.Invoke(HttpContext httpContext, ISwaggerProvider swaggerProvider)
   at Microsoft.AspNetCore.Authorization.AuthorizationMiddleware.Invoke(HttpContext context)
   at Microsoft.AspNetCore.Authentication.AuthenticationMiddleware.Invoke(HttpContext context)
   at Microsoft.AspNetCore.RateLimiting.RateLimitingMiddleware.InvokeInternal(HttpContext context, EnableRateLimitingAttribute enableRateLimitingAttribute)
   at Serilog.AspNetCore.RequestLoggingMiddleware.Invoke(HttpContext httpContext)
   at Microsoft.AspNetCore.Diagnostics.DeveloperExceptionPageMiddlewareImpl.Invoke(HttpContext context)
[2026-09-20 11:07:51.033 +05:30 INF] Serilog.AspNetCore.RequestLoggingMiddleware: HTTP POST /api/users responded 401 in 2.0057 ms
[2026-09-20 11:07:51.037 +05:30 INF] Serilog.AspNetCore.RequestLoggingMiddleware: HTTP GET /api/users responded 401 in 1.3852 ms
[2026-09-20 11:07:51.040 +05:30 WRN] Kestrel.Api.Controllers.AuthController: Audit: login failed (unknown user) for ghost_7b1a5366761c4639978a353d670c4585 from unknown
[2026-09-20 11:07:51.041 +05:30 ERR] Serilog.AspNetCore.RequestLoggingMiddleware: HTTP POST /api/auth/login responded 500 in 2.6196 ms
System.InvalidOperationException: The PipeWriter 'ResponseBodyPipeWriter' does not implement PipeWriter.UnflushedBytes.
   at System.Text.Json.ThrowHelper.ThrowInvalidOperationException_PipeWriterDoesNotImplementUnflushedBytes(PipeWriter pipeWriter)
   at System.Text.Json.Serialization.Metadata.JsonTypeInfo`1.SerializeAsync(PipeWriter pipeWriter, T rootValue, Int32 flushThreshold, CancellationToken cancellationToken, Object rootValueBoxed)
   at Microsoft.AspNetCore.Mvc.Formatters.SystemTextJsonOutputFormatter.WriteResponseBodyAsync(OutputFormatterWriteContext context, Encoding selectedEncoding)
   at Microsoft.AspNetCore.Mvc.Infrastructure.ResourceInvoker.<InvokeNextResultFilterAsync>g__Awaited|30_0[TFilter,TFilterAsync](ResourceInvoker invoker, Task lastTask, State next, Scope scope, Object state, Boolean isCompleted)
   at Microsoft.AspNetCore.Mvc.Infrastructure.ResourceInvoker.Rethrow(ResultExecutedContextSealed context)
   at Microsoft.AspNetCore.Mvc.Infrastructure.ResourceInvoker.ResultNext[TFilter,TFilterAsync](State& next, Scope& scope, Object& state, Boolean& isCompleted)
   at Microsoft.AspNetCore.Mvc.Infrastructure.ResourceInvoker.InvokeResultFilters()
--- End of stack trace from previous location ---
   at Microsoft.AspNetCore.Mvc.Infrastructure.ResourceInvoker.<InvokeFilterPipelineAsync>g__Awaited|20_0(ResourceInvoker invoker, Task lastTask, State next, Scope scope, Object state, Boolean isCompleted)
   at Microsoft.AspNetCore.Mvc.Infrastructure.ResourceInvoker.<InvokeAsync>g__Awaited|17_0(ResourceInvoker invoker, Task task, IDisposable scope)
   at Microsoft.AspNetCore.Mvc.Infrastructure.ResourceInvoker.<InvokeAsync>g__Awaited|17_0(ResourceInvoker invoker, Task task, IDisposable scope)
   at Swashbuckle.AspNetCore.SwaggerUI.SwaggerUIMiddleware.Invoke(HttpContext httpContext)
   at Swashbuckle.AspNetCore.Swagger.SwaggerMiddleware.Invoke(HttpContext httpContext, ISwaggerProvider swaggerProvider)
   at Microsoft.AspNetCore.Authorization.AuthorizationMiddleware.Invoke(HttpContext context)
   at Microsoft.AspNetCore.Authentication.AuthenticationMiddleware.Invoke(HttpContext context)
   at Microsoft.AspNetCore.RateLimiting.RateLimitingMiddleware.InvokeInternal(HttpContext context, EnableRateLimitingAttribute enableRateLimitingAttribute)
   at Serilog.AspNetCore.RequestLoggingMiddleware.Invoke(HttpContext httpContext)
[2026-09-20 11:07:51.042 +05:30 ERR] Microsoft.AspNetCore.Diagnostics.DeveloperExceptionPageMiddleware: An unhandled exception has occurred while executing the request.
System.InvalidOperationException: The PipeWriter 'ResponseBodyPipeWriter' does not implement PipeWriter.UnflushedBytes.
   at System.Text.Json.ThrowHelper.ThrowInvalidOperationException_PipeWriterDoesNotImplementUnflushedBytes(PipeWriter pipeWriter)
   at System.Text.Json.Serialization.Metadata.JsonTypeInfo`1.SerializeAsync(PipeWriter pipeWriter, T rootValue, Int32 flushThreshold, CancellationToken cancellationToken, Object rootValueBoxed)
   at Microsoft.AspNetCore.Mvc.Formatters.SystemTextJsonOutputFormatter.WriteResponseBodyAsync(OutputFormatterWriteContext context, Encoding selectedEncoding)
   at Microsoft.AspNetCore.Mvc.Infrastructure.ResourceInvoker.<InvokeNextResultFilterAsync>g__Awaited|30_0[TFilter,TFilterAsync](ResourceInvoker invoker, Task lastTask, State next, Scope scope, Object state, Boolean isCompleted)
   at Microsoft.AspNetCore.Mvc.Infrastructure.ResourceInvoker.Rethrow(ResultExecutedContextSealed context)
   at Microsoft.AspNetCore.Mvc.Infrastructure.ResourceInvoker.ResultNext[TFilter,TFilterAsync](State& next, Scope& scope, Object& state, Boolean& isCompleted)
   at Microsoft.AspNetCore.Mvc.Infrastructure.ResourceInvoker.InvokeResultFilters()
--- End of stack trace from previous location ---
   at Microsoft.AspNetCore.Mvc.Infrastructure.ResourceInvoker.<InvokeFilterPipelineAsync>g__Awaited|20_0(ResourceInvoker invoker, Task lastTask, State next, Scope scope, Object state, Boolean isCompleted)
   at Microsoft.AspNetCore.Mvc.Infrastructure.ResourceInvoker.<InvokeAsync>g__Awaited|17_0(ResourceInvoker invoker, Task task, IDisposable scope)
   at Microsoft.AspNetCore.Mvc.Infrastructure.ResourceInvoker.<InvokeAsync>g__Awaited|17_0(ResourceInvoker invoker, Task task, IDisposable scope)
   at Swashbuckle.AspNetCore.SwaggerUI.SwaggerUIMiddleware.Invoke(HttpContext httpContext)
   at Swashbuckle.AspNetCore.Swagger.SwaggerMiddleware.Invoke(HttpContext httpContext, ISwaggerProvider swaggerProvider)
   at Microsoft.AspNetCore.Authorization.AuthorizationMiddleware.Invoke(HttpContext context)
   at Microsoft.AspNetCore.Authentication.AuthenticationMiddleware.Invoke(HttpContext context)
   at Microsoft.AspNetCore.RateLimiting.RateLimitingMiddleware.InvokeInternal(HttpContext context, EnableRateLimitingAttribute enableRateLimitingAttribute)
   at Serilog.AspNetCore.RequestLoggingMiddleware.Invoke(HttpContext httpContext)
   at Microsoft.AspNetCore.Diagnostics.DeveloperExceptionPageMiddlewareImpl.Invoke(HttpContext context)
[2026-09-20 11:07:51.088 +05:30 INF] Kestrel.Api.Controllers.AuthController: Audit: login succeeded for admin (b58d04c6-c3cd-4aa9-a6a2-1901f15a072b) from unknown
[2026-09-20 11:07:51.088 +05:30 INF] Kestrel.Api.Controllers.AuthController: Audit: login succeeded for admin (2e05f0d7-2e9b-4c82-9454-5409527d5557) from unknown
[2026-09-20 11:07:51.089 +05:30 ERR] Serilog.AspNetCore.RequestLoggingMiddleware: HTTP POST /api/auth/login responded 500 in 57.2018 ms
System.InvalidOperationException: The PipeWriter 'ResponseBodyPipeWriter' does not implement PipeWriter.UnflushedBytes.
   at System.Text.Json.ThrowHelper.ThrowInvalidOperationException_PipeWriterDoesNotImplementUnflushedBytes(PipeWriter pipeWriter)
   at System.Text.Json.Serialization.Metadata.JsonTypeInfo`1.SerializeAsync(PipeWriter pipeWriter, T rootValue, Int32 flushThreshold, CancellationToken cancellationToken, Object rootValueBoxed)
   at Microsoft.AspNetCore.Mvc.Formatters.SystemTextJsonOutputFormatter.WriteResponseBodyAsync(OutputFormatterWriteContext context, Encoding selectedEncoding)
   at Microsoft.AspNetCore.Mvc.Infrastructure.ResourceInvoker.<InvokeNextResultFilterAsync>g__Awaited|30_0[TFilter,TFilterAsync](ResourceInvoker invoker, Task lastTask, State next, Scope scope, Object state, Boolean isCompleted)
   at Microsoft.AspNetCore.Mvc.Infrastructure.ResourceInvoker.Rethrow(ResultExecutedContextSealed context)
   at Microsoft.AspNetCore.Mvc.Infrastructure.ResourceInvoker.ResultNext[TFilter,TFilterAsync](State& next, Scope& scope, Object& state, Boolean& isCompleted)
   at Microsoft.AspNetCore.Mvc.Infrastructure.ResourceInvoker.InvokeResultFilters()
--- End of stack trace from previous location ---
   at Microsoft.AspNetCore.Mvc.Infrastructure.ResourceInvoker.<InvokeFilterPipelineAsync>g__Awaited|20_0(ResourceInvoker invoker, Task lastTask, State next, Scope scope, Object state, Boolean isCompleted)
   at Microsoft.AspNetCore.Mvc.Infrastructure.ResourceInvoker.<InvokeAsync>g__Awaited|17_0(ResourceInvoker invoker, Task task, IDisposable scope)
   at Microsoft.AspNetCore.Mvc.Infrastructure.ResourceInvoker.<InvokeAsync>g__Awaited|17_0(ResourceInvoker invoker, Task task, IDisposable scope)
   at Swashbuckle.AspNetCore.SwaggerUI.SwaggerUIMiddleware.Invoke(HttpContext httpContext)
   at Swashbuckle.AspNetCore.Swagger.SwaggerMiddleware.Invoke(HttpContext httpContext, ISwaggerProvider swaggerProvider)
   at Microsoft.AspNetCore.Authorization.AuthorizationMiddleware.Invoke(HttpContext context)
   at Microsoft.AspNetCore.Authentication.AuthenticationMiddleware.Invoke(HttpContext context)
   at Microsoft.AspNetCore.RateLimiting.RateLimitingMiddleware.InvokeInternal(HttpContext context, EnableRateLimitingAttribute enableRateLimitingAttribute)
   at Serilog.AspNetCore.RequestLoggingMiddleware.Invoke(HttpContext httpContext)
[2026-09-20 11:07:51.089 +05:30 ERR] Serilog.AspNetCore.RequestLoggingMiddleware: HTTP POST /api/auth/login responded 500 in 55.9507 ms
System.InvalidOperationException: The PipeWriter 'ResponseBodyPipeWriter' does not implement PipeWriter.UnflushedBytes.
   at System.Text.Json.ThrowHelper.ThrowInvalidOperationException_PipeWriterDoesNotImplementUnflushedBytes(PipeWriter pipeWriter)
   at System.Text.Json.Serialization.Metadata.JsonTypeInfo`1.SerializeAsync(PipeWriter pipeWriter, T rootValue, Int32 flushThreshold, CancellationToken cancellationToken, Object rootValueBoxed)
   at Microsoft.AspNetCore.Mvc.Formatters.SystemTextJsonOutputFormatter.WriteResponseBodyAsync(OutputFormatterWriteContext context, Encoding selectedEncoding)
   at Microsoft.AspNetCore.Mvc.Infrastructure.ResourceInvoker.<InvokeNextResultFilterAsync>g__Awaited|30_0[TFilter,TFilterAsync](ResourceInvoker invoker, Task lastTask, State next, Scope scope, Object state, Boolean isCompleted)
   at Microsoft.AspNetCore.Mvc.Infrastructure.ResourceInvoker.Rethrow(ResultExecutedContextSealed context)
   at Microsoft.AspNetCore.Mvc.Infrastructure.ResourceInvoker.ResultNext[TFilter,TFilterAsync](State& next, Scope& scope, Object& state, Boolean& isCompleted)
   at Microsoft.AspNetCore.Mvc.Infrastructure.ResourceInvoker.InvokeResultFilters()
--- End of stack trace from previous location ---
   at Microsoft.AspNetCore.Mvc.Infrastructure.ResourceInvoker.<InvokeFilterPipelineAsync>g__Awaited|20_0(ResourceInvoker invoker, Task lastTask, State next, Scope scope, Object state, Boolean isCompleted)
   at Microsoft.AspNetCore.Mvc.Infrastructure.ResourceInvoker.<InvokeAsync>g__Awaited|17_0(ResourceInvoker invoker, Task task, IDisposable scope)
   at Microsoft.AspNetCore.Mvc.Infrastructure.ResourceInvoker.<InvokeAsync>g__Awaited|17_0(ResourceInvoker invoker, Task task, IDisposable scope)
   at Swashbuckle.AspNetCore.SwaggerUI.SwaggerUIMiddleware.Invoke(HttpContext httpContext)
   at Swashbuckle.AspNetCore.Swagger.SwaggerMiddleware.Invoke(HttpContext httpContext, ISwaggerProvider swaggerProvider)
   at Microsoft.AspNetCore.Authorization.AuthorizationMiddleware.Invoke(HttpContext context)
   at Microsoft.AspNetCore.Authentication.AuthenticationMiddleware.Invoke(HttpContext context)
   at Microsoft.AspNetCore.RateLimiting.RateLimitingMiddleware.InvokeInternal(HttpContext context, EnableRateLimitingAttribute enableRateLimitingAttribute)
   at Serilog.AspNetCore.RequestLoggingMiddleware.Invoke(HttpContext httpContext)
[2026-09-20 11:07:51.089 +05:30 ERR] Microsoft.AspNetCore.Diagnostics.DeveloperExceptionPageMiddleware: An unhandled exception has occurred while executing the request.
System.InvalidOperationException: The PipeWriter 'ResponseBodyPipeWriter' does not implement PipeWriter.UnflushedBytes.
   at System.Text.Json.ThrowHelper.ThrowInvalidOperationException_PipeWriterDoesNotImplementUnflushedBytes(PipeWriter pipeWriter)
   at System.Text.Json.Serialization.Metadata.JsonTypeInfo`1.SerializeAsync(PipeWriter pipeWriter, T rootValue, Int32 flushThreshold, CancellationToken cancellationToken, Object rootValueBoxed)
   at Microsoft.AspNetCore.Mvc.Formatters.SystemTextJsonOutputFormatter.WriteResponseBodyAsync(OutputFormatterWriteContext context, Encoding selectedEncoding)
   at Microsoft.AspNetCore.Mvc.Infrastructure.ResourceInvoker.<InvokeNextResultFilterAsync>g__Awaited|30_0[TFilter,TFilterAsync](ResourceInvoker invoker, Task lastTask, State next, Scope scope, Object state, Boolean isCompleted)
   at Microsoft.AspNetCore.Mvc.Infrastructure.ResourceInvoker.Rethrow(ResultExecutedContextSealed context)
   at Microsoft.AspNetCore.Mvc.Infrastructure.ResourceInvoker.ResultNext[TFilter,TFilterAsync](State& next, Scope& scope, Object& state, Boolean& isCompleted)
   at Microsoft.AspNetCore.Mvc.Infrastructure.ResourceInvoker.InvokeResultFilters()
--- End of stack trace from previous location ---
   at Microsoft.AspNetCore.Mvc.Infrastructure.ResourceInvoker.<InvokeFilterPipelineAsync>g__Awaited|20_0(ResourceInvoker invoker, Task lastTask, State next, Scope scope, Object state, Boolean isCompleted)
   at Microsoft.AspNetCore.Mvc.Infrastructure.ResourceInvoker.<InvokeAsync>g__Awaited|17_0(ResourceInvoker invoker, Task task, IDisposable scope)
   at Microsoft.AspNetCore.Mvc.Infrastructure.ResourceInvoker.<InvokeAsync>g__Awaited|17_0(ResourceInvoker invoker, Task task, IDisposable scope)
   at Swashbuckle.AspNetCore.SwaggerUI.SwaggerUIMiddleware.Invoke(HttpContext httpContext)
   at Swashbuckle.AspNetCore.Swagger.SwaggerMiddleware.Invoke(HttpContext httpContext, ISwaggerProvider swaggerProvider)
   at Microsoft.AspNetCore.Authorization.AuthorizationMiddleware.Invoke(HttpContext context)
   at Microsoft.AspNetCore.Authentication.AuthenticationMiddleware.Invoke(HttpContext context)
   at Microsoft.AspNetCore.RateLimiting.RateLimitingMiddleware.InvokeInternal(HttpContext context, EnableRateLimitingAttribute enableRateLimitingAttribute)
   at Serilog.AspNetCore.RequestLoggingMiddleware.Invoke(HttpContext httpContext)
   at Microsoft.AspNetCore.Diagnostics.DeveloperExceptionPageMiddlewareImpl.Invoke(HttpContext context)
[2026-09-20 11:07:51.090 +05:30 ERR] Microsoft.AspNetCore.Diagnostics.DeveloperExceptionPageMiddleware: An unhandled exception has occurred while executing the request.
System.InvalidOperationException: The PipeWriter 'ResponseBodyPipeWriter' does not implement PipeWriter.UnflushedBytes.
   at System.Text.Json.ThrowHelper.ThrowInvalidOperationException_PipeWriterDoesNotImplementUnflushedBytes(PipeWriter pipeWriter)
   at System.Text.Json.Serialization.Metadata.JsonTypeInfo`1.SerializeAsync(PipeWriter pipeWriter, T rootValue, Int32 flushThreshold, CancellationToken cancellationToken, Object rootValueBoxed)
   at Microsoft.AspNetCore.Mvc.Formatters.SystemTextJsonOutputFormatter.WriteResponseBodyAsync(OutputFormatterWriteContext context, Encoding selectedEncoding)
   at Microsoft.AspNetCore.Mvc.Infrastructure.ResourceInvoker.<InvokeNextResultFilterAsync>g__Awaited|30_0[TFilter,TFilterAsync](ResourceInvoker invoker, Task lastTask, State next, Scope scope, Object state, Boolean isCompleted)
   at Microsoft.AspNetCore.Mvc.Infrastructure.ResourceInvoker.Rethrow(ResultExecutedContextSealed context)
   at Microsoft.AspNetCore.Mvc.Infrastructure.ResourceInvoker.ResultNext[TFilter,TFilterAsync](State& next, Scope& scope, Object& state, Boolean& isCompleted)
   at Microsoft.AspNetCore.Mvc.Infrastructure.ResourceInvoker.InvokeResultFilters()
--- End of stack trace from previous location ---
   at Microsoft.AspNetCore.Mvc.Infrastructure.ResourceInvoker.<InvokeFilterPipelineAsync>g__Awaited|20_0(ResourceInvoker invoker, Task lastTask, State next, Scope scope, Object state, Boolean isCompleted)
   at Microsoft.AspNetCore.Mvc.Infrastructure.ResourceInvoker.<InvokeAsync>g__Awaited|17_0(ResourceInvoker invoker, Task task, IDisposable scope)
   at Microsoft.AspNetCore.Mvc.Infrastructure.ResourceInvoker.<InvokeAsync>g__Awaited|17_0(ResourceInvoker invoker, Task task, IDisposable scope)
   at Swashbuckle.AspNetCore.SwaggerUI.SwaggerUIMiddleware.Invoke(HttpContext httpContext)
   at Swashbuckle.AspNetCore.Swagger.SwaggerMiddleware.Invoke(HttpContext httpContext, ISwaggerProvider swaggerProvider)
   at Microsoft.AspNetCore.Authorization.AuthorizationMiddleware.Invoke(HttpContext context)
   at Microsoft.AspNetCore.Authentication.AuthenticationMiddleware.Invoke(HttpContext context)
   at Microsoft.AspNetCore.RateLimiting.RateLimitingMiddleware.InvokeInternal(HttpContext context, EnableRateLimitingAttribute enableRateLimitingAttribute)
   at Serilog.AspNetCore.RequestLoggingMiddleware.Invoke(HttpContext httpContext)
   at Microsoft.AspNetCore.Diagnostics.DeveloperExceptionPageMiddlewareImpl.Invoke(HttpContext context)
[2026-09-20 11:07:51.109 +05:30 WRN] Kestrel.Api.Controllers.AuthController: Audit: login failed (bad password) for admin from unknown
[2026-09-20 11:07:51.109 +05:30 ERR] Serilog.AspNetCore.RequestLoggingMiddleware: HTTP POST /api/auth/login responded 500 in 64.4716 ms
System.InvalidOperationException: The PipeWriter 'ResponseBodyPipeWriter' does not implement PipeWriter.UnflushedBytes.
   at System.Text.Json.ThrowHelper.ThrowInvalidOperationException_PipeWriterDoesNotImplementUnflushedBytes(PipeWriter pipeWriter)
   at System.Text.Json.Serialization.Metadata.JsonTypeInfo`1.SerializeAsync(PipeWriter pipeWriter, T rootValue, Int32 flushThreshold, CancellationToken cancellationToken, Object rootValueBoxed)
   at Microsoft.AspNetCore.Mvc.Formatters.SystemTextJsonOutputFormatter.WriteResponseBodyAsync(OutputFormatterWriteContext context, Encoding selectedEncoding)
   at Microsoft.AspNetCore.Mvc.Infrastructure.ResourceInvoker.<InvokeNextResultFilterAsync>g__Awaited|30_0[TFilter,TFilterAsync](ResourceInvoker invoker, Task lastTask, State next, Scope scope, Object state, Boolean isCompleted)
   at Microsoft.AspNetCore.Mvc.Infrastructure.ResourceInvoker.Rethrow(ResultExecutedContextSealed context)
   at Microsoft.AspNetCore.Mvc.Infrastructure.ResourceInvoker.ResultNext[TFilter,TFilterAsync](State& next, Scope& scope, Object& state, Boolean& isCompleted)
   at Microsoft.AspNetCore.Mvc.Infrastructure.ResourceInvoker.InvokeResultFilters()
--- End of stack trace from previous location ---
   at Microsoft.AspNetCore.Mvc.Infrastructure.ResourceInvoker.<InvokeFilterPipelineAsync>g__Awaited|20_0(ResourceInvoker invoker, Task lastTask, State next, Scope scope, Object state, Boolean isCompleted)
   at Microsoft.AspNetCore.Mvc.Infrastructure.ResourceInvoker.<InvokeAsync>g__Awaited|17_0(ResourceInvoker invoker, Task task, IDisposable scope)
   at Microsoft.AspNetCore.Mvc.Infrastructure.ResourceInvoker.<InvokeAsync>g__Awaited|17_0(ResourceInvoker invoker, Task task, IDisposable scope)
   at Swashbuckle.AspNetCore.SwaggerUI.SwaggerUIMiddleware.Invoke(HttpContext httpContext)
   at Swashbuckle.AspNetCore.Swagger.SwaggerMiddleware.Invoke(HttpContext httpContext, ISwaggerProvider swaggerProvider)
   at Microsoft.AspNetCore.Authorization.AuthorizationMiddleware.Invoke(HttpContext context)
   at Microsoft.AspNetCore.Authentication.AuthenticationMiddleware.Invoke(HttpContext context)
   at Microsoft.AspNetCore.RateLimiting.RateLimitingMiddleware.InvokeInternal(HttpContext context, EnableRateLimitingAttribute enableRateLimitingAttribute)
   at Serilog.AspNetCore.RequestLoggingMiddleware.Invoke(HttpContext httpContext)
[2026-09-20 11:07:51.110 +05:30 ERR] Microsoft.AspNetCore.Diagnostics.DeveloperExceptionPageMiddleware: An unhandled exception has occurred while executing the request.
System.InvalidOperationException: The PipeWriter 'ResponseBodyPipeWriter' does not implement PipeWriter.UnflushedBytes.
   at System.Text.Json.ThrowHelper.ThrowInvalidOperationException_PipeWriterDoesNotImplementUnflushedBytes(PipeWriter pipeWriter)
   at System.Text.Json.Serialization.Metadata.JsonTypeInfo`1.SerializeAsync(PipeWriter pipeWriter, T rootValue, Int32 flushThreshold, CancellationToken cancellationToken, Object rootValueBoxed)
   at Microsoft.AspNetCore.Mvc.Formatters.SystemTextJsonOutputFormatter.WriteResponseBodyAsync(OutputFormatterWriteContext context, Encoding selectedEncoding)
   at Microsoft.AspNetCore.Mvc.Infrastructure.ResourceInvoker.<InvokeNextResultFilterAsync>g__Awaited|30_0[TFilter,TFilterAsync](ResourceInvoker invoker, Task lastTask, State next, Scope scope, Object state, Boolean isCompleted)
   at Microsoft.AspNetCore.Mvc.Infrastructure.ResourceInvoker.Rethrow(ResultExecutedContextSealed context)
   at Microsoft.AspNetCore.Mvc.Infrastructure.ResourceInvoker.ResultNext[TFilter,TFilterAsync](State& next, Scope& scope, Object& state, Boolean& isCompleted)
   at Microsoft.AspNetCore.Mvc.Infrastructure.ResourceInvoker.InvokeResultFilters()
--- End of stack trace from previous location ---
   at Microsoft.AspNetCore.Mvc.Infrastructure.ResourceInvoker.<InvokeFilterPipelineAsync>g__Awaited|20_0(ResourceInvoker invoker, Task lastTask, State next, Scope scope, Object state, Boolean isCompleted)
   at Microsoft.AspNetCore.Mvc.Infrastructure.ResourceInvoker.<InvokeAsync>g__Awaited|17_0(ResourceInvoker invoker, Task task, IDisposable scope)
   at Microsoft.AspNetCore.Mvc.Infrastructure.ResourceInvoker.<InvokeAsync>g__Awaited|17_0(ResourceInvoker invoker, Task task, IDisposable scope)
   at Swashbuckle.AspNetCore.SwaggerUI.SwaggerUIMiddleware.Invoke(HttpContext httpContext)
   at Swashbuckle.AspNetCore.Swagger.SwaggerMiddleware.Invoke(HttpContext httpContext, ISwaggerProvider swaggerProvider)
   at Microsoft.AspNetCore.Authorization.AuthorizationMiddleware.Invoke(HttpContext context)
   at Microsoft.AspNetCore.Authentication.AuthenticationMiddleware.Invoke(HttpContext context)
   at Microsoft.AspNetCore.RateLimiting.RateLimitingMiddleware.InvokeInternal(HttpContext context, EnableRateLimitingAttribute enableRateLimitingAttribute)
   at Serilog.AspNetCore.RequestLoggingMiddleware.Invoke(HttpContext httpContext)
   at Microsoft.AspNetCore.Diagnostics.DeveloperExceptionPageMiddlewareImpl.Invoke(HttpContext context)
[2026-09-20 11:07:51.158 +05:30 INF] Kestrel.Api.Controllers.AuthController: Audit: login succeeded for admin (b58d04c6-c3cd-4aa9-a6a2-1901f15a072b) from unknown
[2026-09-20 11:07:51.159 +05:30 INF] Kestrel.Api.Controllers.AuthController: Audit: login succeeded for admin (2e05f0d7-2e9b-4c82-9454-5409527d5557) from unknown
[2026-09-20 11:07:51.159 +05:30 ERR] Serilog.AspNetCore.RequestLoggingMiddleware: HTTP POST /api/auth/login responded 500 in 66.2502 ms
System.InvalidOperationException: The PipeWriter 'ResponseBodyPipeWriter' does not implement PipeWriter.UnflushedBytes.
   at System.Text.Json.ThrowHelper.ThrowInvalidOperationException_PipeWriterDoesNotImplementUnflushedBytes(PipeWriter pipeWriter)
   at System.Text.Json.Serialization.Metadata.JsonTypeInfo`1.SerializeAsync(PipeWriter pipeWriter, T rootValue, Int32 flushThreshold, CancellationToken cancellationToken, Object rootValueBoxed)
   at Microsoft.AspNetCore.Mvc.Formatters.SystemTextJsonOutputFormatter.WriteResponseBodyAsync(OutputFormatterWriteContext context, Encoding selectedEncoding)
   at Microsoft.AspNetCore.Mvc.Infrastructure.ResourceInvoker.<InvokeNextResultFilterAsync>g__Awaited|30_0[TFilter,TFilterAsync](ResourceInvoker invoker, Task lastTask, State next, Scope scope, Object state, Boolean isCompleted)
   at Microsoft.AspNetCore.Mvc.Infrastructure.ResourceInvoker.Rethrow(ResultExecutedContextSealed context)
   at Microsoft.AspNetCore.Mvc.Infrastructure.ResourceInvoker.ResultNext[TFilter,TFilterAsync](State& next, Scope& scope, Object& state, Boolean& isCompleted)
   at Microsoft.AspNetCore.Mvc.Infrastructure.ResourceInvoker.InvokeResultFilters()
--- End of stack trace from previous location ---
   at Microsoft.AspNetCore.Mvc.Infrastructure.ResourceInvoker.<InvokeFilterPipelineAsync>g__Awaited|20_0(ResourceInvoker invoker, Task lastTask, State next, Scope scope, Object state, Boolean isCompleted)
   at Microsoft.AspNetCore.Mvc.Infrastructure.ResourceInvoker.<InvokeAsync>g__Awaited|17_0(ResourceInvoker invoker, Task task, IDisposable scope)
   at Microsoft.AspNetCore.Mvc.Infrastructure.ResourceInvoker.<InvokeAsync>g__Awaited|17_0(ResourceInvoker invoker, Task task, IDisposable scope)
   at Swashbuckle.AspNetCore.SwaggerUI.SwaggerUIMiddleware.Invoke(HttpContext httpContext)
   at Swashbuckle.AspNetCore.Swagger.SwaggerMiddleware.Invoke(HttpContext httpContext, ISwaggerProvider swaggerProvider)
   at Microsoft.AspNetCore.Authorization.AuthorizationMiddleware.Invoke(HttpContext context)
   at Microsoft.AspNetCore.Authentication.AuthenticationMiddleware.Invoke(HttpContext context)
   at Microsoft.AspNetCore.RateLimiting.RateLimitingMiddleware.InvokeInternal(HttpContext context, EnableRateLimitingAttribute enableRateLimitingAttribute)
   at Serilog.AspNetCore.RequestLoggingMiddleware.Invoke(HttpContext httpContext)
[2026-09-20 11:07:51.159 +05:30 ERR] Serilog.AspNetCore.RequestLoggingMiddleware: HTTP POST /api/auth/login responded 500 in 66.1087 ms
System.InvalidOperationException: The PipeWriter 'ResponseBodyPipeWriter' does not implement PipeWriter.UnflushedBytes.
   at System.Text.Json.ThrowHelper.ThrowInvalidOperationException_PipeWriterDoesNotImplementUnflushedBytes(PipeWriter pipeWriter)
   at System.Text.Json.Serialization.Metadata.JsonTypeInfo`1.SerializeAsync(PipeWriter pipeWriter, T rootValue, Int32 flushThreshold, CancellationToken cancellationToken, Object rootValueBoxed)
   at Microsoft.AspNetCore.Mvc.Formatters.SystemTextJsonOutputFormatter.WriteResponseBodyAsync(OutputFormatterWriteContext context, Encoding selectedEncoding)
   at Microsoft.AspNetCore.Mvc.Infrastructure.ResourceInvoker.<InvokeNextResultFilterAsync>g__Awaited|30_0[TFilter,TFilterAsync](ResourceInvoker invoker, Task lastTask, State next, Scope scope, Object state, Boolean isCompleted)
   at Microsoft.AspNetCore.Mvc.Infrastructure.ResourceInvoker.Rethrow(ResultExecutedContextSealed context)
   at Microsoft.AspNetCore.Mvc.Infrastructure.ResourceInvoker.ResultNext[TFilter,TFilterAsync](State& next, Scope& scope, Object& state, Boolean& isCompleted)
   at Microsoft.AspNetCore.Mvc.Infrastructure.ResourceInvoker.InvokeResultFilters()
--- End of stack trace from previous location ---
   at Microsoft.AspNetCore.Mvc.Infrastructure.ResourceInvoker.<InvokeFilterPipelineAsync>g__Awaited|20_0(ResourceInvoker invoker, Task lastTask, State next, Scope scope, Object state, Boolean isCompleted)
   at Microsoft.AspNetCore.Mvc.Infrastructure.ResourceInvoker.<InvokeAsync>g__Awaited|17_0(ResourceInvoker invoker, Task task, IDisposable scope)
   at Microsoft.AspNetCore.Mvc.Infrastructure.ResourceInvoker.<InvokeAsync>g__Awaited|17_0(ResourceInvoker invoker, Task task, IDisposable scope)
   at Swashbuckle.AspNetCore.SwaggerUI.SwaggerUIMiddleware.Invoke(HttpContext httpContext)
   at Swashbuckle.AspNetCore.Swagger.SwaggerMiddleware.Invoke(HttpContext httpContext, ISwaggerProvider swaggerProvider)
   at Microsoft.AspNetCore.Authorization.AuthorizationMiddleware.Invoke(HttpContext context)
   at Microsoft.AspNetCore.Authentication.AuthenticationMiddleware.Invoke(HttpContext context)
   at Microsoft.AspNetCore.RateLimiting.RateLimitingMiddleware.InvokeInternal(HttpContext context, EnableRateLimitingAttribute enableRateLimitingAttribute)
   at Serilog.AspNetCore.RequestLoggingMiddleware.Invoke(HttpContext httpContext)
[2026-09-20 11:07:51.160 +05:30 ERR] Microsoft.AspNetCore.Diagnostics.DeveloperExceptionPageMiddleware: An unhandled exception has occurred while executing the request.
System.InvalidOperationException: The PipeWriter 'ResponseBodyPipeWriter' does not implement PipeWriter.UnflushedBytes.
   at System.Text.Json.ThrowHelper.ThrowInvalidOperationException_PipeWriterDoesNotImplementUnflushedBytes(PipeWriter pipeWriter)
   at System.Text.Json.Serialization.Metadata.JsonTypeInfo`1.SerializeAsync(PipeWriter pipeWriter, T rootValue, Int32 flushThreshold, CancellationToken cancellationToken, Object rootValueBoxed)
   at Microsoft.AspNetCore.Mvc.Formatters.SystemTextJsonOutputFormatter.WriteResponseBodyAsync(OutputFormatterWriteContext context, Encoding selectedEncoding)
   at Microsoft.AspNetCore.Mvc.Infrastructure.ResourceInvoker.<InvokeNextResultFilterAsync>g__Awaited|30_0[TFilter,TFilterAsync](ResourceInvoker invoker, Task lastTask, State next, Scope scope, Object state, Boolean isCompleted)
   at Microsoft.AspNetCore.Mvc.Infrastructure.ResourceInvoker.Rethrow(ResultExecutedContextSealed context)
   at Microsoft.AspNetCore.Mvc.Infrastructure.ResourceInvoker.ResultNext[TFilter,TFilterAsync](State& next, Scope& scope, Object& state, Boolean& isCompleted)
   at Microsoft.AspNetCore.Mvc.Infrastructure.ResourceInvoker.InvokeResultFilters()
--- End of stack trace from previous location ---
   at Microsoft.AspNetCore.Mvc.Infrastructure.ResourceInvoker.<InvokeFilterPipelineAsync>g__Awaited|20_0(ResourceInvoker invoker, Task lastTask, State next, Scope scope, Object state, Boolean isCompleted)
   at Microsoft.AspNetCore.Mvc.Infrastructure.ResourceInvoker.<InvokeAsync>g__Awaited|17_0(ResourceInvoker invoker, Task task, IDisposable scope)
   at Microsoft.AspNetCore.Mvc.Infrastructure.ResourceInvoker.<InvokeAsync>g__Awaited|17_0(ResourceInvoker invoker, Task task, IDisposable scope)
   at Swashbuckle.AspNetCore.SwaggerUI.SwaggerUIMiddleware.Invoke(HttpContext httpContext)
   at Swashbuckle.AspNetCore.Swagger.SwaggerMiddleware.Invoke(HttpContext httpContext, ISwaggerProvider swaggerProvider)
   at Microsoft.AspNetCore.Authorization.AuthorizationMiddleware.Invoke(HttpContext context)
   at Microsoft.AspNetCore.Authentication.AuthenticationMiddleware.Invoke(HttpContext context)
   at Microsoft.AspNetCore.RateLimiting.RateLimitingMiddleware.InvokeInternal(HttpContext context, EnableRateLimitingAttribute enableRateLimitingAttribute)
   at Serilog.AspNetCore.RequestLoggingMiddleware.Invoke(HttpContext httpContext)
   at Microsoft.AspNetCore.Diagnostics.DeveloperExceptionPageMiddlewareImpl.Invoke(HttpContext context)
[2026-09-20 11:07:51.160 +05:30 ERR] Microsoft.AspNetCore.Diagnostics.DeveloperExceptionPageMiddleware: An unhandled exception has occurred while executing the request.
System.InvalidOperationException: The PipeWriter 'ResponseBodyPipeWriter' does not implement PipeWriter.UnflushedBytes.
   at System.Text.Json.ThrowHelper.ThrowInvalidOperationException_PipeWriterDoesNotImplementUnflushedBytes(PipeWriter pipeWriter)
   at System.Text.Json.Serialization.Metadata.JsonTypeInfo`1.SerializeAsync(PipeWriter pipeWriter, T rootValue, Int32 flushThreshold, CancellationToken cancellationToken, Object rootValueBoxed)
   at Microsoft.AspNetCore.Mvc.Formatters.SystemTextJsonOutputFormatter.WriteResponseBodyAsync(OutputFormatterWriteContext context, Encoding selectedEncoding)
   at Microsoft.AspNetCore.Mvc.Infrastructure.ResourceInvoker.<InvokeNextResultFilterAsync>g__Awaited|30_0[TFilter,TFilterAsync](ResourceInvoker invoker, Task lastTask, State next, Scope scope, Object state, Boolean isCompleted)
   at Microsoft.AspNetCore.Mvc.Infrastructure.ResourceInvoker.Rethrow(ResultExecutedContextSealed context)
   at Microsoft.AspNetCore.Mvc.Infrastructure.ResourceInvoker.ResultNext[TFilter,TFilterAsync](State& next, Scope& scope, Object& state, Boolean& isCompleted)
   at Microsoft.AspNetCore.Mvc.Infrastructure.ResourceInvoker.InvokeResultFilters()
--- End of stack trace from previous location ---
   at Microsoft.AspNetCore.Mvc.Infrastructure.ResourceInvoker.<InvokeFilterPipelineAsync>g__Awaited|20_0(ResourceInvoker invoker, Task lastTask, State next, Scope scope, Object state, Boolean isCompleted)
   at Microsoft.AspNetCore.Mvc.Infrastructure.ResourceInvoker.<InvokeAsync>g__Awaited|17_0(ResourceInvoker invoker, Task task, IDisposable scope)
   at Microsoft.AspNetCore.Mvc.Infrastructure.ResourceInvoker.<InvokeAsync>g__Awaited|17_0(ResourceInvoker invoker, Task task, IDisposable scope)
   at Swashbuckle.AspNetCore.SwaggerUI.SwaggerUIMiddleware.Invoke(HttpContext httpContext)
   at Swashbuckle.AspNetCore.Swagger.SwaggerMiddleware.Invoke(HttpContext httpContext, ISwaggerProvider swaggerProvider)
   at Microsoft.AspNetCore.Authorization.AuthorizationMiddleware.Invoke(HttpContext context)
   at Microsoft.AspNetCore.Authentication.AuthenticationMiddleware.Invoke(HttpContext context)
   at Microsoft.AspNetCore.RateLimiting.RateLimitingMiddleware.InvokeInternal(HttpContext context, EnableRateLimitingAttribute enableRateLimitingAttribute)
   at Serilog.AspNetCore.RequestLoggingMiddleware.Invoke(HttpContext httpContext)
   at Microsoft.AspNetCore.Diagnostics.DeveloperExceptionPageMiddlewareImpl.Invoke(HttpContext context)
[2026-09-20 11:07:51.163 +05:30 INF] Serilog.AspNetCore.RequestLoggingMiddleware: HTTP GET /api/users responded 401 in 0.2030 ms
[2026-09-20 11:07:51.173 +05:30 INF] Kestrel.Api.Controllers.AuthController: Audit: login succeeded for admin (701cb813-581e-4a4d-bc26-2cacdaa62457) from unknown
[2026-09-20 11:07:51.174 +05:30 ERR] Serilog.AspNetCore.RequestLoggingMiddleware: HTTP POST /api/auth/login responded 500 in 55.2600 ms
System.InvalidOperationException: The PipeWriter 'ResponseBodyPipeWriter' does not implement PipeWriter.UnflushedBytes.
   at System.Text.Json.ThrowHelper.ThrowInvalidOperationException_PipeWriterDoesNotImplementUnflushedBytes(PipeWriter pipeWriter)
   at System.Text.Json.Serialization.Metadata.JsonTypeInfo`1.SerializeAsync(PipeWriter pipeWriter, T rootValue, Int32 flushThreshold, CancellationToken cancellationToken, Object rootValueBoxed)
   at Microsoft.AspNetCore.Mvc.Formatters.SystemTextJsonOutputFormatter.WriteResponseBodyAsync(OutputFormatterWriteContext context, Encoding selectedEncoding)
   at Microsoft.AspNetCore.Mvc.Infrastructure.ResourceInvoker.<InvokeNextResultFilterAsync>g__Awaited|30_0[TFilter,TFilterAsync](ResourceInvoker invoker, Task lastTask, State next, Scope scope, Object state, Boolean isCompleted)
   at Microsoft.AspNetCore.Mvc.Infrastructure.ResourceInvoker.Rethrow(ResultExecutedContextSealed context)
   at Microsoft.AspNetCore.Mvc.Infrastructure.ResourceInvoker.ResultNext[TFilter,TFilterAsync](State& next, Scope& scope, Object& state, Boolean& isCompleted)
   at Microsoft.AspNetCore.Mvc.Infrastructure.ResourceInvoker.InvokeResultFilters()
--- End of stack trace from previous location ---
   at Microsoft.AspNetCore.Mvc.Infrastructure.ResourceInvoker.<InvokeFilterPipelineAsync>g__Awaited|20_0(ResourceInvoker invoker, Task lastTask, State next, Scope scope, Object state, Boolean isCompleted)
   at Microsoft.AspNetCore.Mvc.Infrastructure.ResourceInvoker.<InvokeAsync>g__Awaited|17_0(ResourceInvoker invoker, Task task, IDisposable scope)
   at Microsoft.AspNetCore.Mvc.Infrastructure.ResourceInvoker.<InvokeAsync>g__Awaited|17_0(ResourceInvoker invoker, Task task, IDisposable scope)
   at Swashbuckle.AspNetCore.SwaggerUI.SwaggerUIMiddleware.Invoke(HttpContext httpContext)
   at Swashbuckle.AspNetCore.Swagger.SwaggerMiddleware.Invoke(HttpContext httpContext, ISwaggerProvider swaggerProvider)
   at Microsoft.AspNetCore.Authorization.AuthorizationMiddleware.Invoke(HttpContext context)
   at Microsoft.AspNetCore.Authentication.AuthenticationMiddleware.Invoke(HttpContext context)
   at Microsoft.AspNetCore.RateLimiting.RateLimitingMiddleware.InvokeInternal(HttpContext context, EnableRateLimitingAttribute enableRateLimitingAttribute)
   at Serilog.AspNetCore.RequestLoggingMiddleware.Invoke(HttpContext httpContext)
[2026-09-20 11:07:51.175 +05:30 ERR] Microsoft.AspNetCore.Diagnostics.DeveloperExceptionPageMiddleware: An unhandled exception has occurred while executing the request.
System.InvalidOperationException: The PipeWriter 'ResponseBodyPipeWriter' does not implement PipeWriter.UnflushedBytes.
   at System.Text.Json.ThrowHelper.ThrowInvalidOperationException_PipeWriterDoesNotImplementUnflushedBytes(PipeWriter pipeWriter)
   at System.Text.Json.Serialization.Metadata.JsonTypeInfo`1.SerializeAsync(PipeWriter pipeWriter, T rootValue, Int32 flushThreshold, CancellationToken cancellationToken, Object rootValueBoxed)
   at Microsoft.AspNetCore.Mvc.Formatters.SystemTextJsonOutputFormatter.WriteResponseBodyAsync(OutputFormatterWriteContext context, Encoding selectedEncoding)
   at Microsoft.AspNetCore.Mvc.Infrastructure.ResourceInvoker.<InvokeNextResultFilterAsync>g__Awaited|30_0[TFilter,TFilterAsync](ResourceInvoker invoker, Task lastTask, State next, Scope scope, Object state, Boolean isCompleted)
   at Microsoft.AspNetCore.Mvc.Infrastructure.ResourceInvoker.Rethrow(ResultExecutedContextSealed context)
   at Microsoft.AspNetCore.Mvc.Infrastructure.ResourceInvoker.ResultNext[TFilter,TFilterAsync](State& next, Scope& scope, Object& state, Boolean& isCompleted)
   at Microsoft.AspNetCore.Mvc.Infrastructure.ResourceInvoker.InvokeResultFilters()
--- End of stack trace from previous location ---
   at Microsoft.AspNetCore.Mvc.Infrastructure.ResourceInvoker.<InvokeFilterPipelineAsync>g__Awaited|20_0(ResourceInvoker invoker, Task lastTask, State next, Scope scope, Object state, Boolean isCompleted)
   at Microsoft.AspNetCore.Mvc.Infrastructure.ResourceInvoker.<InvokeAsync>g__Awaited|17_0(ResourceInvoker invoker, Task task, IDisposable scope)
   at Microsoft.AspNetCore.Mvc.Infrastructure.ResourceInvoker.<InvokeAsync>g__Awaited|17_0(ResourceInvoker invoker, Task task, IDisposable scope)
   at Swashbuckle.AspNetCore.SwaggerUI.SwaggerUIMiddleware.Invoke(HttpContext httpContext)
   at Swashbuckle.AspNetCore.Swagger.SwaggerMiddleware.Invoke(HttpContext httpContext, ISwaggerProvider swaggerProvider)
   at Microsoft.AspNetCore.Authorization.AuthorizationMiddleware.Invoke(HttpContext context)
   at Microsoft.AspNetCore.Authentication.AuthenticationMiddleware.Invoke(HttpContext context)
   at Microsoft.AspNetCore.RateLimiting.RateLimitingMiddleware.InvokeInternal(HttpContext context, EnableRateLimitingAttribute enableRateLimitingAttribute)
   at Serilog.AspNetCore.RequestLoggingMiddleware.Invoke(HttpContext httpContext)
   at Microsoft.AspNetCore.Diagnostics.DeveloperExceptionPageMiddlewareImpl.Invoke(HttpContext context)
[2026-09-20 11:07:51.176 +05:30 INF] Serilog.AspNetCore.RequestLoggingMiddleware: HTTP POST /api/users responded 401 in 0.3659 ms
[2026-09-20 11:07:51.178 +05:30 WRN] Kestrel.Api.Controllers.AuthController: Audit: login failed (unknown user) for viewer_af726e8698374b6094e89cd7932495c1 from unknown
[2026-09-20 11:07:51.178 +05:30 ERR] Serilog.AspNetCore.RequestLoggingMiddleware: HTTP POST /api/auth/login responded 500 in 1.0452 ms
System.InvalidOperationException: The PipeWriter 'ResponseBodyPipeWriter' does not implement PipeWriter.UnflushedBytes.
   at System.Text.Json.ThrowHelper.ThrowInvalidOperationException_PipeWriterDoesNotImplementUnflushedBytes(PipeWriter pipeWriter)
   at System.Text.Json.Serialization.Metadata.JsonTypeInfo`1.SerializeAsync(PipeWriter pipeWriter, T rootValue, Int32 flushThreshold, CancellationToken cancellationToken, Object rootValueBoxed)
   at Microsoft.AspNetCore.Mvc.Formatters.SystemTextJsonOutputFormatter.WriteResponseBodyAsync(OutputFormatterWriteContext context, Encoding selectedEncoding)
   at Microsoft.AspNetCore.Mvc.Infrastructure.ResourceInvoker.<InvokeNextResultFilterAsync>g__Awaited|30_0[TFilter,TFilterAsync](ResourceInvoker invoker, Task lastTask, State next, Scope scope, Object state, Boolean isCompleted)
   at Microsoft.AspNetCore.Mvc.Infrastructure.ResourceInvoker.Rethrow(ResultExecutedContextSealed context)
   at Microsoft.AspNetCore.Mvc.Infrastructure.ResourceInvoker.ResultNext[TFilter,TFilterAsync](State& next, Scope& scope, Object& state, Boolean& isCompleted)
   at Microsoft.AspNetCore.Mvc.Infrastructure.ResourceInvoker.InvokeResultFilters()
--- End of stack trace from previous location ---
   at Microsoft.AspNetCore.Mvc.Infrastructure.ResourceInvoker.<InvokeFilterPipelineAsync>g__Awaited|20_0(ResourceInvoker invoker, Task lastTask, State next, Scope scope, Object state, Boolean isCompleted)
   at Microsoft.AspNetCore.Mvc.Infrastructure.ResourceInvoker.<InvokeAsync>g__Awaited|17_0(ResourceInvoker invoker, Task task, IDisposable scope)
   at Microsoft.AspNetCore.Mvc.Infrastructure.ResourceInvoker.<InvokeAsync>g__Awaited|17_0(ResourceInvoker invoker, Task task, IDisposable scope)
   at Swashbuckle.AspNetCore.SwaggerUI.SwaggerUIMiddleware.Invoke(HttpContext httpContext)
   at Swashbuckle.AspNetCore.Swagger.SwaggerMiddleware.Invoke(HttpContext httpContext, ISwaggerProvider swaggerProvider)
   at Microsoft.AspNetCore.Authorization.AuthorizationMiddleware.Invoke(HttpContext context)
   at Microsoft.AspNetCore.Authentication.AuthenticationMiddleware.Invoke(HttpContext context)
   at Microsoft.AspNetCore.RateLimiting.RateLimitingMiddleware.InvokeInternal(HttpContext context, EnableRateLimitingAttribute enableRateLimitingAttribute)
   at Serilog.AspNetCore.RequestLoggingMiddleware.Invoke(HttpContext httpContext)
[2026-09-20 11:07:51.178 +05:30 ERR] Microsoft.AspNetCore.Diagnostics.DeveloperExceptionPageMiddleware: An unhandled exception has occurred while executing the request.
System.InvalidOperationException: The PipeWriter 'ResponseBodyPipeWriter' does not implement PipeWriter.UnflushedBytes.
   at System.Text.Json.ThrowHelper.ThrowInvalidOperationException_PipeWriterDoesNotImplementUnflushedBytes(PipeWriter pipeWriter)
   at System.Text.Json.Serialization.Metadata.JsonTypeInfo`1.SerializeAsync(PipeWriter pipeWriter, T rootValue, Int32 flushThreshold, CancellationToken cancellationToken, Object rootValueBoxed)
   at Microsoft.AspNetCore.Mvc.Formatters.SystemTextJsonOutputFormatter.WriteResponseBodyAsync(OutputFormatterWriteContext context, Encoding selectedEncoding)
   at Microsoft.AspNetCore.Mvc.Infrastructure.ResourceInvoker.<InvokeNextResultFilterAsync>g__Awaited|30_0[TFilter,TFilterAsync](ResourceInvoker invoker, Task lastTask, State next, Scope scope, Object state, Boolean isCompleted)
   at Microsoft.AspNetCore.Mvc.Infrastructure.ResourceInvoker.Rethrow(ResultExecutedContextSealed context)
   at Microsoft.AspNetCore.Mvc.Infrastructure.ResourceInvoker.ResultNext[TFilter,TFilterAsync](State& next, Scope& scope, Object& state, Boolean& isCompleted)
   at Microsoft.AspNetCore.Mvc.Infrastructure.ResourceInvoker.InvokeResultFilters()
--- End of stack trace from previous location ---
   at Microsoft.AspNetCore.Mvc.Infrastructure.ResourceInvoker.<InvokeFilterPipelineAsync>g__Awaited|20_0(ResourceInvoker invoker, Task lastTask, State next, Scope scope, Object state, Boolean isCompleted)
   at Microsoft.AspNetCore.Mvc.Infrastructure.ResourceInvoker.<InvokeAsync>g__Awaited|17_0(ResourceInvoker invoker, Task task, IDisposable scope)
   at Microsoft.AspNetCore.Mvc.Infrastructure.ResourceInvoker.<InvokeAsync>g__Awaited|17_0(ResourceInvoker invoker, Task task, IDisposable scope)
   at Swashbuckle.AspNetCore.SwaggerUI.SwaggerUIMiddleware.Invoke(HttpContext httpContext)
   at Swashbuckle.AspNetCore.Swagger.SwaggerMiddleware.Invoke(HttpContext httpContext, ISwaggerProvider swaggerProvider)
   at Microsoft.AspNetCore.Authorization.AuthorizationMiddleware.Invoke(HttpContext context)
   at Microsoft.AspNetCore.Authentication.AuthenticationMiddleware.Invoke(HttpContext context)
   at Microsoft.AspNetCore.RateLimiting.RateLimitingMiddleware.InvokeInternal(HttpContext context, EnableRateLimitingAttribute enableRateLimitingAttribute)
   at Serilog.AspNetCore.RequestLoggingMiddleware.Invoke(HttpContext httpContext)
   at Microsoft.AspNetCore.Diagnostics.DeveloperExceptionPageMiddlewareImpl.Invoke(HttpContext context)
[2026-09-20 11:07:51.180 +05:30 INF] Serilog.AspNetCore.RequestLoggingMiddleware: HTTP GET /api/events responded 401 in 0.1010 ms
[2026-09-20 11:07:51.219 +05:30 INF] Kestrel.Api.Controllers.AuthController: Audit: login succeeded for admin (2e05f0d7-2e9b-4c82-9454-5409527d5557) from unknown
[2026-09-20 11:07:51.219 +05:30 INF] Kestrel.Api.Controllers.AuthController: Audit: login succeeded for admin (b58d04c6-c3cd-4aa9-a6a2-1901f15a072b) from unknown
[2026-09-20 11:07:51.220 +05:30 ERR] Serilog.AspNetCore.RequestLoggingMiddleware: HTTP POST /api/auth/login responded 500 in 56.7727 ms
System.InvalidOperationException: The PipeWriter 'ResponseBodyPipeWriter' does not implement PipeWriter.UnflushedBytes.
   at System.Text.Json.ThrowHelper.ThrowInvalidOperationException_PipeWriterDoesNotImplementUnflushedBytes(PipeWriter pipeWriter)
   at System.Text.Json.Serialization.Metadata.JsonTypeInfo`1.SerializeAsync(PipeWriter pipeWriter, T rootValue, Int32 flushThreshold, CancellationToken cancellationToken, Object rootValueBoxed)
   at Microsoft.AspNetCore.Mvc.Formatters.SystemTextJsonOutputFormatter.WriteResponseBodyAsync(OutputFormatterWriteContext context, Encoding selectedEncoding)
   at Microsoft.AspNetCore.Mvc.Infrastructure.ResourceInvoker.<InvokeNextResultFilterAsync>g__Awaited|30_0[TFilter,TFilterAsync](ResourceInvoker invoker, Task lastTask, State next, Scope scope, Object state, Boolean isCompleted)
   at Microsoft.AspNetCore.Mvc.Infrastructure.ResourceInvoker.Rethrow(ResultExecutedContextSealed context)
   at Microsoft.AspNetCore.Mvc.Infrastructure.ResourceInvoker.ResultNext[TFilter,TFilterAsync](State& next, Scope& scope, Object& state, Boolean& isCompleted)
   at Microsoft.AspNetCore.Mvc.Infrastructure.ResourceInvoker.InvokeResultFilters()
--- End of stack trace from previous location ---
   at Microsoft.AspNetCore.Mvc.Infrastructure.ResourceInvoker.<InvokeFilterPipelineAsync>g__Awaited|20_0(ResourceInvoker invoker, Task lastTask, State next, Scope scope, Object state, Boolean isCompleted)
   at Microsoft.AspNetCore.Mvc.Infrastructure.ResourceInvoker.<InvokeAsync>g__Awaited|17_0(ResourceInvoker invoker, Task task, IDisposable scope)
   at Microsoft.AspNetCore.Mvc.Infrastructure.ResourceInvoker.<InvokeAsync>g__Awaited|17_0(ResourceInvoker invoker, Task task, IDisposable scope)
   at Swashbuckle.AspNetCore.SwaggerUI.SwaggerUIMiddleware.Invoke(HttpContext httpContext)
   at Swashbuckle.AspNetCore.Swagger.SwaggerMiddleware.Invoke(HttpContext httpContext, ISwaggerProvider swaggerProvider)
   at Microsoft.AspNetCore.Authorization.AuthorizationMiddleware.Invoke(HttpContext context)
   at Microsoft.AspNetCore.Authentication.AuthenticationMiddleware.Invoke(HttpContext context)
   at Microsoft.AspNetCore.RateLimiting.RateLimitingMiddleware.InvokeInternal(HttpContext context, EnableRateLimitingAttribute enableRateLimitingAttribute)
   at Serilog.AspNetCore.RequestLoggingMiddleware.Invoke(HttpContext httpContext)
[2026-09-20 11:07:51.220 +05:30 ERR] Serilog.AspNetCore.RequestLoggingMiddleware: HTTP POST /api/auth/login responded 500 in 55.0330 ms
System.InvalidOperationException: The PipeWriter 'ResponseBodyPipeWriter' does not implement PipeWriter.UnflushedBytes.
   at System.Text.Json.ThrowHelper.ThrowInvalidOperationException_PipeWriterDoesNotImplementUnflushedBytes(PipeWriter pipeWriter)
   at System.Text.Json.Serialization.Metadata.JsonTypeInfo`1.SerializeAsync(PipeWriter pipeWriter, T rootValue, Int32 flushThreshold, CancellationToken cancellationToken, Object rootValueBoxed)
   at Microsoft.AspNetCore.Mvc.Formatters.SystemTextJsonOutputFormatter.WriteResponseBodyAsync(OutputFormatterWriteContext context, Encoding selectedEncoding)
   at Microsoft.AspNetCore.Mvc.Infrastructure.ResourceInvoker.<InvokeNextResultFilterAsync>g__Awaited|30_0[TFilter,TFilterAsync](ResourceInvoker invoker, Task lastTask, State next, Scope scope, Object state, Boolean isCompleted)
   at Microsoft.AspNetCore.Mvc.Infrastructure.ResourceInvoker.Rethrow(ResultExecutedContextSealed context)
   at Microsoft.AspNetCore.Mvc.Infrastructure.ResourceInvoker.ResultNext[TFilter,TFilterAsync](State& next, Scope& scope, Object& state, Boolean& isCompleted)
   at Microsoft.AspNetCore.Mvc.Infrastructure.ResourceInvoker.InvokeResultFilters()
--- End of stack trace from previous location ---
   at Microsoft.AspNetCore.Mvc.Infrastructure.ResourceInvoker.<InvokeFilterPipelineAsync>g__Awaited|20_0(ResourceInvoker invoker, Task lastTask, State next, Scope scope, Object state, Boolean isCompleted)
   at Microsoft.AspNetCore.Mvc.Infrastructure.ResourceInvoker.<InvokeAsync>g__Awaited|17_0(ResourceInvoker invoker, Task task, IDisposable scope)
   at Microsoft.AspNetCore.Mvc.Infrastructure.ResourceInvoker.<InvokeAsync>g__Awaited|17_0(ResourceInvoker invoker, Task task, IDisposable scope)
   at Swashbuckle.AspNetCore.SwaggerUI.SwaggerUIMiddleware.Invoke(HttpContext httpContext)
   at Swashbuckle.AspNetCore.Swagger.SwaggerMiddleware.Invoke(HttpContext httpContext, ISwaggerProvider swaggerProvider)
   at Microsoft.AspNetCore.Authorization.AuthorizationMiddleware.Invoke(HttpContext context)
   at Microsoft.AspNetCore.Authentication.AuthenticationMiddleware.Invoke(HttpContext context)
   at Microsoft.AspNetCore.RateLimiting.RateLimitingMiddleware.InvokeInternal(HttpContext context, EnableRateLimitingAttribute enableRateLimitingAttribute)
   at Serilog.AspNetCore.RequestLoggingMiddleware.Invoke(HttpContext httpContext)
[2026-09-20 11:07:51.220 +05:30 ERR] Microsoft.AspNetCore.Diagnostics.DeveloperExceptionPageMiddleware: An unhandled exception has occurred while executing the request.
System.InvalidOperationException: The PipeWriter 'ResponseBodyPipeWriter' does not implement PipeWriter.UnflushedBytes.
   at System.Text.Json.ThrowHelper.ThrowInvalidOperationException_PipeWriterDoesNotImplementUnflushedBytes(PipeWriter pipeWriter)
   at System.Text.Json.Serialization.Metadata.JsonTypeInfo`1.SerializeAsync(PipeWriter pipeWriter, T rootValue, Int32 flushThreshold, CancellationToken cancellationToken, Object rootValueBoxed)
   at Microsoft.AspNetCore.Mvc.Formatters.SystemTextJsonOutputFormatter.WriteResponseBodyAsync(OutputFormatterWriteContext context, Encoding selectedEncoding)
   at Microsoft.AspNetCore.Mvc.Infrastructure.ResourceInvoker.<InvokeNextResultFilterAsync>g__Awaited|30_0[TFilter,TFilterAsync](ResourceInvoker invoker, Task lastTask, State next, Scope scope, Object state, Boolean isCompleted)
   at Microsoft.AspNetCore.Mvc.Infrastructure.ResourceInvoker.Rethrow(ResultExecutedContextSealed context)
   at Microsoft.AspNetCore.Mvc.Infrastructure.ResourceInvoker.ResultNext[TFilter,TFilterAsync](State& next, Scope& scope, Object& state, Boolean& isCompleted)
   at Microsoft.AspNetCore.Mvc.Infrastructure.ResourceInvoker.InvokeResultFilters()
--- End of stack trace from previous location ---
   at Microsoft.AspNetCore.Mvc.Infrastructure.ResourceInvoker.<InvokeFilterPipelineAsync>g__Awaited|20_0(ResourceInvoker invoker, Task lastTask, State next, Scope scope, Object state, Boolean isCompleted)
   at Microsoft.AspNetCore.Mvc.Infrastructure.ResourceInvoker.<InvokeAsync>g__Awaited|17_0(ResourceInvoker invoker, Task task, IDisposable scope)
   at Microsoft.AspNetCore.Mvc.Infrastructure.ResourceInvoker.<InvokeAsync>g__Awaited|17_0(ResourceInvoker invoker, Task task, IDisposable scope)
   at Swashbuckle.AspNetCore.SwaggerUI.SwaggerUIMiddleware.Invoke(HttpContext httpContext)
   at Swashbuckle.AspNetCore.Swagger.SwaggerMiddleware.Invoke(HttpContext httpContext, ISwaggerProvider swaggerProvider)
   at Microsoft.AspNetCore.Authorization.AuthorizationMiddleware.Invoke(HttpContext context)
   at Microsoft.AspNetCore.Authentication.AuthenticationMiddleware.Invoke(HttpContext context)
   at Microsoft.AspNetCore.RateLimiting.RateLimitingMiddleware.InvokeInternal(HttpContext context, EnableRateLimitingAttribute enableRateLimitingAttribute)
   at Serilog.AspNetCore.RequestLoggingMiddleware.Invoke(HttpContext httpContext)
   at Microsoft.AspNetCore.Diagnostics.DeveloperExceptionPageMiddlewareImpl.Invoke(HttpContext context)
[2026-09-20 11:07:51.221 +05:30 ERR] Microsoft.AspNetCore.Diagnostics.DeveloperExceptionPageMiddleware: An unhandled exception has occurred while executing the request.
System.InvalidOperationException: The PipeWriter 'ResponseBodyPipeWriter' does not implement PipeWriter.UnflushedBytes.
   at System.Text.Json.ThrowHelper.ThrowInvalidOperationException_PipeWriterDoesNotImplementUnflushedBytes(PipeWriter pipeWriter)
   at System.Text.Json.Serialization.Metadata.JsonTypeInfo`1.SerializeAsync(PipeWriter pipeWriter, T rootValue, Int32 flushThreshold, CancellationToken cancellationToken, Object rootValueBoxed)
   at Microsoft.AspNetCore.Mvc.Formatters.SystemTextJsonOutputFormatter.WriteResponseBodyAsync(OutputFormatterWriteContext context, Encoding selectedEncoding)
   at Microsoft.AspNetCore.Mvc.Infrastructure.ResourceInvoker.<InvokeNextResultFilterAsync>g__Awaited|30_0[TFilter,TFilterAsync](ResourceInvoker invoker, Task lastTask, State next, Scope scope, Object state, Boolean isCompleted)
   at Microsoft.AspNetCore.Mvc.Infrastructure.ResourceInvoker.Rethrow(ResultExecutedContextSealed context)
   at Microsoft.AspNetCore.Mvc.Infrastructure.ResourceInvoker.ResultNext[TFilter,TFilterAsync](State& next, Scope& scope, Object& state, Boolean& isCompleted)
   at Microsoft.AspNetCore.Mvc.Infrastructure.ResourceInvoker.InvokeResultFilters()
--- End of stack trace from previous location ---
   at Microsoft.AspNetCore.Mvc.Infrastructure.ResourceInvoker.<InvokeFilterPipelineAsync>g__Awaited|20_0(ResourceInvoker invoker, Task lastTask, State next, Scope scope, Object state, Boolean isCompleted)
   at Microsoft.AspNetCore.Mvc.Infrastructure.ResourceInvoker.<InvokeAsync>g__Awaited|17_0(ResourceInvoker invoker, Task task, IDisposable scope)
   at Microsoft.AspNetCore.Mvc.Infrastructure.ResourceInvoker.<InvokeAsync>g__Awaited|17_0(ResourceInvoker invoker, Task task, IDisposable scope)
   at Swashbuckle.AspNetCore.SwaggerUI.SwaggerUIMiddleware.Invoke(HttpContext httpContext)
   at Swashbuckle.AspNetCore.Swagger.SwaggerMiddleware.Invoke(HttpContext httpContext, ISwaggerProvider swaggerProvider)
   at Microsoft.AspNetCore.Authorization.AuthorizationMiddleware.Invoke(HttpContext context)
   at Microsoft.AspNetCore.Authentication.AuthenticationMiddleware.Invoke(HttpContext context)
   at Microsoft.AspNetCore.RateLimiting.RateLimitingMiddleware.InvokeInternal(HttpContext context, EnableRateLimitingAttribute enableRateLimitingAttribute)
   at Serilog.AspNetCore.RequestLoggingMiddleware.Invoke(HttpContext httpContext)
   at Microsoft.AspNetCore.Diagnostics.DeveloperExceptionPageMiddlewareImpl.Invoke(HttpContext context)
[2026-09-20 11:07:51.236 +05:30 INF] Kestrel.Api.Controllers.AuthController: Audit: login succeeded for admin (701cb813-581e-4a4d-bc26-2cacdaa62457) from unknown
[2026-09-20 11:07:51.237 +05:30 ERR] Serilog.AspNetCore.RequestLoggingMiddleware: HTTP POST /api/auth/login responded 500 in 55.6893 ms
System.InvalidOperationException: The PipeWriter 'ResponseBodyPipeWriter' does not implement PipeWriter.UnflushedBytes.
   at System.Text.Json.ThrowHelper.ThrowInvalidOperationException_PipeWriterDoesNotImplementUnflushedBytes(PipeWriter pipeWriter)
   at System.Text.Json.Serialization.Metadata.JsonTypeInfo`1.SerializeAsync(PipeWriter pipeWriter, T rootValue, Int32 flushThreshold, CancellationToken cancellationToken, Object rootValueBoxed)
   at Microsoft.AspNetCore.Mvc.Formatters.SystemTextJsonOutputFormatter.WriteResponseBodyAsync(OutputFormatterWriteContext context, Encoding selectedEncoding)
   at Microsoft.AspNetCore.Mvc.Infrastructure.ResourceInvoker.<InvokeNextResultFilterAsync>g__Awaited|30_0[TFilter,TFilterAsync](ResourceInvoker invoker, Task lastTask, State next, Scope scope, Object state, Boolean isCompleted)
   at Microsoft.AspNetCore.Mvc.Infrastructure.ResourceInvoker.Rethrow(ResultExecutedContextSealed context)
   at Microsoft.AspNetCore.Mvc.Infrastructure.ResourceInvoker.ResultNext[TFilter,TFilterAsync](State& next, Scope& scope, Object& state, Boolean& isCompleted)
   at Microsoft.AspNetCore.Mvc.Infrastructure.ResourceInvoker.InvokeResultFilters()
--- End of stack trace from previous location ---
   at Microsoft.AspNetCore.Mvc.Infrastructure.ResourceInvoker.<InvokeFilterPipelineAsync>g__Awaited|20_0(ResourceInvoker invoker, Task lastTask, State next, Scope scope, Object state, Boolean isCompleted)
   at Microsoft.AspNetCore.Mvc.Infrastructure.ResourceInvoker.<InvokeAsync>g__Awaited|17_0(ResourceInvoker invoker, Task task, IDisposable scope)
   at Microsoft.AspNetCore.Mvc.Infrastructure.ResourceInvoker.<InvokeAsync>g__Awaited|17_0(ResourceInvoker invoker, Task task, IDisposable scope)
   at Swashbuckle.AspNetCore.SwaggerUI.SwaggerUIMiddleware.Invoke(HttpContext httpContext)
   at Swashbuckle.AspNetCore.Swagger.SwaggerMiddleware.Invoke(HttpContext httpContext, ISwaggerProvider swaggerProvider)
   at Microsoft.AspNetCore.Authorization.AuthorizationMiddleware.Invoke(HttpContext context)
   at Microsoft.AspNetCore.Authentication.AuthenticationMiddleware.Invoke(HttpContext context)
   at Microsoft.AspNetCore.RateLimiting.RateLimitingMiddleware.InvokeInternal(HttpContext context, EnableRateLimitingAttribute enableRateLimitingAttribute)
   at Serilog.AspNetCore.RequestLoggingMiddleware.Invoke(HttpContext httpContext)
[2026-09-20 11:07:51.237 +05:30 ERR] Microsoft.AspNetCore.Diagnostics.DeveloperExceptionPageMiddleware: An unhandled exception has occurred while executing the request.
System.InvalidOperationException: The PipeWriter 'ResponseBodyPipeWriter' does not implement PipeWriter.UnflushedBytes.
   at System.Text.Json.ThrowHelper.ThrowInvalidOperationException_PipeWriterDoesNotImplementUnflushedBytes(PipeWriter pipeWriter)
   at System.Text.Json.Serialization.Metadata.JsonTypeInfo`1.SerializeAsync(PipeWriter pipeWriter, T rootValue, Int32 flushThreshold, CancellationToken cancellationToken, Object rootValueBoxed)
   at Microsoft.AspNetCore.Mvc.Formatters.SystemTextJsonOutputFormatter.WriteResponseBodyAsync(OutputFormatterWriteContext context, Encoding selectedEncoding)
   at Microsoft.AspNetCore.Mvc.Infrastructure.ResourceInvoker.<InvokeNextResultFilterAsync>g__Awaited|30_0[TFilter,TFilterAsync](ResourceInvoker invoker, Task lastTask, State next, Scope scope, Object state, Boolean isCompleted)
   at Microsoft.AspNetCore.Mvc.Infrastructure.ResourceInvoker.Rethrow(ResultExecutedContextSealed context)
   at Microsoft.AspNetCore.Mvc.Infrastructure.ResourceInvoker.ResultNext[TFilter,TFilterAsync](State& next, Scope& scope, Object& state, Boolean& isCompleted)
   at Microsoft.AspNetCore.Mvc.Infrastructure.ResourceInvoker.InvokeResultFilters()
--- End of stack trace from previous location ---
   at Microsoft.AspNetCore.Mvc.Infrastructure.ResourceInvoker.<InvokeFilterPipelineAsync>g__Awaited|20_0(ResourceInvoker invoker, Task lastTask, State next, Scope scope, Object state, Boolean isCompleted)
   at Microsoft.AspNetCore.Mvc.Infrastructure.ResourceInvoker.<InvokeAsync>g__Awaited|17_0(ResourceInvoker invoker, Task task, IDisposable scope)
   at Microsoft.AspNetCore.Mvc.Infrastructure.ResourceInvoker.<InvokeAsync>g__Awaited|17_0(ResourceInvoker invoker, Task task, IDisposable scope)
   at Swashbuckle.AspNetCore.SwaggerUI.SwaggerUIMiddleware.Invoke(HttpContext httpContext)
   at Swashbuckle.AspNetCore.Swagger.SwaggerMiddleware.Invoke(HttpContext httpContext, ISwaggerProvider swaggerProvider)
   at Microsoft.AspNetCore.Authorization.AuthorizationMiddleware.Invoke(HttpContext context)
   at Microsoft.AspNetCore.Authentication.AuthenticationMiddleware.Invoke(HttpContext context)
   at Microsoft.AspNetCore.RateLimiting.RateLimitingMiddleware.InvokeInternal(HttpContext context, EnableRateLimitingAttribute enableRateLimitingAttribute)
   at Serilog.AspNetCore.RequestLoggingMiddleware.Invoke(HttpContext httpContext)
   at Microsoft.AspNetCore.Diagnostics.DeveloperExceptionPageMiddlewareImpl.Invoke(HttpContext context)
[2026-09-20 11:07:51.278 +05:30 INF] Kestrel.Api.Controllers.AuthController: Audit: login succeeded for admin (b58d04c6-c3cd-4aa9-a6a2-1901f15a072b) from unknown
[2026-09-20 11:07:51.278 +05:30 ERR] Serilog.AspNetCore.RequestLoggingMiddleware: HTTP POST /api/auth/login responded 500 in 55.1875 ms
System.InvalidOperationException: The PipeWriter 'ResponseBodyPipeWriter' does not implement PipeWriter.UnflushedBytes.
   at System.Text.Json.ThrowHelper.ThrowInvalidOperationException_PipeWriterDoesNotImplementUnflushedBytes(PipeWriter pipeWriter)
   at System.Text.Json.Serialization.Metadata.JsonTypeInfo`1.SerializeAsync(PipeWriter pipeWriter, T rootValue, Int32 flushThreshold, CancellationToken cancellationToken, Object rootValueBoxed)
   at Microsoft.AspNetCore.Mvc.Formatters.SystemTextJsonOutputFormatter.WriteResponseBodyAsync(OutputFormatterWriteContext context, Encoding selectedEncoding)
   at Microsoft.AspNetCore.Mvc.Infrastructure.ResourceInvoker.<InvokeNextResultFilterAsync>g__Awaited|30_0[TFilter,TFilterAsync](ResourceInvoker invoker, Task lastTask, State next, Scope scope, Object state, Boolean isCompleted)
   at Microsoft.AspNetCore.Mvc.Infrastructure.ResourceInvoker.Rethrow(ResultExecutedContextSealed context)
   at Microsoft.AspNetCore.Mvc.Infrastructure.ResourceInvoker.ResultNext[TFilter,TFilterAsync](State& next, Scope& scope, Object& state, Boolean& isCompleted)
   at Microsoft.AspNetCore.Mvc.Infrastructure.ResourceInvoker.InvokeResultFilters()
--- End of stack trace from previous location ---
   at Microsoft.AspNetCore.Mvc.Infrastructure.ResourceInvoker.<InvokeFilterPipelineAsync>g__Awaited|20_0(ResourceInvoker invoker, Task lastTask, State next, Scope scope, Object state, Boolean isCompleted)
   at Microsoft.AspNetCore.Mvc.Infrastructure.ResourceInvoker.<InvokeAsync>g__Awaited|17_0(ResourceInvoker invoker, Task task, IDisposable scope)
   at Microsoft.AspNetCore.Mvc.Infrastructure.ResourceInvoker.<InvokeAsync>g__Awaited|17_0(ResourceInvoker invoker, Task task, IDisposable scope)
   at Swashbuckle.AspNetCore.SwaggerUI.SwaggerUIMiddleware.Invoke(HttpContext httpContext)
   at Swashbuckle.AspNetCore.Swagger.SwaggerMiddleware.Invoke(HttpContext httpContext, ISwaggerProvider swaggerProvider)
   at Microsoft.AspNetCore.Authorization.AuthorizationMiddleware.Invoke(HttpContext context)
   at Microsoft.AspNetCore.Authentication.AuthenticationMiddleware.Invoke(HttpContext context)
   at Microsoft.AspNetCore.RateLimiting.RateLimitingMiddleware.InvokeInternal(HttpContext context, EnableRateLimitingAttribute enableRateLimitingAttribute)
   at Serilog.AspNetCore.RequestLoggingMiddleware.Invoke(HttpContext httpContext)
[2026-09-20 11:07:51.279 +05:30 INF] Kestrel.Api.Controllers.AuthController: Audit: login succeeded for admin (2e05f0d7-2e9b-4c82-9454-5409527d5557) from unknown
[2026-09-20 11:07:51.279 +05:30 ERR] Microsoft.AspNetCore.Diagnostics.DeveloperExceptionPageMiddleware: An unhandled exception has occurred while executing the request.
System.InvalidOperationException: The PipeWriter 'ResponseBodyPipeWriter' does not implement PipeWriter.UnflushedBytes.
   at System.Text.Json.ThrowHelper.ThrowInvalidOperationException_PipeWriterDoesNotImplementUnflushedBytes(PipeWriter pipeWriter)
   at System.Text.Json.Serialization.Metadata.JsonTypeInfo`1.SerializeAsync(PipeWriter pipeWriter, T rootValue, Int32 flushThreshold, CancellationToken cancellationToken, Object rootValueBoxed)
   at Microsoft.AspNetCore.Mvc.Formatters.SystemTextJsonOutputFormatter.WriteResponseBodyAsync(OutputFormatterWriteContext context, Encoding selectedEncoding)
   at Microsoft.AspNetCore.Mvc.Infrastructure.ResourceInvoker.<InvokeNextResultFilterAsync>g__Awaited|30_0[TFilter,TFilterAsync](ResourceInvoker invoker, Task lastTask, State next, Scope scope, Object state, Boolean isCompleted)
   at Microsoft.AspNetCore.Mvc.Infrastructure.ResourceInvoker.Rethrow(ResultExecutedContextSealed context)
   at Microsoft.AspNetCore.Mvc.Infrastructure.ResourceInvoker.ResultNext[TFilter,TFilterAsync](State& next, Scope& scope, Object& state, Boolean& isCompleted)
   at Microsoft.AspNetCore.Mvc.Infrastructure.ResourceInvoker.InvokeResultFilters()
--- End of stack trace from previous location ---
   at Microsoft.AspNetCore.Mvc.Infrastructure.ResourceInvoker.<InvokeFilterPipelineAsync>g__Awaited|20_0(ResourceInvoker invoker, Task lastTask, State next, Scope scope, Object state, Boolean isCompleted)
   at Microsoft.AspNetCore.Mvc.Infrastructure.ResourceInvoker.<InvokeAsync>g__Awaited|17_0(ResourceInvoker invoker, Task task, IDisposable scope)
   at Microsoft.AspNetCore.Mvc.Infrastructure.ResourceInvoker.<InvokeAsync>g__Awaited|17_0(ResourceInvoker invoker, Task task, IDisposable scope)
   at Swashbuckle.AspNetCore.SwaggerUI.SwaggerUIMiddleware.Invoke(HttpContext httpContext)
   at Swashbuckle.AspNetCore.Swagger.SwaggerMiddleware.Invoke(HttpContext httpContext, ISwaggerProvider swaggerProvider)
   at Microsoft.AspNetCore.Authorization.AuthorizationMiddleware.Invoke(HttpContext context)
   at Microsoft.AspNetCore.Authentication.AuthenticationMiddleware.Invoke(HttpContext context)
   at Microsoft.AspNetCore.RateLimiting.RateLimitingMiddleware.InvokeInternal(HttpContext context, EnableRateLimitingAttribute enableRateLimitingAttribute)
   at Serilog.AspNetCore.RequestLoggingMiddleware.Invoke(HttpContext httpContext)
   at Microsoft.AspNetCore.Diagnostics.DeveloperExceptionPageMiddlewareImpl.Invoke(HttpContext context)
[2026-09-20 11:07:51.280 +05:30 ERR] Serilog.AspNetCore.RequestLoggingMiddleware: HTTP POST /api/auth/login responded 500 in 56.2047 ms
System.InvalidOperationException: The PipeWriter 'ResponseBodyPipeWriter' does not implement PipeWriter.UnflushedBytes.
   at System.Text.Json.ThrowHelper.ThrowInvalidOperationException_PipeWriterDoesNotImplementUnflushedBytes(PipeWriter pipeWriter)
   at System.Text.Json.Serialization.Metadata.JsonTypeInfo`1.SerializeAsync(PipeWriter pipeWriter, T rootValue, Int32 flushThreshold, CancellationToken cancellationToken, Object rootValueBoxed)
   at Microsoft.AspNetCore.Mvc.Formatters.SystemTextJsonOutputFormatter.WriteResponseBodyAsync(OutputFormatterWriteContext context, Encoding selectedEncoding)
   at Microsoft.AspNetCore.Mvc.Infrastructure.ResourceInvoker.<InvokeNextResultFilterAsync>g__Awaited|30_0[TFilter,TFilterAsync](ResourceInvoker invoker, Task lastTask, State next, Scope scope, Object state, Boolean isCompleted)
   at Microsoft.AspNetCore.Mvc.Infrastructure.ResourceInvoker.Rethrow(ResultExecutedContextSealed context)
   at Microsoft.AspNetCore.Mvc.Infrastructure.ResourceInvoker.ResultNext[TFilter,TFilterAsync](State& next, Scope& scope, Object& state, Boolean& isCompleted)
   at Microsoft.AspNetCore.Mvc.Infrastructure.ResourceInvoker.InvokeResultFilters()
--- End of stack trace from previous location ---
   at Microsoft.AspNetCore.Mvc.Infrastructure.ResourceInvoker.<InvokeFilterPipelineAsync>g__Awaited|20_0(ResourceInvoker invoker, Task lastTask, State next, Scope scope, Object state, Boolean isCompleted)
   at Microsoft.AspNetCore.Mvc.Infrastructure.ResourceInvoker.<InvokeAsync>g__Awaited|17_0(ResourceInvoker invoker, Task task, IDisposable scope)
   at Microsoft.AspNetCore.Mvc.Infrastructure.ResourceInvoker.<InvokeAsync>g__Awaited|17_0(ResourceInvoker invoker, Task task, IDisposable scope)
   at Swashbuckle.AspNetCore.SwaggerUI.SwaggerUIMiddleware.Invoke(HttpContext httpContext)
   at Swashbuckle.AspNetCore.Swagger.SwaggerMiddleware.Invoke(HttpContext httpContext, ISwaggerProvider swaggerProvider)
   at Microsoft.AspNetCore.Authorization.AuthorizationMiddleware.Invoke(HttpContext context)
   at Microsoft.AspNetCore.Authentication.AuthenticationMiddleware.Invoke(HttpContext context)
   at Microsoft.AspNetCore.RateLimiting.RateLimitingMiddleware.InvokeInternal(HttpContext context, EnableRateLimitingAttribute enableRateLimitingAttribute)
   at Serilog.AspNetCore.RequestLoggingMiddleware.Invoke(HttpContext httpContext)
[2026-09-20 11:07:51.281 +05:30 ERR] Microsoft.AspNetCore.Diagnostics.DeveloperExceptionPageMiddleware: An unhandled exception has occurred while executing the request.
System.InvalidOperationException: The PipeWriter 'ResponseBodyPipeWriter' does not implement PipeWriter.UnflushedBytes.
   at System.Text.Json.ThrowHelper.ThrowInvalidOperationException_PipeWriterDoesNotImplementUnflushedBytes(PipeWriter pipeWriter)
   at System.Text.Json.Serialization.Metadata.JsonTypeInfo`1.SerializeAsync(PipeWriter pipeWriter, T rootValue, Int32 flushThreshold, CancellationToken cancellationToken, Object rootValueBoxed)
   at Microsoft.AspNetCore.Mvc.Formatters.SystemTextJsonOutputFormatter.WriteResponseBodyAsync(OutputFormatterWriteContext context, Encoding selectedEncoding)
   at Microsoft.AspNetCore.Mvc.Infrastructure.ResourceInvoker.<InvokeNextResultFilterAsync>g__Awaited|30_0[TFilter,TFilterAsync](ResourceInvoker invoker, Task lastTask, State next, Scope scope, Object state, Boolean isCompleted)
   at Microsoft.AspNetCore.Mvc.Infrastructure.ResourceInvoker.Rethrow(ResultExecutedContextSealed context)
   at Microsoft.AspNetCore.Mvc.Infrastructure.ResourceInvoker.ResultNext[TFilter,TFilterAsync](State& next, Scope& scope, Object& state, Boolean& isCompleted)
   at Microsoft.AspNetCore.Mvc.Infrastructure.ResourceInvoker.InvokeResultFilters()
--- End of stack trace from previous location ---
   at Microsoft.AspNetCore.Mvc.Infrastructure.ResourceInvoker.<InvokeFilterPipelineAsync>g__Awaited|20_0(ResourceInvoker invoker, Task lastTask, State next, Scope scope, Object state, Boolean isCompleted)
   at Microsoft.AspNetCore.Mvc.Infrastructure.ResourceInvoker.<InvokeAsync>g__Awaited|17_0(ResourceInvoker invoker, Task task, IDisposable scope)
   at Microsoft.AspNetCore.Mvc.Infrastructure.ResourceInvoker.<InvokeAsync>g__Awaited|17_0(ResourceInvoker invoker, Task task, IDisposable scope)
   at Swashbuckle.AspNetCore.SwaggerUI.SwaggerUIMiddleware.Invoke(HttpContext httpContext)
   at Swashbuckle.AspNetCore.Swagger.SwaggerMiddleware.Invoke(HttpContext httpContext, ISwaggerProvider swaggerProvider)
   at Microsoft.AspNetCore.Authorization.AuthorizationMiddleware.Invoke(HttpContext context)
   at Microsoft.AspNetCore.Authentication.AuthenticationMiddleware.Invoke(HttpContext context)
   at Microsoft.AspNetCore.RateLimiting.RateLimitingMiddleware.InvokeInternal(HttpContext context, EnableRateLimitingAttribute enableRateLimitingAttribute)
   at Serilog.AspNetCore.RequestLoggingMiddleware.Invoke(HttpContext httpContext)
   at Microsoft.AspNetCore.Diagnostics.DeveloperExceptionPageMiddlewareImpl.Invoke(HttpContext context)
[2026-09-20 11:07:51.285 +05:30 INF] Kestrel.Core.Jobs.IngestJobProcessor: Ingest job processor stopped.
[2026-09-20 11:08:05.803 +05:30 INF] Kestrel.Api: Binding guard: http://127.0.0.1:5000 (loopback)
[2026-09-20 11:08:06.568 +05:30 INF] Kestrel.Api.Auth.IdentityInitializationService: Identity schema ensured (no EF migrations defined yet — run `dotnet ef migrations add` before real deployments).
[2026-09-20 11:08:06.854 +05:30 INF] Kestrel.Api.Auth.IdentityInitializationService: Role seeded: Viewer
[2026-09-20 11:08:06.856 +05:30 INF] Kestrel.Api.Auth.IdentityInitializationService: Role seeded: Analyst
[2026-09-20 11:08:06.857 +05:30 INF] Kestrel.Api.Auth.IdentityInitializationService: Role seeded: Admin
[2026-09-20 11:08:06.880 +05:30 WRN] Kestrel.Api.Auth.IdentityInitializationService: Bootstrap: DEVELOPMENT default admin 'admin' created with password 'Dev#Admin-2026!'. CHANGE THIS PASSWORD before any use beyond local testing.
[2026-09-20 11:08:07.021 +05:30 INF] Kestrel.Api.Auth.IdentityInitializationService: Bootstrap: admin 'admin' created with roles [Viewer, Analyst, Admin].
[2026-09-20 11:08:07.045 +05:30 INF] Kestrel.Core.Storage.EventDatabase: FTS5 index rebuilt.
[2026-09-20 11:08:07.045 +05:30 INF] Kestrel.Core.Storage.EventStoreInitializationService: Event store ready at D:\Work\Projects\kestrel\backend\Kestrel.Api\data\kestrel.db (schema v2, WAL mode, FTS5 rebuilt).
[2026-09-20 11:08:07.047 +05:30 INF] Kestrel.Core.Jobs.IngestJobProcessor: Ingest job processor started (timeout 1800s, batch 1000, record cap 5000000).
[2026-09-20 11:08:07.134 +05:30 ERR] Serilog.AspNetCore.RequestLoggingMiddleware: HTTP GET /health responded 500 in 25.3622 ms
System.InvalidOperationException: The PipeWriter 'ResponseBodyPipeWriter' does not implement PipeWriter.UnflushedBytes.
   at System.Text.Json.ThrowHelper.ThrowInvalidOperationException_PipeWriterDoesNotImplementUnflushedBytes(PipeWriter pipeWriter)
   at System.Text.Json.Serialization.Metadata.JsonTypeInfo`1.SerializeAsync(PipeWriter pipeWriter, T rootValue, Int32 flushThreshold, CancellationToken cancellationToken, Object rootValueBoxed)
   at Microsoft.AspNetCore.Http.HttpResponseJsonExtensions.<WriteAsJsonAsync>g__WriteAsJsonAsyncSlow|5_0[TValue](HttpResponse response, TValue value, JsonTypeInfo`1 jsonTypeInfo, CancellationToken cancellationToken)
   at Microsoft.AspNetCore.Http.RequestDelegateFactory.ExecuteResultWriteResponse(IResult result, HttpContext httpContext)
   at Swashbuckle.AspNetCore.SwaggerUI.SwaggerUIMiddleware.Invoke(HttpContext httpContext)
   at Swashbuckle.AspNetCore.Swagger.SwaggerMiddleware.Invoke(HttpContext httpContext, ISwaggerProvider swaggerProvider)
   at Microsoft.AspNetCore.Authorization.AuthorizationMiddleware.Invoke(HttpContext context)
   at Microsoft.AspNetCore.Authentication.AuthenticationMiddleware.Invoke(HttpContext context)
   at Serilog.AspNetCore.RequestLoggingMiddleware.Invoke(HttpContext httpContext)
[2026-09-20 11:08:07.140 +05:30 ERR] Microsoft.AspNetCore.Diagnostics.DeveloperExceptionPageMiddleware: An unhandled exception has occurred while executing the request.
System.InvalidOperationException: The PipeWriter 'ResponseBodyPipeWriter' does not implement PipeWriter.UnflushedBytes.
   at System.Text.Json.ThrowHelper.ThrowInvalidOperationException_PipeWriterDoesNotImplementUnflushedBytes(PipeWriter pipeWriter)
   at System.Text.Json.Serialization.Metadata.JsonTypeInfo`1.SerializeAsync(PipeWriter pipeWriter, T rootValue, Int32 flushThreshold, CancellationToken cancellationToken, Object rootValueBoxed)
   at Microsoft.AspNetCore.Http.HttpResponseJsonExtensions.<WriteAsJsonAsync>g__WriteAsJsonAsyncSlow|5_0[TValue](HttpResponse response, TValue value, JsonTypeInfo`1 jsonTypeInfo, CancellationToken cancellationToken)
   at Microsoft.AspNetCore.Http.RequestDelegateFactory.ExecuteResultWriteResponse(IResult result, HttpContext httpContext)
   at Swashbuckle.AspNetCore.SwaggerUI.SwaggerUIMiddleware.Invoke(HttpContext httpContext)
   at Swashbuckle.AspNetCore.Swagger.SwaggerMiddleware.Invoke(HttpContext httpContext, ISwaggerProvider swaggerProvider)
   at Microsoft.AspNetCore.Authorization.AuthorizationMiddleware.Invoke(HttpContext context)
   at Microsoft.AspNetCore.Authentication.AuthenticationMiddleware.Invoke(HttpContext context)
   at Serilog.AspNetCore.RequestLoggingMiddleware.Invoke(HttpContext httpContext)
   at Microsoft.AspNetCore.Diagnostics.DeveloperExceptionPageMiddlewareImpl.Invoke(HttpContext context)
[2026-09-20 11:08:07.175 +05:30 INF] Kestrel.Core.Jobs.IngestJobProcessor: Ingest job processor stopped.
[2026-09-20 11:16:46.772 +05:30 INF] Kestrel.Api: Binding guard: http://127.0.0.1:5000 (loopback)
[2026-09-20 11:16:46.772 +05:30 INF] Kestrel.Api: Binding guard: http://127.0.0.1:5000 (loopback)
[2026-09-20 11:16:46.772 +05:30 INF] Kestrel.Api: Binding guard: http://127.0.0.1:5000 (loopback)
[2026-09-20 11:16:47.619 +05:30 INF] Kestrel.Api.Auth.IdentityInitializationService: Identity schema ensured (no EF migrations defined yet — run `dotnet ef migrations add` before real deployments).
[2026-09-20 11:16:47.619 +05:30 INF] Kestrel.Api.Auth.IdentityInitializationService: Identity schema ensured (no EF migrations defined yet — run `dotnet ef migrations add` before real deployments).
[2026-09-20 11:16:47.623 +05:30 INF] Kestrel.Api.Auth.IdentityInitializationService: Identity schema ensured (no EF migrations defined yet — run `dotnet ef migrations add` before real deployments).
[2026-09-20 11:16:47.928 +05:30 INF] Kestrel.Api.Auth.IdentityInitializationService: Role seeded: Viewer
[2026-09-20 11:16:47.928 +05:30 INF] Kestrel.Api.Auth.IdentityInitializationService: Role seeded: Viewer
[2026-09-20 11:16:47.928 +05:30 INF] Kestrel.Api.Auth.IdentityInitializationService: Role seeded: Viewer
[2026-09-20 11:16:47.931 +05:30 INF] Kestrel.Api.Auth.IdentityInitializationService: Role seeded: Analyst
[2026-09-20 11:16:47.931 +05:30 INF] Kestrel.Api.Auth.IdentityInitializationService: Role seeded: Analyst
[2026-09-20 11:16:47.931 +05:30 INF] Kestrel.Api.Auth.IdentityInitializationService: Role seeded: Admin
[2026-09-20 11:16:47.931 +05:30 INF] Kestrel.Api.Auth.IdentityInitializationService: Role seeded: Admin
[2026-09-20 11:16:47.933 +05:30 INF] Kestrel.Api.Auth.IdentityInitializationService: Role seeded: Analyst
[2026-09-20 11:16:47.936 +05:30 INF] Kestrel.Api.Auth.IdentityInitializationService: Role seeded: Admin
[2026-09-20 11:16:47.955 +05:30 WRN] Kestrel.Api.Auth.IdentityInitializationService: Bootstrap: DEVELOPMENT default admin 'admin' created with password 'Dev#Admin-2026!'. CHANGE THIS PASSWORD before any use beyond local testing.
[2026-09-20 11:16:47.955 +05:30 WRN] Kestrel.Api.Auth.IdentityInitializationService: Bootstrap: DEVELOPMENT default admin 'admin' created with password 'Dev#Admin-2026!'. CHANGE THIS PASSWORD before any use beyond local testing.
[2026-09-20 11:16:47.955 +05:30 WRN] Kestrel.Api.Auth.IdentityInitializationService: Bootstrap: DEVELOPMENT default admin 'admin' created with password 'Dev#Admin-2026!'. CHANGE THIS PASSWORD before any use beyond local testing.
[2026-09-20 11:16:48.110 +05:30 INF] Kestrel.Api.Auth.IdentityInitializationService: Bootstrap: admin 'admin' created with roles [Viewer, Analyst, Admin].
[2026-09-20 11:16:48.111 +05:30 INF] Kestrel.Api.Auth.IdentityInitializationService: Bootstrap: admin 'admin' created with roles [Viewer, Analyst, Admin].
[2026-09-20 11:16:48.113 +05:30 INF] Kestrel.Api.Auth.IdentityInitializationService: Bootstrap: admin 'admin' created with roles [Viewer, Analyst, Admin].
[2026-09-20 11:16:48.120 +05:30 INF] Kestrel.Core.Storage.EventDatabase: FTS5 index rebuilt.
[2026-09-20 11:16:48.121 +05:30 INF] Kestrel.Core.Storage.EventStoreInitializationService: Event store ready at d:\Work\Projects\kestrel\backend\Kestrel.Api\data\kestrel.db (schema v2, WAL mode, FTS5 rebuilt).
[2026-09-20 11:16:48.121 +05:30 INF] Kestrel.Core.Jobs.IngestJobProcessor: Ingest job processor started (timeout 1800s, batch 1000, record cap 5000000).
[2026-09-20 11:16:48.128 +05:30 INF] Kestrel.Core.Storage.EventDatabase: FTS5 index rebuilt.
[2026-09-20 11:16:48.128 +05:30 INF] Kestrel.Core.Storage.EventStoreInitializationService: Event store ready at C:\Users\Harman Bham\AppData\Local\Temp\kestrel-tests\api-b830f5a88e1a4af18b7fec6d3fd6dc83\kestrel.db (schema v2, WAL mode, FTS5 rebuilt).
[2026-09-20 11:16:48.128 +05:30 INF] Kestrel.Core.Jobs.IngestJobProcessor: Ingest job processor started (timeout 60s, batch 1000, record cap 5000000).
[2026-09-20 11:16:48.135 +05:30 INF] Kestrel.Core.Storage.EventDatabase: FTS5 index rebuilt.
[2026-09-20 11:16:48.135 +05:30 INF] Kestrel.Core.Storage.EventStoreInitializationService: Event store ready at d:\Work\Projects\kestrel\backend\Kestrel.Api\data\kestrel.db (schema v2, WAL mode, FTS5 rebuilt).
[2026-09-20 11:16:48.135 +05:30 INF] Kestrel.Core.Jobs.IngestJobProcessor: Ingest job processor started (timeout 1800s, batch 1000, record cap 5000000).
[2026-09-20 11:16:48.281 +05:30 INF] Serilog.AspNetCore.RequestLoggingMiddleware: HTTP POST /api/ingest/upload responded 401 in 27.6325 ms
[2026-09-20 11:16:48.688 +05:30 INF] Kestrel.Api.Controllers.AuthController: Audit: login succeeded for admin (b2ecadb7-5cb1-4b41-8bc5-83d78c8e491d) from unknown
[2026-09-20 11:16:48.688 +05:30 INF] Kestrel.Api.Controllers.AuthController: Audit: login succeeded for admin (b1b92b11-642f-4053-9888-6e98b48c30cf) from unknown
[2026-09-20 11:16:48.688 +05:30 INF] Kestrel.Api.Controllers.AuthController: Audit: login succeeded for admin (450b9ed9-209b-4d1b-897d-9c26066738c1) from unknown
[2026-09-20 11:16:48.698 +05:30 ERR] Serilog.AspNetCore.RequestLoggingMiddleware: HTTP POST /api/auth/login responded 500 in 448.1954 ms
System.InvalidOperationException: The PipeWriter 'ResponseBodyPipeWriter' does not implement PipeWriter.UnflushedBytes.
   at System.Text.Json.ThrowHelper.ThrowInvalidOperationException_PipeWriterDoesNotImplementUnflushedBytes(PipeWriter pipeWriter)
   at System.Text.Json.Serialization.Metadata.JsonTypeInfo`1.SerializeAsync(PipeWriter pipeWriter, T rootValue, Int32 flushThreshold, CancellationToken cancellationToken, Object rootValueBoxed)
   at Microsoft.AspNetCore.Mvc.Formatters.SystemTextJsonOutputFormatter.WriteResponseBodyAsync(OutputFormatterWriteContext context, Encoding selectedEncoding)
   at Microsoft.AspNetCore.Mvc.Infrastructure.ResourceInvoker.<InvokeNextResultFilterAsync>g__Awaited|30_0[TFilter,TFilterAsync](ResourceInvoker invoker, Task lastTask, State next, Scope scope, Object state, Boolean isCompleted)
   at Microsoft.AspNetCore.Mvc.Infrastructure.ResourceInvoker.Rethrow(ResultExecutedContextSealed context)
   at Microsoft.AspNetCore.Mvc.Infrastructure.ResourceInvoker.ResultNext[TFilter,TFilterAsync](State& next, Scope& scope, Object& state, Boolean& isCompleted)
   at Microsoft.AspNetCore.Mvc.Infrastructure.ResourceInvoker.InvokeResultFilters()
--- End of stack trace from previous location ---
   at Microsoft.AspNetCore.Mvc.Infrastructure.ResourceInvoker.<InvokeFilterPipelineAsync>g__Awaited|20_0(ResourceInvoker invoker, Task lastTask, State next, Scope scope, Object state, Boolean isCompleted)
   at Microsoft.AspNetCore.Mvc.Infrastructure.ResourceInvoker.<InvokeAsync>g__Awaited|17_0(ResourceInvoker invoker, Task task, IDisposable scope)
   at Microsoft.AspNetCore.Mvc.Infrastructure.ResourceInvoker.<InvokeAsync>g__Awaited|17_0(ResourceInvoker invoker, Task task, IDisposable scope)
   at Swashbuckle.AspNetCore.SwaggerUI.SwaggerUIMiddleware.Invoke(HttpContext httpContext)
   at Swashbuckle.AspNetCore.Swagger.SwaggerMiddleware.Invoke(HttpContext httpContext, ISwaggerProvider swaggerProvider)
   at Microsoft.AspNetCore.Authorization.AuthorizationMiddleware.Invoke(HttpContext context)
   at Microsoft.AspNetCore.Authentication.AuthenticationMiddleware.Invoke(HttpContext context)
   at Microsoft.AspNetCore.RateLimiting.RateLimitingMiddleware.InvokeInternal(HttpContext context, EnableRateLimitingAttribute enableRateLimitingAttribute)
   at Serilog.AspNetCore.RequestLoggingMiddleware.Invoke(HttpContext httpContext)
[2026-09-20 11:16:48.698 +05:30 ERR] Serilog.AspNetCore.RequestLoggingMiddleware: HTTP POST /api/auth/login responded 500 in 388.8622 ms
System.InvalidOperationException: The PipeWriter 'ResponseBodyPipeWriter' does not implement PipeWriter.UnflushedBytes.
   at System.Text.Json.ThrowHelper.ThrowInvalidOperationException_PipeWriterDoesNotImplementUnflushedBytes(PipeWriter pipeWriter)
   at System.Text.Json.Serialization.Metadata.JsonTypeInfo`1.SerializeAsync(PipeWriter pipeWriter, T rootValue, Int32 flushThreshold, CancellationToken cancellationToken, Object rootValueBoxed)
   at Microsoft.AspNetCore.Mvc.Formatters.SystemTextJsonOutputFormatter.WriteResponseBodyAsync(OutputFormatterWriteContext context, Encoding selectedEncoding)
   at Microsoft.AspNetCore.Mvc.Infrastructure.ResourceInvoker.<InvokeNextResultFilterAsync>g__Awaited|30_0[TFilter,TFilterAsync](ResourceInvoker invoker, Task lastTask, State next, Scope scope, Object state, Boolean isCompleted)
   at Microsoft.AspNetCore.Mvc.Infrastructure.ResourceInvoker.Rethrow(ResultExecutedContextSealed context)
   at Microsoft.AspNetCore.Mvc.Infrastructure.ResourceInvoker.ResultNext[TFilter,TFilterAsync](State& next, Scope& scope, Object& state, Boolean& isCompleted)
   at Microsoft.AspNetCore.Mvc.Infrastructure.ResourceInvoker.InvokeResultFilters()
--- End of stack trace from previous location ---
   at Microsoft.AspNetCore.Mvc.Infrastructure.ResourceInvoker.<InvokeFilterPipelineAsync>g__Awaited|20_0(ResourceInvoker invoker, Task lastTask, State next, Scope scope, Object state, Boolean isCompleted)
   at Microsoft.AspNetCore.Mvc.Infrastructure.ResourceInvoker.<InvokeAsync>g__Awaited|17_0(ResourceInvoker invoker, Task task, IDisposable scope)
   at Microsoft.AspNetCore.Mvc.Infrastructure.ResourceInvoker.<InvokeAsync>g__Awaited|17_0(ResourceInvoker invoker, Task task, IDisposable scope)
   at Swashbuckle.AspNetCore.SwaggerUI.SwaggerUIMiddleware.Invoke(HttpContext httpContext)
   at Swashbuckle.AspNetCore.Swagger.SwaggerMiddleware.Invoke(HttpContext httpContext, ISwaggerProvider swaggerProvider)
   at Microsoft.AspNetCore.Authorization.AuthorizationMiddleware.Invoke(HttpContext context)
   at Microsoft.AspNetCore.Authentication.AuthenticationMiddleware.Invoke(HttpContext context)
   at Microsoft.AspNetCore.RateLimiting.RateLimitingMiddleware.InvokeInternal(HttpContext context, EnableRateLimitingAttribute enableRateLimitingAttribute)
   at Serilog.AspNetCore.RequestLoggingMiddleware.Invoke(HttpContext httpContext)
[2026-09-20 11:16:48.698 +05:30 ERR] Serilog.AspNetCore.RequestLoggingMiddleware: HTTP POST /api/auth/login responded 500 in 448.1844 ms
System.InvalidOperationException: The PipeWriter 'ResponseBodyPipeWriter' does not implement PipeWriter.UnflushedBytes.
   at System.Text.Json.ThrowHelper.ThrowInvalidOperationException_PipeWriterDoesNotImplementUnflushedBytes(PipeWriter pipeWriter)
   at System.Text.Json.Serialization.Metadata.JsonTypeInfo`1.SerializeAsync(PipeWriter pipeWriter, T rootValue, Int32 flushThreshold, CancellationToken cancellationToken, Object rootValueBoxed)
   at Microsoft.AspNetCore.Mvc.Formatters.SystemTextJsonOutputFormatter.WriteResponseBodyAsync(OutputFormatterWriteContext context, Encoding selectedEncoding)
   at Microsoft.AspNetCore.Mvc.Infrastructure.ResourceInvoker.<InvokeNextResultFilterAsync>g__Awaited|30_0[TFilter,TFilterAsync](ResourceInvoker invoker, Task lastTask, State next, Scope scope, Object state, Boolean isCompleted)
   at Microsoft.AspNetCore.Mvc.Infrastructure.ResourceInvoker.Rethrow(ResultExecutedContextSealed context)
   at Microsoft.AspNetCore.Mvc.Infrastructure.ResourceInvoker.ResultNext[TFilter,TFilterAsync](State& next, Scope& scope, Object& state, Boolean& isCompleted)
   at Microsoft.AspNetCore.Mvc.Infrastructure.ResourceInvoker.InvokeResultFilters()
--- End of stack trace from previous location ---
   at Microsoft.AspNetCore.Mvc.Infrastructure.ResourceInvoker.<InvokeFilterPipelineAsync>g__Awaited|20_0(ResourceInvoker invoker, Task lastTask, State next, Scope scope, Object state, Boolean isCompleted)
   at Microsoft.AspNetCore.Mvc.Infrastructure.ResourceInvoker.<InvokeAsync>g__Awaited|17_0(ResourceInvoker invoker, Task task, IDisposable scope)
   at Microsoft.AspNetCore.Mvc.Infrastructure.ResourceInvoker.<InvokeAsync>g__Awaited|17_0(ResourceInvoker invoker, Task task, IDisposable scope)
   at Swashbuckle.AspNetCore.SwaggerUI.SwaggerUIMiddleware.Invoke(HttpContext httpContext)
   at Swashbuckle.AspNetCore.Swagger.SwaggerMiddleware.Invoke(HttpContext httpContext, ISwaggerProvider swaggerProvider)
   at Microsoft.AspNetCore.Authorization.AuthorizationMiddleware.Invoke(HttpContext context)
   at Microsoft.AspNetCore.Authentication.AuthenticationMiddleware.Invoke(HttpContext context)
   at Microsoft.AspNetCore.RateLimiting.RateLimitingMiddleware.InvokeInternal(HttpContext context, EnableRateLimitingAttribute enableRateLimitingAttribute)
   at Serilog.AspNetCore.RequestLoggingMiddleware.Invoke(HttpContext httpContext)
[2026-09-20 11:16:48.704 +05:30 ERR] Microsoft.AspNetCore.Diagnostics.DeveloperExceptionPageMiddleware: An unhandled exception has occurred while executing the request.
System.InvalidOperationException: The PipeWriter 'ResponseBodyPipeWriter' does not implement PipeWriter.UnflushedBytes.
   at System.Text.Json.ThrowHelper.ThrowInvalidOperationException_PipeWriterDoesNotImplementUnflushedBytes(PipeWriter pipeWriter)
   at System.Text.Json.Serialization.Metadata.JsonTypeInfo`1.SerializeAsync(PipeWriter pipeWriter, T rootValue, Int32 flushThreshold, CancellationToken cancellationToken, Object rootValueBoxed)
   at Microsoft.AspNetCore.Mvc.Formatters.SystemTextJsonOutputFormatter.WriteResponseBodyAsync(OutputFormatterWriteContext context, Encoding selectedEncoding)
   at Microsoft.AspNetCore.Mvc.Infrastructure.ResourceInvoker.<InvokeNextResultFilterAsync>g__Awaited|30_0[TFilter,TFilterAsync](ResourceInvoker invoker, Task lastTask, State next, Scope scope, Object state, Boolean isCompleted)
   at Microsoft.AspNetCore.Mvc.Infrastructure.ResourceInvoker.Rethrow(ResultExecutedContextSealed context)
   at Microsoft.AspNetCore.Mvc.Infrastructure.ResourceInvoker.ResultNext[TFilter,TFilterAsync](State& next, Scope& scope, Object& state, Boolean& isCompleted)
   at Microsoft.AspNetCore.Mvc.Infrastructure.ResourceInvoker.InvokeResultFilters()
--- End of stack trace from previous location ---
   at Microsoft.AspNetCore.Mvc.Infrastructure.ResourceInvoker.<InvokeFilterPipelineAsync>g__Awaited|20_0(ResourceInvoker invoker, Task lastTask, State next, Scope scope, Object state, Boolean isCompleted)
   at Microsoft.AspNetCore.Mvc.Infrastructure.ResourceInvoker.<InvokeAsync>g__Awaited|17_0(ResourceInvoker invoker, Task task, IDisposable scope)
   at Microsoft.AspNetCore.Mvc.Infrastructure.ResourceInvoker.<InvokeAsync>g__Awaited|17_0(ResourceInvoker invoker, Task task, IDisposable scope)
   at Swashbuckle.AspNetCore.SwaggerUI.SwaggerUIMiddleware.Invoke(HttpContext httpContext)
   at Swashbuckle.AspNetCore.Swagger.SwaggerMiddleware.Invoke(HttpContext httpContext, ISwaggerProvider swaggerProvider)
   at Microsoft.AspNetCore.Authorization.AuthorizationMiddleware.Invoke(HttpContext context)
   at Microsoft.AspNetCore.Authentication.AuthenticationMiddleware.Invoke(HttpContext context)
   at Microsoft.AspNetCore.RateLimiting.RateLimitingMiddleware.InvokeInternal(HttpContext context, EnableRateLimitingAttribute enableRateLimitingAttribute)
   at Serilog.AspNetCore.RequestLoggingMiddleware.Invoke(HttpContext httpContext)
   at Microsoft.AspNetCore.Diagnostics.DeveloperExceptionPageMiddlewareImpl.Invoke(HttpContext context)
[2026-09-20 11:16:48.704 +05:30 ERR] Microsoft.AspNetCore.Diagnostics.DeveloperExceptionPageMiddleware: An unhandled exception has occurred while executing the request.
System.InvalidOperationException: The PipeWriter 'ResponseBodyPipeWriter' does not implement PipeWriter.UnflushedBytes.
   at System.Text.Json.ThrowHelper.ThrowInvalidOperationException_PipeWriterDoesNotImplementUnflushedBytes(PipeWriter pipeWriter)
   at System.Text.Json.Serialization.Metadata.JsonTypeInfo`1.SerializeAsync(PipeWriter pipeWriter, T rootValue, Int32 flushThreshold, CancellationToken cancellationToken, Object rootValueBoxed)
   at Microsoft.AspNetCore.Mvc.Formatters.SystemTextJsonOutputFormatter.WriteResponseBodyAsync(OutputFormatterWriteContext context, Encoding selectedEncoding)
   at Microsoft.AspNetCore.Mvc.Infrastructure.ResourceInvoker.<InvokeNextResultFilterAsync>g__Awaited|30_0[TFilter,TFilterAsync](ResourceInvoker invoker, Task lastTask, State next, Scope scope, Object state, Boolean isCompleted)
   at Microsoft.AspNetCore.Mvc.Infrastructure.ResourceInvoker.Rethrow(ResultExecutedContextSealed context)
   at Microsoft.AspNetCore.Mvc.Infrastructure.ResourceInvoker.ResultNext[TFilter,TFilterAsync](State& next, Scope& scope, Object& state, Boolean& isCompleted)
   at Microsoft.AspNetCore.Mvc.Infrastructure.ResourceInvoker.InvokeResultFilters()
--- End of stack trace from previous location ---
   at Microsoft.AspNetCore.Mvc.Infrastructure.ResourceInvoker.<InvokeFilterPipelineAsync>g__Awaited|20_0(ResourceInvoker invoker, Task lastTask, State next, Scope scope, Object state, Boolean isCompleted)
   at Microsoft.AspNetCore.Mvc.Infrastructure.ResourceInvoker.<InvokeAsync>g__Awaited|17_0(ResourceInvoker invoker, Task task, IDisposable scope)
   at Microsoft.AspNetCore.Mvc.Infrastructure.ResourceInvoker.<InvokeAsync>g__Awaited|17_0(ResourceInvoker invoker, Task task, IDisposable scope)
   at Swashbuckle.AspNetCore.SwaggerUI.SwaggerUIMiddleware.Invoke(HttpContext httpContext)
   at Swashbuckle.AspNetCore.Swagger.SwaggerMiddleware.Invoke(HttpContext httpContext, ISwaggerProvider swaggerProvider)
   at Microsoft.AspNetCore.Authorization.AuthorizationMiddleware.Invoke(HttpContext context)
   at Microsoft.AspNetCore.Authentication.AuthenticationMiddleware.Invoke(HttpContext context)
   at Microsoft.AspNetCore.RateLimiting.RateLimitingMiddleware.InvokeInternal(HttpContext context, EnableRateLimitingAttribute enableRateLimitingAttribute)
   at Serilog.AspNetCore.RequestLoggingMiddleware.Invoke(HttpContext httpContext)
   at Microsoft.AspNetCore.Diagnostics.DeveloperExceptionPageMiddlewareImpl.Invoke(HttpContext context)
[2026-09-20 11:16:48.704 +05:30 ERR] Microsoft.AspNetCore.Diagnostics.DeveloperExceptionPageMiddleware: An unhandled exception has occurred while executing the request.
System.InvalidOperationException: The PipeWriter 'ResponseBodyPipeWriter' does not implement PipeWriter.UnflushedBytes.
   at System.Text.Json.ThrowHelper.ThrowInvalidOperationException_PipeWriterDoesNotImplementUnflushedBytes(PipeWriter pipeWriter)
   at System.Text.Json.Serialization.Metadata.JsonTypeInfo`1.SerializeAsync(PipeWriter pipeWriter, T rootValue, Int32 flushThreshold, CancellationToken cancellationToken, Object rootValueBoxed)
   at Microsoft.AspNetCore.Mvc.Formatters.SystemTextJsonOutputFormatter.WriteResponseBodyAsync(OutputFormatterWriteContext context, Encoding selectedEncoding)
   at Microsoft.AspNetCore.Mvc.Infrastructure.ResourceInvoker.<InvokeNextResultFilterAsync>g__Awaited|30_0[TFilter,TFilterAsync](ResourceInvoker invoker, Task lastTask, State next, Scope scope, Object state, Boolean isCompleted)
   at Microsoft.AspNetCore.Mvc.Infrastructure.ResourceInvoker.Rethrow(ResultExecutedContextSealed context)
   at Microsoft.AspNetCore.Mvc.Infrastructure.ResourceInvoker.ResultNext[TFilter,TFilterAsync](State& next, Scope& scope, Object& state, Boolean& isCompleted)
   at Microsoft.AspNetCore.Mvc.Infrastructure.ResourceInvoker.InvokeResultFilters()
--- End of stack trace from previous location ---
   at Microsoft.AspNetCore.Mvc.Infrastructure.ResourceInvoker.<InvokeFilterPipelineAsync>g__Awaited|20_0(ResourceInvoker invoker, Task lastTask, State next, Scope scope, Object state, Boolean isCompleted)
   at Microsoft.AspNetCore.Mvc.Infrastructure.ResourceInvoker.<InvokeAsync>g__Awaited|17_0(ResourceInvoker invoker, Task task, IDisposable scope)
   at Microsoft.AspNetCore.Mvc.Infrastructure.ResourceInvoker.<InvokeAsync>g__Awaited|17_0(ResourceInvoker invoker, Task task, IDisposable scope)
   at Swashbuckle.AspNetCore.SwaggerUI.SwaggerUIMiddleware.Invoke(HttpContext httpContext)
   at Swashbuckle.AspNetCore.Swagger.SwaggerMiddleware.Invoke(HttpContext httpContext, ISwaggerProvider swaggerProvider)
   at Microsoft.AspNetCore.Authorization.AuthorizationMiddleware.Invoke(HttpContext context)
   at Microsoft.AspNetCore.Authentication.AuthenticationMiddleware.Invoke(HttpContext context)
   at Microsoft.AspNetCore.RateLimiting.RateLimitingMiddleware.InvokeInternal(HttpContext context, EnableRateLimitingAttribute enableRateLimitingAttribute)
   at Serilog.AspNetCore.RequestLoggingMiddleware.Invoke(HttpContext httpContext)
   at Microsoft.AspNetCore.Diagnostics.DeveloperExceptionPageMiddlewareImpl.Invoke(HttpContext context)
[2026-09-20 11:16:48.732 +05:30 INF] Serilog.AspNetCore.RequestLoggingMiddleware: HTTP POST /api/users responded 401 in 5.2239 ms
[2026-09-20 11:16:48.744 +05:30 INF] Serilog.AspNetCore.RequestLoggingMiddleware: HTTP GET /api/users responded 401 in 6.9081 ms
[2026-09-20 11:16:48.757 +05:30 WRN] Kestrel.Api.Controllers.AuthController: Audit: login failed (unknown user) for ghost_d202fb239db04cd389ef011259896a7a from unknown
[2026-09-20 11:16:48.760 +05:30 ERR] Serilog.AspNetCore.RequestLoggingMiddleware: HTTP POST /api/auth/login responded 500 in 9.0098 ms
System.InvalidOperationException: The PipeWriter 'ResponseBodyPipeWriter' does not implement PipeWriter.UnflushedBytes.
   at System.Text.Json.ThrowHelper.ThrowInvalidOperationException_PipeWriterDoesNotImplementUnflushedBytes(PipeWriter pipeWriter)
   at System.Text.Json.Serialization.Metadata.JsonTypeInfo`1.SerializeAsync(PipeWriter pipeWriter, T rootValue, Int32 flushThreshold, CancellationToken cancellationToken, Object rootValueBoxed)
   at Microsoft.AspNetCore.Mvc.Formatters.SystemTextJsonOutputFormatter.WriteResponseBodyAsync(OutputFormatterWriteContext context, Encoding selectedEncoding)
   at Microsoft.AspNetCore.Mvc.Infrastructure.ResourceInvoker.<InvokeNextResultFilterAsync>g__Awaited|30_0[TFilter,TFilterAsync](ResourceInvoker invoker, Task lastTask, State next, Scope scope, Object state, Boolean isCompleted)
   at Microsoft.AspNetCore.Mvc.Infrastructure.ResourceInvoker.Rethrow(ResultExecutedContextSealed context)
   at Microsoft.AspNetCore.Mvc.Infrastructure.ResourceInvoker.ResultNext[TFilter,TFilterAsync](State& next, Scope& scope, Object& state, Boolean& isCompleted)
   at Microsoft.AspNetCore.Mvc.Infrastructure.ResourceInvoker.InvokeResultFilters()
--- End of stack trace from previous location ---
   at Microsoft.AspNetCore.Mvc.Infrastructure.ResourceInvoker.<InvokeFilterPipelineAsync>g__Awaited|20_0(ResourceInvoker invoker, Task lastTask, State next, Scope scope, Object state, Boolean isCompleted)
   at Microsoft.AspNetCore.Mvc.Infrastructure.ResourceInvoker.<InvokeAsync>g__Awaited|17_0(ResourceInvoker invoker, Task task, IDisposable scope)
   at Microsoft.AspNetCore.Mvc.Infrastructure.ResourceInvoker.<InvokeAsync>g__Awaited|17_0(ResourceInvoker invoker, Task task, IDisposable scope)
   at Swashbuckle.AspNetCore.SwaggerUI.SwaggerUIMiddleware.Invoke(HttpContext httpContext)
   at Swashbuckle.AspNetCore.Swagger.SwaggerMiddleware.Invoke(HttpContext httpContext, ISwaggerProvider swaggerProvider)
   at Microsoft.AspNetCore.Authorization.AuthorizationMiddleware.Invoke(HttpContext context)
   at Microsoft.AspNetCore.Authentication.AuthenticationMiddleware.Invoke(HttpContext context)
   at Microsoft.AspNetCore.RateLimiting.RateLimitingMiddleware.InvokeInternal(HttpContext context, EnableRateLimitingAttribute enableRateLimitingAttribute)
   at Serilog.AspNetCore.RequestLoggingMiddleware.Invoke(HttpContext httpContext)
[2026-09-20 11:16:48.762 +05:30 ERR] Microsoft.AspNetCore.Diagnostics.DeveloperExceptionPageMiddleware: An unhandled exception has occurred while executing the request.
System.InvalidOperationException: The PipeWriter 'ResponseBodyPipeWriter' does not implement PipeWriter.UnflushedBytes.
   at System.Text.Json.ThrowHelper.ThrowInvalidOperationException_PipeWriterDoesNotImplementUnflushedBytes(PipeWriter pipeWriter)
   at System.Text.Json.Serialization.Metadata.JsonTypeInfo`1.SerializeAsync(PipeWriter pipeWriter, T rootValue, Int32 flushThreshold, CancellationToken cancellationToken, Object rootValueBoxed)
   at Microsoft.AspNetCore.Mvc.Formatters.SystemTextJsonOutputFormatter.WriteResponseBodyAsync(OutputFormatterWriteContext context, Encoding selectedEncoding)
   at Microsoft.AspNetCore.Mvc.Infrastructure.ResourceInvoker.<InvokeNextResultFilterAsync>g__Awaited|30_0[TFilter,TFilterAsync](ResourceInvoker invoker, Task lastTask, State next, Scope scope, Object state, Boolean isCompleted)
   at Microsoft.AspNetCore.Mvc.Infrastructure.ResourceInvoker.Rethrow(ResultExecutedContextSealed context)
   at Microsoft.AspNetCore.Mvc.Infrastructure.ResourceInvoker.ResultNext[TFilter,TFilterAsync](State& next, Scope& scope, Object& state, Boolean& isCompleted)
   at Microsoft.AspNetCore.Mvc.Infrastructure.ResourceInvoker.InvokeResultFilters()
--- End of stack trace from previous location ---
   at Microsoft.AspNetCore.Mvc.Infrastructure.ResourceInvoker.<InvokeFilterPipelineAsync>g__Awaited|20_0(ResourceInvoker invoker, Task lastTask, State next, Scope scope, Object state, Boolean isCompleted)
   at Microsoft.AspNetCore.Mvc.Infrastructure.ResourceInvoker.<InvokeAsync>g__Awaited|17_0(ResourceInvoker invoker, Task task, IDisposable scope)
   at Microsoft.AspNetCore.Mvc.Infrastructure.ResourceInvoker.<InvokeAsync>g__Awaited|17_0(ResourceInvoker invoker, Task task, IDisposable scope)
   at Swashbuckle.AspNetCore.SwaggerUI.SwaggerUIMiddleware.Invoke(HttpContext httpContext)
   at Swashbuckle.AspNetCore.Swagger.SwaggerMiddleware.Invoke(HttpContext httpContext, ISwaggerProvider swaggerProvider)
   at Microsoft.AspNetCore.Authorization.AuthorizationMiddleware.Invoke(HttpContext context)
   at Microsoft.AspNetCore.Authentication.AuthenticationMiddleware.Invoke(HttpContext context)
   at Microsoft.AspNetCore.RateLimiting.RateLimitingMiddleware.InvokeInternal(HttpContext context, EnableRateLimitingAttribute enableRateLimitingAttribute)
   at Serilog.AspNetCore.RequestLoggingMiddleware.Invoke(HttpContext httpContext)
   at Microsoft.AspNetCore.Diagnostics.DeveloperExceptionPageMiddlewareImpl.Invoke(HttpContext context)
[2026-09-20 11:16:48.903 +05:30 INF] Kestrel.Api.Controllers.AuthController: Audit: login succeeded for admin (b1b92b11-642f-4053-9888-6e98b48c30cf) from unknown
[2026-09-20 11:16:48.903 +05:30 INF] Kestrel.Api.Controllers.AuthController: Audit: login succeeded for admin (b2ecadb7-5cb1-4b41-8bc5-83d78c8e491d) from unknown
[2026-09-20 11:16:48.903 +05:30 ERR] Serilog.AspNetCore.RequestLoggingMiddleware: HTTP POST /api/auth/login responded 500 in 170.6537 ms
System.InvalidOperationException: The PipeWriter 'ResponseBodyPipeWriter' does not implement PipeWriter.UnflushedBytes.
   at System.Text.Json.ThrowHelper.ThrowInvalidOperationException_PipeWriterDoesNotImplementUnflushedBytes(PipeWriter pipeWriter)
   at System.Text.Json.Serialization.Metadata.JsonTypeInfo`1.SerializeAsync(PipeWriter pipeWriter, T rootValue, Int32 flushThreshold, CancellationToken cancellationToken, Object rootValueBoxed)
   at Microsoft.AspNetCore.Mvc.Formatters.SystemTextJsonOutputFormatter.WriteResponseBodyAsync(OutputFormatterWriteContext context, Encoding selectedEncoding)
   at Microsoft.AspNetCore.Mvc.Infrastructure.ResourceInvoker.<InvokeNextResultFilterAsync>g__Awaited|30_0[TFilter,TFilterAsync](ResourceInvoker invoker, Task lastTask, State next, Scope scope, Object state, Boolean isCompleted)
   at Microsoft.AspNetCore.Mvc.Infrastructure.ResourceInvoker.Rethrow(ResultExecutedContextSealed context)
   at Microsoft.AspNetCore.Mvc.Infrastructure.ResourceInvoker.ResultNext[TFilter,TFilterAsync](State& next, Scope& scope, Object& state, Boolean& isCompleted)
   at Microsoft.AspNetCore.Mvc.Infrastructure.ResourceInvoker.InvokeResultFilters()
--- End of stack trace from previous location ---
   at Microsoft.AspNetCore.Mvc.Infrastructure.ResourceInvoker.<InvokeFilterPipelineAsync>g__Awaited|20_0(ResourceInvoker invoker, Task lastTask, State next, Scope scope, Object state, Boolean isCompleted)
   at Microsoft.AspNetCore.Mvc.Infrastructure.ResourceInvoker.<InvokeAsync>g__Awaited|17_0(ResourceInvoker invoker, Task task, IDisposable scope)
   at Microsoft.AspNetCore.Mvc.Infrastructure.ResourceInvoker.<InvokeAsync>g__Awaited|17_0(ResourceInvoker invoker, Task task, IDisposable scope)
   at Swashbuckle.AspNetCore.SwaggerUI.SwaggerUIMiddleware.Invoke(HttpContext httpContext)
   at Swashbuckle.AspNetCore.Swagger.SwaggerMiddleware.Invoke(HttpContext httpContext, ISwaggerProvider swaggerProvider)
   at Microsoft.AspNetCore.Authorization.AuthorizationMiddleware.Invoke(HttpContext context)
   at Microsoft.AspNetCore.Authentication.AuthenticationMiddleware.Invoke(HttpContext context)
   at Microsoft.AspNetCore.RateLimiting.RateLimitingMiddleware.InvokeInternal(HttpContext context, EnableRateLimitingAttribute enableRateLimitingAttribute)
   at Serilog.AspNetCore.RequestLoggingMiddleware.Invoke(HttpContext httpContext)
[2026-09-20 11:16:48.903 +05:30 ERR] Serilog.AspNetCore.RequestLoggingMiddleware: HTTP POST /api/auth/login responded 500 in 174.1932 ms
System.InvalidOperationException: The PipeWriter 'ResponseBodyPipeWriter' does not implement PipeWriter.UnflushedBytes.
   at System.Text.Json.ThrowHelper.ThrowInvalidOperationException_PipeWriterDoesNotImplementUnflushedBytes(PipeWriter pipeWriter)
   at System.Text.Json.Serialization.Metadata.JsonTypeInfo`1.SerializeAsync(PipeWriter pipeWriter, T rootValue, Int32 flushThreshold, CancellationToken cancellationToken, Object rootValueBoxed)
   at Microsoft.AspNetCore.Mvc.Formatters.SystemTextJsonOutputFormatter.WriteResponseBodyAsync(OutputFormatterWriteContext context, Encoding selectedEncoding)
   at Microsoft.AspNetCore.Mvc.Infrastructure.ResourceInvoker.<InvokeNextResultFilterAsync>g__Awaited|30_0[TFilter,TFilterAsync](ResourceInvoker invoker, Task lastTask, State next, Scope scope, Object state, Boolean isCompleted)
   at Microsoft.AspNetCore.Mvc.Infrastructure.ResourceInvoker.Rethrow(ResultExecutedContextSealed context)
   at Microsoft.AspNetCore.Mvc.Infrastructure.ResourceInvoker.ResultNext[TFilter,TFilterAsync](State& next, Scope& scope, Object& state, Boolean& isCompleted)
   at Microsoft.AspNetCore.Mvc.Infrastructure.ResourceInvoker.InvokeResultFilters()
--- End of stack trace from previous location ---
   at Microsoft.AspNetCore.Mvc.Infrastructure.ResourceInvoker.<InvokeFilterPipelineAsync>g__Awaited|20_0(ResourceInvoker invoker, Task lastTask, State next, Scope scope, Object state, Boolean isCompleted)
   at Microsoft.AspNetCore.Mvc.Infrastructure.ResourceInvoker.<InvokeAsync>g__Awaited|17_0(ResourceInvoker invoker, Task task, IDisposable scope)
   at Microsoft.AspNetCore.Mvc.Infrastructure.ResourceInvoker.<InvokeAsync>g__Awaited|17_0(ResourceInvoker invoker, Task task, IDisposable scope)
   at Swashbuckle.AspNetCore.SwaggerUI.SwaggerUIMiddleware.Invoke(HttpContext httpContext)
   at Swashbuckle.AspNetCore.Swagger.SwaggerMiddleware.Invoke(HttpContext httpContext, ISwaggerProvider swaggerProvider)
   at Microsoft.AspNetCore.Authorization.AuthorizationMiddleware.Invoke(HttpContext context)
   at Microsoft.AspNetCore.Authentication.AuthenticationMiddleware.Invoke(HttpContext context)
   at Microsoft.AspNetCore.RateLimiting.RateLimitingMiddleware.InvokeInternal(HttpContext context, EnableRateLimitingAttribute enableRateLimitingAttribute)
   at Serilog.AspNetCore.RequestLoggingMiddleware.Invoke(HttpContext httpContext)
[2026-09-20 11:16:48.905 +05:30 ERR] Microsoft.AspNetCore.Diagnostics.DeveloperExceptionPageMiddleware: An unhandled exception has occurred while executing the request.
System.InvalidOperationException: The PipeWriter 'ResponseBodyPipeWriter' does not implement PipeWriter.UnflushedBytes.
   at System.Text.Json.ThrowHelper.ThrowInvalidOperationException_PipeWriterDoesNotImplementUnflushedBytes(PipeWriter pipeWriter)
   at System.Text.Json.Serialization.Metadata.JsonTypeInfo`1.SerializeAsync(PipeWriter pipeWriter, T rootValue, Int32 flushThreshold, CancellationToken cancellationToken, Object rootValueBoxed)
   at Microsoft.AspNetCore.Mvc.Formatters.SystemTextJsonOutputFormatter.WriteResponseBodyAsync(OutputFormatterWriteContext context, Encoding selectedEncoding)
   at Microsoft.AspNetCore.Mvc.Infrastructure.ResourceInvoker.<InvokeNextResultFilterAsync>g__Awaited|30_0[TFilter,TFilterAsync](ResourceInvoker invoker, Task lastTask, State next, Scope scope, Object state, Boolean isCompleted)
   at Microsoft.AspNetCore.Mvc.Infrastructure.ResourceInvoker.Rethrow(ResultExecutedContextSealed context)
   at Microsoft.AspNetCore.Mvc.Infrastructure.ResourceInvoker.ResultNext[TFilter,TFilterAsync](State& next, Scope& scope, Object& state, Boolean& isCompleted)
   at Microsoft.AspNetCore.Mvc.Infrastructure.ResourceInvoker.InvokeResultFilters()
--- End of stack trace from previous location ---
   at Microsoft.AspNetCore.Mvc.Infrastructure.ResourceInvoker.<InvokeFilterPipelineAsync>g__Awaited|20_0(ResourceInvoker invoker, Task lastTask, State next, Scope scope, Object state, Boolean isCompleted)
   at Microsoft.AspNetCore.Mvc.Infrastructure.ResourceInvoker.<InvokeAsync>g__Awaited|17_0(ResourceInvoker invoker, Task task, IDisposable scope)
   at Microsoft.AspNetCore.Mvc.Infrastructure.ResourceInvoker.<InvokeAsync>g__Awaited|17_0(ResourceInvoker invoker, Task task, IDisposable scope)
   at Swashbuckle.AspNetCore.SwaggerUI.SwaggerUIMiddleware.Invoke(HttpContext httpContext)
   at Swashbuckle.AspNetCore.Swagger.SwaggerMiddleware.Invoke(HttpContext httpContext, ISwaggerProvider swaggerProvider)
   at Microsoft.AspNetCore.Authorization.AuthorizationMiddleware.Invoke(HttpContext context)
   at Microsoft.AspNetCore.Authentication.AuthenticationMiddleware.Invoke(HttpContext context)
   at Microsoft.AspNetCore.RateLimiting.RateLimitingMiddleware.InvokeInternal(HttpContext context, EnableRateLimitingAttribute enableRateLimitingAttribute)
   at Serilog.AspNetCore.RequestLoggingMiddleware.Invoke(HttpContext httpContext)
   at Microsoft.AspNetCore.Diagnostics.DeveloperExceptionPageMiddlewareImpl.Invoke(HttpContext context)
[2026-09-20 11:16:48.906 +05:30 ERR] Microsoft.AspNetCore.Diagnostics.DeveloperExceptionPageMiddleware: An unhandled exception has occurred while executing the request.
System.InvalidOperationException: The PipeWriter 'ResponseBodyPipeWriter' does not implement PipeWriter.UnflushedBytes.
   at System.Text.Json.ThrowHelper.ThrowInvalidOperationException_PipeWriterDoesNotImplementUnflushedBytes(PipeWriter pipeWriter)
   at System.Text.Json.Serialization.Metadata.JsonTypeInfo`1.SerializeAsync(PipeWriter pipeWriter, T rootValue, Int32 flushThreshold, CancellationToken cancellationToken, Object rootValueBoxed)
   at Microsoft.AspNetCore.Mvc.Formatters.SystemTextJsonOutputFormatter.WriteResponseBodyAsync(OutputFormatterWriteContext context, Encoding selectedEncoding)
   at Microsoft.AspNetCore.Mvc.Infrastructure.ResourceInvoker.<InvokeNextResultFilterAsync>g__Awaited|30_0[TFilter,TFilterAsync](ResourceInvoker invoker, Task lastTask, State next, Scope scope, Object state, Boolean isCompleted)
   at Microsoft.AspNetCore.Mvc.Infrastructure.ResourceInvoker.Rethrow(ResultExecutedContextSealed context)
   at Microsoft.AspNetCore.Mvc.Infrastructure.ResourceInvoker.ResultNext[TFilter,TFilterAsync](State& next, Scope& scope, Object& state, Boolean& isCompleted)
   at Microsoft.AspNetCore.Mvc.Infrastructure.ResourceInvoker.InvokeResultFilters()
--- End of stack trace from previous location ---
   at Microsoft.AspNetCore.Mvc.Infrastructure.ResourceInvoker.<InvokeFilterPipelineAsync>g__Awaited|20_0(ResourceInvoker invoker, Task lastTask, State next, Scope scope, Object state, Boolean isCompleted)
   at Microsoft.AspNetCore.Mvc.Infrastructure.ResourceInvoker.<InvokeAsync>g__Awaited|17_0(ResourceInvoker invoker, Task task, IDisposable scope)
   at Microsoft.AspNetCore.Mvc.Infrastructure.ResourceInvoker.<InvokeAsync>g__Awaited|17_0(ResourceInvoker invoker, Task task, IDisposable scope)
   at Swashbuckle.AspNetCore.SwaggerUI.SwaggerUIMiddleware.Invoke(HttpContext httpContext)
   at Swashbuckle.AspNetCore.Swagger.SwaggerMiddleware.Invoke(HttpContext httpContext, ISwaggerProvider swaggerProvider)
   at Microsoft.AspNetCore.Authorization.AuthorizationMiddleware.Invoke(HttpContext context)
   at Microsoft.AspNetCore.Authentication.AuthenticationMiddleware.Invoke(HttpContext context)
   at Microsoft.AspNetCore.RateLimiting.RateLimitingMiddleware.InvokeInternal(HttpContext context, EnableRateLimitingAttribute enableRateLimitingAttribute)
   at Serilog.AspNetCore.RequestLoggingMiddleware.Invoke(HttpContext httpContext)
   at Microsoft.AspNetCore.Diagnostics.DeveloperExceptionPageMiddlewareImpl.Invoke(HttpContext context)
[2026-09-20 11:16:48.946 +05:30 WRN] Kestrel.Api.Controllers.AuthController: Audit: login failed (bad password) for admin from unknown
[2026-09-20 11:16:48.947 +05:30 ERR] Serilog.AspNetCore.RequestLoggingMiddleware: HTTP POST /api/auth/login responded 500 in 178.7573 ms
System.InvalidOperationException: The PipeWriter 'ResponseBodyPipeWriter' does not implement PipeWriter.UnflushedBytes.
   at System.Text.Json.ThrowHelper.ThrowInvalidOperationException_PipeWriterDoesNotImplementUnflushedBytes(PipeWriter pipeWriter)
   at System.Text.Json.Serialization.Metadata.JsonTypeInfo`1.SerializeAsync(PipeWriter pipeWriter, T rootValue, Int32 flushThreshold, CancellationToken cancellationToken, Object rootValueBoxed)
   at Microsoft.AspNetCore.Mvc.Formatters.SystemTextJsonOutputFormatter.WriteResponseBodyAsync(OutputFormatterWriteContext context, Encoding selectedEncoding)
   at Microsoft.AspNetCore.Mvc.Infrastructure.ResourceInvoker.<InvokeNextResultFilterAsync>g__Awaited|30_0[TFilter,TFilterAsync](ResourceInvoker invoker, Task lastTask, State next, Scope scope, Object state, Boolean isCompleted)
   at Microsoft.AspNetCore.Mvc.Infrastructure.ResourceInvoker.Rethrow(ResultExecutedContextSealed context)
   at Microsoft.AspNetCore.Mvc.Infrastructure.ResourceInvoker.ResultNext[TFilter,TFilterAsync](State& next, Scope& scope, Object& state, Boolean& isCompleted)
   at Microsoft.AspNetCore.Mvc.Infrastructure.ResourceInvoker.InvokeResultFilters()
--- End of stack trace from previous location ---
   at Microsoft.AspNetCore.Mvc.Infrastructure.ResourceInvoker.<InvokeFilterPipelineAsync>g__Awaited|20_0(ResourceInvoker invoker, Task lastTask, State next, Scope scope, Object state, Boolean isCompleted)
   at Microsoft.AspNetCore.Mvc.Infrastructure.ResourceInvoker.<InvokeAsync>g__Awaited|17_0(ResourceInvoker invoker, Task task, IDisposable scope)
   at Microsoft.AspNetCore.Mvc.Infrastructure.ResourceInvoker.<InvokeAsync>g__Awaited|17_0(ResourceInvoker invoker, Task task, IDisposable scope)
   at Swashbuckle.AspNetCore.SwaggerUI.SwaggerUIMiddleware.Invoke(HttpContext httpContext)
   at Swashbuckle.AspNetCore.Swagger.SwaggerMiddleware.Invoke(HttpContext httpContext, ISwaggerProvider swaggerProvider)
   at Microsoft.AspNetCore.Authorization.AuthorizationMiddleware.Invoke(HttpContext context)
   at Microsoft.AspNetCore.Authentication.AuthenticationMiddleware.Invoke(HttpContext context)
   at Microsoft.AspNetCore.RateLimiting.RateLimitingMiddleware.InvokeInternal(HttpContext context, EnableRateLimitingAttribute enableRateLimitingAttribute)
   at Serilog.AspNetCore.RequestLoggingMiddleware.Invoke(HttpContext httpContext)
[2026-09-20 11:16:48.949 +05:30 ERR] Microsoft.AspNetCore.Diagnostics.DeveloperExceptionPageMiddleware: An unhandled exception has occurred while executing the request.
System.InvalidOperationException: The PipeWriter 'ResponseBodyPipeWriter' does not implement PipeWriter.UnflushedBytes.
   at System.Text.Json.ThrowHelper.ThrowInvalidOperationException_PipeWriterDoesNotImplementUnflushedBytes(PipeWriter pipeWriter)
   at System.Text.Json.Serialization.Metadata.JsonTypeInfo`1.SerializeAsync(PipeWriter pipeWriter, T rootValue, Int32 flushThreshold, CancellationToken cancellationToken, Object rootValueBoxed)
   at Microsoft.AspNetCore.Mvc.Formatters.SystemTextJsonOutputFormatter.WriteResponseBodyAsync(OutputFormatterWriteContext context, Encoding selectedEncoding)
   at Microsoft.AspNetCore.Mvc.Infrastructure.ResourceInvoker.<InvokeNextResultFilterAsync>g__Awaited|30_0[TFilter,TFilterAsync](ResourceInvoker invoker, Task lastTask, State next, Scope scope, Object state, Boolean isCompleted)
   at Microsoft.AspNetCore.Mvc.Infrastructure.ResourceInvoker.Rethrow(ResultExecutedContextSealed context)
   at Microsoft.AspNetCore.Mvc.Infrastructure.ResourceInvoker.ResultNext[TFilter,TFilterAsync](State& next, Scope& scope, Object& state, Boolean& isCompleted)
   at Microsoft.AspNetCore.Mvc.Infrastructure.ResourceInvoker.InvokeResultFilters()
--- End of stack trace from previous location ---
   at Microsoft.AspNetCore.Mvc.Infrastructure.ResourceInvoker.<InvokeFilterPipelineAsync>g__Awaited|20_0(ResourceInvoker invoker, Task lastTask, State next, Scope scope, Object state, Boolean isCompleted)
   at Microsoft.AspNetCore.Mvc.Infrastructure.ResourceInvoker.<InvokeAsync>g__Awaited|17_0(ResourceInvoker invoker, Task task, IDisposable scope)
   at Microsoft.AspNetCore.Mvc.Infrastructure.ResourceInvoker.<InvokeAsync>g__Awaited|17_0(ResourceInvoker invoker, Task task, IDisposable scope)
   at Swashbuckle.AspNetCore.SwaggerUI.SwaggerUIMiddleware.Invoke(HttpContext httpContext)
   at Swashbuckle.AspNetCore.Swagger.SwaggerMiddleware.Invoke(HttpContext httpContext, ISwaggerProvider swaggerProvider)
   at Microsoft.AspNetCore.Authorization.AuthorizationMiddleware.Invoke(HttpContext context)
   at Microsoft.AspNetCore.Authentication.AuthenticationMiddleware.Invoke(HttpContext context)
   at Microsoft.AspNetCore.RateLimiting.RateLimitingMiddleware.InvokeInternal(HttpContext context, EnableRateLimitingAttribute enableRateLimitingAttribute)
   at Serilog.AspNetCore.RequestLoggingMiddleware.Invoke(HttpContext httpContext)
   at Microsoft.AspNetCore.Diagnostics.DeveloperExceptionPageMiddlewareImpl.Invoke(HttpContext context)
[2026-09-20 11:16:49.065 +05:30 INF] Kestrel.Api.Controllers.AuthController: Audit: login succeeded for admin (b1b92b11-642f-4053-9888-6e98b48c30cf) from unknown
[2026-09-20 11:16:49.066 +05:30 INF] Kestrel.Api.Controllers.AuthController: Audit: login succeeded for admin (450b9ed9-209b-4d1b-897d-9c26066738c1) from unknown
[2026-09-20 11:16:49.066 +05:30 INF] Kestrel.Api.Controllers.AuthController: Audit: login succeeded for admin (b2ecadb7-5cb1-4b41-8bc5-83d78c8e491d) from unknown
[2026-09-20 11:16:49.066 +05:30 ERR] Serilog.AspNetCore.RequestLoggingMiddleware: HTTP POST /api/auth/login responded 500 in 136.1803 ms
System.InvalidOperationException: The PipeWriter 'ResponseBodyPipeWriter' does not implement PipeWriter.UnflushedBytes.
   at System.Text.Json.ThrowHelper.ThrowInvalidOperationException_PipeWriterDoesNotImplementUnflushedBytes(PipeWriter pipeWriter)
   at System.Text.Json.Serialization.Metadata.JsonTypeInfo`1.SerializeAsync(PipeWriter pipeWriter, T rootValue, Int32 flushThreshold, CancellationToken cancellationToken, Object rootValueBoxed)
   at Microsoft.AspNetCore.Mvc.Formatters.SystemTextJsonOutputFormatter.WriteResponseBodyAsync(OutputFormatterWriteContext context, Encoding selectedEncoding)
   at Microsoft.AspNetCore.Mvc.Infrastructure.ResourceInvoker.<InvokeNextResultFilterAsync>g__Awaited|30_0[TFilter,TFilterAsync](ResourceInvoker invoker, Task lastTask, State next, Scope scope, Object state, Boolean isCompleted)
   at Microsoft.AspNetCore.Mvc.Infrastructure.ResourceInvoker.Rethrow(ResultExecutedContextSealed context)
   at Microsoft.AspNetCore.Mvc.Infrastructure.ResourceInvoker.ResultNext[TFilter,TFilterAsync](State& next, Scope& scope, Object& state, Boolean& isCompleted)
   at Microsoft.AspNetCore.Mvc.Infrastructure.ResourceInvoker.InvokeResultFilters()
--- End of stack trace from previous location ---
   at Microsoft.AspNetCore.Mvc.Infrastructure.ResourceInvoker.<InvokeFilterPipelineAsync>g__Awaited|20_0(ResourceInvoker invoker, Task lastTask, State next, Scope scope, Object state, Boolean isCompleted)
   at Microsoft.AspNetCore.Mvc.Infrastructure.ResourceInvoker.<InvokeAsync>g__Awaited|17_0(ResourceInvoker invoker, Task task, IDisposable scope)
   at Microsoft.AspNetCore.Mvc.Infrastructure.ResourceInvoker.<InvokeAsync>g__Awaited|17_0(ResourceInvoker invoker, Task task, IDisposable scope)
   at Swashbuckle.AspNetCore.SwaggerUI.SwaggerUIMiddleware.Invoke(HttpContext httpContext)
   at Swashbuckle.AspNetCore.Swagger.SwaggerMiddleware.Invoke(HttpContext httpContext, ISwaggerProvider swaggerProvider)
   at Microsoft.AspNetCore.Authorization.AuthorizationMiddleware.Invoke(HttpContext context)
   at Microsoft.AspNetCore.Authentication.AuthenticationMiddleware.Invoke(HttpContext context)
   at Microsoft.AspNetCore.RateLimiting.RateLimitingMiddleware.InvokeInternal(HttpContext context, EnableRateLimitingAttribute enableRateLimitingAttribute)
   at Serilog.AspNetCore.RequestLoggingMiddleware.Invoke(HttpContext httpContext)
[2026-09-20 11:16:49.066 +05:30 ERR] Serilog.AspNetCore.RequestLoggingMiddleware: HTTP POST /api/auth/login responded 500 in 110.8267 ms
System.InvalidOperationException: The PipeWriter 'ResponseBodyPipeWriter' does not implement PipeWriter.UnflushedBytes.
   at System.Text.Json.ThrowHelper.ThrowInvalidOperationException_PipeWriterDoesNotImplementUnflushedBytes(PipeWriter pipeWriter)
   at System.Text.Json.Serialization.Metadata.JsonTypeInfo`1.SerializeAsync(PipeWriter pipeWriter, T rootValue, Int32 flushThreshold, CancellationToken cancellationToken, Object rootValueBoxed)
   at Microsoft.AspNetCore.Mvc.Formatters.SystemTextJsonOutputFormatter.WriteResponseBodyAsync(OutputFormatterWriteContext context, Encoding selectedEncoding)
   at Microsoft.AspNetCore.Mvc.Infrastructure.ResourceInvoker.<InvokeNextResultFilterAsync>g__Awaited|30_0[TFilter,TFilterAsync](ResourceInvoker invoker, Task lastTask, State next, Scope scope, Object state, Boolean isCompleted)
   at Microsoft.AspNetCore.Mvc.Infrastructure.ResourceInvoker.Rethrow(ResultExecutedContextSealed context)
   at Microsoft.AspNetCore.Mvc.Infrastructure.ResourceInvoker.ResultNext[TFilter,TFilterAsync](State& next, Scope& scope, Object& state, Boolean& isCompleted)
   at Microsoft.AspNetCore.Mvc.Infrastructure.ResourceInvoker.InvokeResultFilters()
--- End of stack trace from previous location ---
   at Microsoft.AspNetCore.Mvc.Infrastructure.ResourceInvoker.<InvokeFilterPipelineAsync>g__Awaited|20_0(ResourceInvoker invoker, Task lastTask, State next, Scope scope, Object state, Boolean isCompleted)
   at Microsoft.AspNetCore.Mvc.Infrastructure.ResourceInvoker.<InvokeAsync>g__Awaited|17_0(ResourceInvoker invoker, Task task, IDisposable scope)
   at Microsoft.AspNetCore.Mvc.Infrastructure.ResourceInvoker.<InvokeAsync>g__Awaited|17_0(ResourceInvoker invoker, Task task, IDisposable scope)
   at Swashbuckle.AspNetCore.SwaggerUI.SwaggerUIMiddleware.Invoke(HttpContext httpContext)
   at Swashbuckle.AspNetCore.Swagger.SwaggerMiddleware.Invoke(HttpContext httpContext, ISwaggerProvider swaggerProvider)
   at Microsoft.AspNetCore.Authorization.AuthorizationMiddleware.Invoke(HttpContext context)
   at Microsoft.AspNetCore.Authentication.AuthenticationMiddleware.Invoke(HttpContext context)
   at Microsoft.AspNetCore.RateLimiting.RateLimitingMiddleware.InvokeInternal(HttpContext context, EnableRateLimitingAttribute enableRateLimitingAttribute)
   at Serilog.AspNetCore.RequestLoggingMiddleware.Invoke(HttpContext httpContext)
[2026-09-20 11:16:49.066 +05:30 ERR] Serilog.AspNetCore.RequestLoggingMiddleware: HTTP POST /api/auth/login responded 500 in 136.0362 ms
System.InvalidOperationException: The PipeWriter 'ResponseBodyPipeWriter' does not implement PipeWriter.UnflushedBytes.
   at System.Text.Json.ThrowHelper.ThrowInvalidOperationException_PipeWriterDoesNotImplementUnflushedBytes(PipeWriter pipeWriter)
   at System.Text.Json.Serialization.Metadata.JsonTypeInfo`1.SerializeAsync(PipeWriter pipeWriter, T rootValue, Int32 flushThreshold, CancellationToken cancellationToken, Object rootValueBoxed)
   at Microsoft.AspNetCore.Mvc.Formatters.SystemTextJsonOutputFormatter.WriteResponseBodyAsync(OutputFormatterWriteContext context, Encoding selectedEncoding)
   at Microsoft.AspNetCore.Mvc.Infrastructure.ResourceInvoker.<InvokeNextResultFilterAsync>g__Awaited|30_0[TFilter,TFilterAsync](ResourceInvoker invoker, Task lastTask, State next, Scope scope, Object state, Boolean isCompleted)
   at Microsoft.AspNetCore.Mvc.Infrastructure.ResourceInvoker.Rethrow(ResultExecutedContextSealed context)
   at Microsoft.AspNetCore.Mvc.Infrastructure.ResourceInvoker.ResultNext[TFilter,TFilterAsync](State& next, Scope& scope, Object& state, Boolean& isCompleted)
   at Microsoft.AspNetCore.Mvc.Infrastructure.ResourceInvoker.InvokeResultFilters()
--- End of stack trace from previous location ---
   at Microsoft.AspNetCore.Mvc.Infrastructure.ResourceInvoker.<InvokeFilterPipelineAsync>g__Awaited|20_0(ResourceInvoker invoker, Task lastTask, State next, Scope scope, Object state, Boolean isCompleted)
   at Microsoft.AspNetCore.Mvc.Infrastructure.ResourceInvoker.<InvokeAsync>g__Awaited|17_0(ResourceInvoker invoker, Task task, IDisposable scope)
   at Microsoft.AspNetCore.Mvc.Infrastructure.ResourceInvoker.<InvokeAsync>g__Awaited|17_0(ResourceInvoker invoker, Task task, IDisposable scope)
   at Swashbuckle.AspNetCore.SwaggerUI.SwaggerUIMiddleware.Invoke(HttpContext httpContext)
   at Swashbuckle.AspNetCore.Swagger.SwaggerMiddleware.Invoke(HttpContext httpContext, ISwaggerProvider swaggerProvider)
   at Microsoft.AspNetCore.Authorization.AuthorizationMiddleware.Invoke(HttpContext context)
   at Microsoft.AspNetCore.Authentication.AuthenticationMiddleware.Invoke(HttpContext context)
   at Microsoft.AspNetCore.RateLimiting.RateLimitingMiddleware.InvokeInternal(HttpContext context, EnableRateLimitingAttribute enableRateLimitingAttribute)
   at Serilog.AspNetCore.RequestLoggingMiddleware.Invoke(HttpContext httpContext)
[2026-09-20 11:16:49.067 +05:30 ERR] Microsoft.AspNetCore.Diagnostics.DeveloperExceptionPageMiddleware: An unhandled exception has occurred while executing the request.
System.InvalidOperationException: The PipeWriter 'ResponseBodyPipeWriter' does not implement PipeWriter.UnflushedBytes.
   at System.Text.Json.ThrowHelper.ThrowInvalidOperationException_PipeWriterDoesNotImplementUnflushedBytes(PipeWriter pipeWriter)
   at System.Text.Json.Serialization.Metadata.JsonTypeInfo`1.SerializeAsync(PipeWriter pipeWriter, T rootValue, Int32 flushThreshold, CancellationToken cancellationToken, Object rootValueBoxed)
   at Microsoft.AspNetCore.Mvc.Formatters.SystemTextJsonOutputFormatter.WriteResponseBodyAsync(OutputFormatterWriteContext context, Encoding selectedEncoding)
   at Microsoft.AspNetCore.Mvc.Infrastructure.ResourceInvoker.<InvokeNextResultFilterAsync>g__Awaited|30_0[TFilter,TFilterAsync](ResourceInvoker invoker, Task lastTask, State next, Scope scope, Object state, Boolean isCompleted)
   at Microsoft.AspNetCore.Mvc.Infrastructure.ResourceInvoker.Rethrow(ResultExecutedContextSealed context)
   at Microsoft.AspNetCore.Mvc.Infrastructure.ResourceInvoker.ResultNext[TFilter,TFilterAsync](State& next, Scope& scope, Object& state, Boolean& isCompleted)
   at Microsoft.AspNetCore.Mvc.Infrastructure.ResourceInvoker.InvokeResultFilters()
--- End of stack trace from previous location ---
   at Microsoft.AspNetCore.Mvc.Infrastructure.ResourceInvoker.<InvokeFilterPipelineAsync>g__Awaited|20_0(ResourceInvoker invoker, Task lastTask, State next, Scope scope, Object state, Boolean isCompleted)
   at Microsoft.AspNetCore.Mvc.Infrastructure.ResourceInvoker.<InvokeAsync>g__Awaited|17_0(ResourceInvoker invoker, Task task, IDisposable scope)
   at Microsoft.AspNetCore.Mvc.Infrastructure.ResourceInvoker.<InvokeAsync>g__Awaited|17_0(ResourceInvoker invoker, Task task, IDisposable scope)
   at Swashbuckle.AspNetCore.SwaggerUI.SwaggerUIMiddleware.Invoke(HttpContext httpContext)
   at Swashbuckle.AspNetCore.Swagger.SwaggerMiddleware.Invoke(HttpContext httpContext, ISwaggerProvider swaggerProvider)
   at Microsoft.AspNetCore.Authorization.AuthorizationMiddleware.Invoke(HttpContext context)
   at Microsoft.AspNetCore.Authentication.AuthenticationMiddleware.Invoke(HttpContext context)
   at Microsoft.AspNetCore.RateLimiting.RateLimitingMiddleware.InvokeInternal(HttpContext context, EnableRateLimitingAttribute enableRateLimitingAttribute)
   at Serilog.AspNetCore.RequestLoggingMiddleware.Invoke(HttpContext httpContext)
   at Microsoft.AspNetCore.Diagnostics.DeveloperExceptionPageMiddlewareImpl.Invoke(HttpContext context)
[2026-09-20 11:16:49.067 +05:30 ERR] Microsoft.AspNetCore.Diagnostics.DeveloperExceptionPageMiddleware: An unhandled exception has occurred while executing the request.
System.InvalidOperationException: The PipeWriter 'ResponseBodyPipeWriter' does not implement PipeWriter.UnflushedBytes.
   at System.Text.Json.ThrowHelper.ThrowInvalidOperationException_PipeWriterDoesNotImplementUnflushedBytes(PipeWriter pipeWriter)
   at System.Text.Json.Serialization.Metadata.JsonTypeInfo`1.SerializeAsync(PipeWriter pipeWriter, T rootValue, Int32 flushThreshold, CancellationToken cancellationToken, Object rootValueBoxed)
   at Microsoft.AspNetCore.Mvc.Formatters.SystemTextJsonOutputFormatter.WriteResponseBodyAsync(OutputFormatterWriteContext context, Encoding selectedEncoding)
   at Microsoft.AspNetCore.Mvc.Infrastructure.ResourceInvoker.<InvokeNextResultFilterAsync>g__Awaited|30_0[TFilter,TFilterAsync](ResourceInvoker invoker, Task lastTask, State next, Scope scope, Object state, Boolean isCompleted)
   at Microsoft.AspNetCore.Mvc.Infrastructure.ResourceInvoker.Rethrow(ResultExecutedContextSealed context)
   at Microsoft.AspNetCore.Mvc.Infrastructure.ResourceInvoker.ResultNext[TFilter,TFilterAsync](State& next, Scope& scope, Object& state, Boolean& isCompleted)
   at Microsoft.AspNetCore.Mvc.Infrastructure.ResourceInvoker.InvokeResultFilters()
--- End of stack trace from previous location ---
   at Microsoft.AspNetCore.Mvc.Infrastructure.ResourceInvoker.<InvokeFilterPipelineAsync>g__Awaited|20_0(ResourceInvoker invoker, Task lastTask, State next, Scope scope, Object state, Boolean isCompleted)
   at Microsoft.AspNetCore.Mvc.Infrastructure.ResourceInvoker.<InvokeAsync>g__Awaited|17_0(ResourceInvoker invoker, Task task, IDisposable scope)
   at Microsoft.AspNetCore.Mvc.Infrastructure.ResourceInvoker.<InvokeAsync>g__Awaited|17_0(ResourceInvoker invoker, Task task, IDisposable scope)
   at Swashbuckle.AspNetCore.SwaggerUI.SwaggerUIMiddleware.Invoke(HttpContext httpContext)
   at Swashbuckle.AspNetCore.Swagger.SwaggerMiddleware.Invoke(HttpContext httpContext, ISwaggerProvider swaggerProvider)
   at Microsoft.AspNetCore.Authorization.AuthorizationMiddleware.Invoke(HttpContext context)
   at Microsoft.AspNetCore.Authentication.AuthenticationMiddleware.Invoke(HttpContext context)
   at Microsoft.AspNetCore.RateLimiting.RateLimitingMiddleware.InvokeInternal(HttpContext context, EnableRateLimitingAttribute enableRateLimitingAttribute)
   at Serilog.AspNetCore.RequestLoggingMiddleware.Invoke(HttpContext httpContext)
   at Microsoft.AspNetCore.Diagnostics.DeveloperExceptionPageMiddlewareImpl.Invoke(HttpContext context)
[2026-09-20 11:16:49.068 +05:30 ERR] Microsoft.AspNetCore.Diagnostics.DeveloperExceptionPageMiddleware: An unhandled exception has occurred while executing the request.
System.InvalidOperationException: The PipeWriter 'ResponseBodyPipeWriter' does not implement PipeWriter.UnflushedBytes.
   at System.Text.Json.ThrowHelper.ThrowInvalidOperationException_PipeWriterDoesNotImplementUnflushedBytes(PipeWriter pipeWriter)
   at System.Text.Json.Serialization.Metadata.JsonTypeInfo`1.SerializeAsync(PipeWriter pipeWriter, T rootValue, Int32 flushThreshold, CancellationToken cancellationToken, Object rootValueBoxed)
   at Microsoft.AspNetCore.Mvc.Formatters.SystemTextJsonOutputFormatter.WriteResponseBodyAsync(OutputFormatterWriteContext context, Encoding selectedEncoding)
   at Microsoft.AspNetCore.Mvc.Infrastructure.ResourceInvoker.<InvokeNextResultFilterAsync>g__Awaited|30_0[TFilter,TFilterAsync](ResourceInvoker invoker, Task lastTask, State next, Scope scope, Object state, Boolean isCompleted)
   at Microsoft.AspNetCore.Mvc.Infrastructure.ResourceInvoker.Rethrow(ResultExecutedContextSealed context)
   at Microsoft.AspNetCore.Mvc.Infrastructure.ResourceInvoker.ResultNext[TFilter,TFilterAsync](State& next, Scope& scope, Object& state, Boolean& isCompleted)
   at Microsoft.AspNetCore.Mvc.Infrastructure.ResourceInvoker.InvokeResultFilters()
--- End of stack trace from previous location ---
   at Microsoft.AspNetCore.Mvc.Infrastructure.ResourceInvoker.<InvokeFilterPipelineAsync>g__Awaited|20_0(ResourceInvoker invoker, Task lastTask, State next, Scope scope, Object state, Boolean isCompleted)
   at Microsoft.AspNetCore.Mvc.Infrastructure.ResourceInvoker.<InvokeAsync>g__Awaited|17_0(ResourceInvoker invoker, Task task, IDisposable scope)
   at Microsoft.AspNetCore.Mvc.Infrastructure.ResourceInvoker.<InvokeAsync>g__Awaited|17_0(ResourceInvoker invoker, Task task, IDisposable scope)
   at Swashbuckle.AspNetCore.SwaggerUI.SwaggerUIMiddleware.Invoke(HttpContext httpContext)
   at Swashbuckle.AspNetCore.Swagger.SwaggerMiddleware.Invoke(HttpContext httpContext, ISwaggerProvider swaggerProvider)
   at Microsoft.AspNetCore.Authorization.AuthorizationMiddleware.Invoke(HttpContext context)
   at Microsoft.AspNetCore.Authentication.AuthenticationMiddleware.Invoke(HttpContext context)
   at Microsoft.AspNetCore.RateLimiting.RateLimitingMiddleware.InvokeInternal(HttpContext context, EnableRateLimitingAttribute enableRateLimitingAttribute)
   at Serilog.AspNetCore.RequestLoggingMiddleware.Invoke(HttpContext httpContext)
   at Microsoft.AspNetCore.Diagnostics.DeveloperExceptionPageMiddlewareImpl.Invoke(HttpContext context)
[2026-09-20 11:16:49.070 +05:30 INF] Serilog.AspNetCore.RequestLoggingMiddleware: HTTP POST /api/users responded 401 in 0.5259 ms
[2026-09-20 11:16:49.072 +05:30 INF] Serilog.AspNetCore.RequestLoggingMiddleware: HTTP GET /api/users responded 401 in 0.2906 ms
[2026-09-20 11:16:49.073 +05:30 WRN] Kestrel.Api.Controllers.AuthController: Audit: login failed (unknown user) for viewer_6a50cc3f8cc9484295a97cc03f5708af from unknown
[2026-09-20 11:16:49.073 +05:30 ERR] Serilog.AspNetCore.RequestLoggingMiddleware: HTTP POST /api/auth/login responded 500 in 2.9029 ms
System.InvalidOperationException: The PipeWriter 'ResponseBodyPipeWriter' does not implement PipeWriter.UnflushedBytes.
   at System.Text.Json.ThrowHelper.ThrowInvalidOperationException_PipeWriterDoesNotImplementUnflushedBytes(PipeWriter pipeWriter)
   at System.Text.Json.Serialization.Metadata.JsonTypeInfo`1.SerializeAsync(PipeWriter pipeWriter, T rootValue, Int32 flushThreshold, CancellationToken cancellationToken, Object rootValueBoxed)
   at Microsoft.AspNetCore.Mvc.Formatters.SystemTextJsonOutputFormatter.WriteResponseBodyAsync(OutputFormatterWriteContext context, Encoding selectedEncoding)
   at Microsoft.AspNetCore.Mvc.Infrastructure.ResourceInvoker.<InvokeNextResultFilterAsync>g__Awaited|30_0[TFilter,TFilterAsync](ResourceInvoker invoker, Task lastTask, State next, Scope scope, Object state, Boolean isCompleted)
   at Microsoft.AspNetCore.Mvc.Infrastructure.ResourceInvoker.Rethrow(ResultExecutedContextSealed context)
   at Microsoft.AspNetCore.Mvc.Infrastructure.ResourceInvoker.ResultNext[TFilter,TFilterAsync](State& next, Scope& scope, Object& state, Boolean& isCompleted)
   at Microsoft.AspNetCore.Mvc.Infrastructure.ResourceInvoker.InvokeResultFilters()
--- End of stack trace from previous location ---
   at Microsoft.AspNetCore.Mvc.Infrastructure.ResourceInvoker.<InvokeFilterPipelineAsync>g__Awaited|20_0(ResourceInvoker invoker, Task lastTask, State next, Scope scope, Object state, Boolean isCompleted)
   at Microsoft.AspNetCore.Mvc.Infrastructure.ResourceInvoker.<InvokeAsync>g__Awaited|17_0(ResourceInvoker invoker, Task task, IDisposable scope)
   at Microsoft.AspNetCore.Mvc.Infrastructure.ResourceInvoker.<InvokeAsync>g__Awaited|17_0(ResourceInvoker invoker, Task task, IDisposable scope)
   at Swashbuckle.AspNetCore.SwaggerUI.SwaggerUIMiddleware.Invoke(HttpContext httpContext)
   at Swashbuckle.AspNetCore.Swagger.SwaggerMiddleware.Invoke(HttpContext httpContext, ISwaggerProvider swaggerProvider)
   at Microsoft.AspNetCore.Authorization.AuthorizationMiddleware.Invoke(HttpContext context)
   at Microsoft.AspNetCore.Authentication.AuthenticationMiddleware.Invoke(HttpContext context)
   at Microsoft.AspNetCore.RateLimiting.RateLimitingMiddleware.InvokeInternal(HttpContext context, EnableRateLimitingAttribute enableRateLimitingAttribute)
   at Serilog.AspNetCore.RequestLoggingMiddleware.Invoke(HttpContext httpContext)
[2026-09-20 11:16:49.075 +05:30 ERR] Microsoft.AspNetCore.Diagnostics.DeveloperExceptionPageMiddleware: An unhandled exception has occurred while executing the request.
System.InvalidOperationException: The PipeWriter 'ResponseBodyPipeWriter' does not implement PipeWriter.UnflushedBytes.
   at System.Text.Json.ThrowHelper.ThrowInvalidOperationException_PipeWriterDoesNotImplementUnflushedBytes(PipeWriter pipeWriter)
   at System.Text.Json.Serialization.Metadata.JsonTypeInfo`1.SerializeAsync(PipeWriter pipeWriter, T rootValue, Int32 flushThreshold, CancellationToken cancellationToken, Object rootValueBoxed)
   at Microsoft.AspNetCore.Mvc.Formatters.SystemTextJsonOutputFormatter.WriteResponseBodyAsync(OutputFormatterWriteContext context, Encoding selectedEncoding)
   at Microsoft.AspNetCore.Mvc.Infrastructure.ResourceInvoker.<InvokeNextResultFilterAsync>g__Awaited|30_0[TFilter,TFilterAsync](ResourceInvoker invoker, Task lastTask, State next, Scope scope, Object state, Boolean isCompleted)
   at Microsoft.AspNetCore.Mvc.Infrastructure.ResourceInvoker.Rethrow(ResultExecutedContextSealed context)
   at Microsoft.AspNetCore.Mvc.Infrastructure.ResourceInvoker.ResultNext[TFilter,TFilterAsync](State& next, Scope& scope, Object& state, Boolean& isCompleted)
   at Microsoft.AspNetCore.Mvc.Infrastructure.ResourceInvoker.InvokeResultFilters()
--- End of stack trace from previous location ---
   at Microsoft.AspNetCore.Mvc.Infrastructure.ResourceInvoker.<InvokeFilterPipelineAsync>g__Awaited|20_0(ResourceInvoker invoker, Task lastTask, State next, Scope scope, Object state, Boolean isCompleted)
   at Microsoft.AspNetCore.Mvc.Infrastructure.ResourceInvoker.<InvokeAsync>g__Awaited|17_0(ResourceInvoker invoker, Task task, IDisposable scope)
   at Microsoft.AspNetCore.Mvc.Infrastructure.ResourceInvoker.<InvokeAsync>g__Awaited|17_0(ResourceInvoker invoker, Task task, IDisposable scope)
   at Swashbuckle.AspNetCore.SwaggerUI.SwaggerUIMiddleware.Invoke(HttpContext httpContext)
   at Swashbuckle.AspNetCore.Swagger.SwaggerMiddleware.Invoke(HttpContext httpContext, ISwaggerProvider swaggerProvider)
   at Microsoft.AspNetCore.Authorization.AuthorizationMiddleware.Invoke(HttpContext context)
   at Microsoft.AspNetCore.Authentication.AuthenticationMiddleware.Invoke(HttpContext context)
   at Microsoft.AspNetCore.RateLimiting.RateLimitingMiddleware.InvokeInternal(HttpContext context, EnableRateLimitingAttribute enableRateLimitingAttribute)
   at Serilog.AspNetCore.RequestLoggingMiddleware.Invoke(HttpContext httpContext)
   at Microsoft.AspNetCore.Diagnostics.DeveloperExceptionPageMiddlewareImpl.Invoke(HttpContext context)
[2026-09-20 11:16:49.077 +05:30 INF] Serilog.AspNetCore.RequestLoggingMiddleware: HTTP GET /api/events responded 401 in 0.1884 ms
[2026-09-20 11:16:49.168 +05:30 INF] Kestrel.Api.Controllers.AuthController: Audit: login succeeded for admin (b2ecadb7-5cb1-4b41-8bc5-83d78c8e491d) from unknown
[2026-09-20 11:16:49.169 +05:30 ERR] Serilog.AspNetCore.RequestLoggingMiddleware: HTTP POST /api/auth/login responded 500 in 95.7857 ms
System.InvalidOperationException: The PipeWriter 'ResponseBodyPipeWriter' does not implement PipeWriter.UnflushedBytes.
   at System.Text.Json.ThrowHelper.ThrowInvalidOperationException_PipeWriterDoesNotImplementUnflushedBytes(PipeWriter pipeWriter)
   at System.Text.Json.Serialization.Metadata.JsonTypeInfo`1.SerializeAsync(PipeWriter pipeWriter, T rootValue, Int32 flushThreshold, CancellationToken cancellationToken, Object rootValueBoxed)
   at Microsoft.AspNetCore.Mvc.Formatters.SystemTextJsonOutputFormatter.WriteResponseBodyAsync(OutputFormatterWriteContext context, Encoding selectedEncoding)
   at Microsoft.AspNetCore.Mvc.Infrastructure.ResourceInvoker.<InvokeNextResultFilterAsync>g__Awaited|30_0[TFilter,TFilterAsync](ResourceInvoker invoker, Task lastTask, State next, Scope scope, Object state, Boolean isCompleted)
   at Microsoft.AspNetCore.Mvc.Infrastructure.ResourceInvoker.Rethrow(ResultExecutedContextSealed context)
   at Microsoft.AspNetCore.Mvc.Infrastructure.ResourceInvoker.ResultNext[TFilter,TFilterAsync](State& next, Scope& scope, Object& state, Boolean& isCompleted)
   at Microsoft.AspNetCore.Mvc.Infrastructure.ResourceInvoker.InvokeResultFilters()
--- End of stack trace from previous location ---
   at Microsoft.AspNetCore.Mvc.Infrastructure.ResourceInvoker.<InvokeFilterPipelineAsync>g__Awaited|20_0(ResourceInvoker invoker, Task lastTask, State next, Scope scope, Object state, Boolean isCompleted)
   at Microsoft.AspNetCore.Mvc.Infrastructure.ResourceInvoker.<InvokeAsync>g__Awaited|17_0(ResourceInvoker invoker, Task task, IDisposable scope)
   at Microsoft.AspNetCore.Mvc.Infrastructure.ResourceInvoker.<InvokeAsync>g__Awaited|17_0(ResourceInvoker invoker, Task task, IDisposable scope)
   at Swashbuckle.AspNetCore.SwaggerUI.SwaggerUIMiddleware.Invoke(HttpContext httpContext)
   at Swashbuckle.AspNetCore.Swagger.SwaggerMiddleware.Invoke(HttpContext httpContext, ISwaggerProvider swaggerProvider)
   at Microsoft.AspNetCore.Authorization.AuthorizationMiddleware.Invoke(HttpContext context)
   at Microsoft.AspNetCore.Authentication.AuthenticationMiddleware.Invoke(HttpContext context)
   at Microsoft.AspNetCore.RateLimiting.RateLimitingMiddleware.InvokeInternal(HttpContext context, EnableRateLimitingAttribute enableRateLimitingAttribute)
   at Serilog.AspNetCore.RequestLoggingMiddleware.Invoke(HttpContext httpContext)
[2026-09-20 11:16:49.170 +05:30 ERR] Microsoft.AspNetCore.Diagnostics.DeveloperExceptionPageMiddleware: An unhandled exception has occurred while executing the request.
System.InvalidOperationException: The PipeWriter 'ResponseBodyPipeWriter' does not implement PipeWriter.UnflushedBytes.
   at System.Text.Json.ThrowHelper.ThrowInvalidOperationException_PipeWriterDoesNotImplementUnflushedBytes(PipeWriter pipeWriter)
   at System.Text.Json.Serialization.Metadata.JsonTypeInfo`1.SerializeAsync(PipeWriter pipeWriter, T rootValue, Int32 flushThreshold, CancellationToken cancellationToken, Object rootValueBoxed)
   at Microsoft.AspNetCore.Mvc.Formatters.SystemTextJsonOutputFormatter.WriteResponseBodyAsync(OutputFormatterWriteContext context, Encoding selectedEncoding)
   at Microsoft.AspNetCore.Mvc.Infrastructure.ResourceInvoker.<InvokeNextResultFilterAsync>g__Awaited|30_0[TFilter,TFilterAsync](ResourceInvoker invoker, Task lastTask, State next, Scope scope, Object state, Boolean isCompleted)
   at Microsoft.AspNetCore.Mvc.Infrastructure.ResourceInvoker.Rethrow(ResultExecutedContextSealed context)
   at Microsoft.AspNetCore.Mvc.Infrastructure.ResourceInvoker.ResultNext[TFilter,TFilterAsync](State& next, Scope& scope, Object& state, Boolean& isCompleted)
   at Microsoft.AspNetCore.Mvc.Infrastructure.ResourceInvoker.InvokeResultFilters()
--- End of stack trace from previous location ---
   at Microsoft.AspNetCore.Mvc.Infrastructure.ResourceInvoker.<InvokeFilterPipelineAsync>g__Awaited|20_0(ResourceInvoker invoker, Task lastTask, State next, Scope scope, Object state, Boolean isCompleted)
   at Microsoft.AspNetCore.Mvc.Infrastructure.ResourceInvoker.<InvokeAsync>g__Awaited|17_0(ResourceInvoker invoker, Task task, IDisposable scope)
   at Microsoft.AspNetCore.Mvc.Infrastructure.ResourceInvoker.<InvokeAsync>g__Awaited|17_0(ResourceInvoker invoker, Task task, IDisposable scope)
   at Swashbuckle.AspNetCore.SwaggerUI.SwaggerUIMiddleware.Invoke(HttpContext httpContext)
   at Swashbuckle.AspNetCore.Swagger.SwaggerMiddleware.Invoke(HttpContext httpContext, ISwaggerProvider swaggerProvider)
   at Microsoft.AspNetCore.Authorization.AuthorizationMiddleware.Invoke(HttpContext context)
   at Microsoft.AspNetCore.Authentication.AuthenticationMiddleware.Invoke(HttpContext context)
   at Microsoft.AspNetCore.RateLimiting.RateLimitingMiddleware.InvokeInternal(HttpContext context, EnableRateLimitingAttribute enableRateLimitingAttribute)
   at Serilog.AspNetCore.RequestLoggingMiddleware.Invoke(HttpContext httpContext)
   at Microsoft.AspNetCore.Diagnostics.DeveloperExceptionPageMiddlewareImpl.Invoke(HttpContext context)
[2026-09-20 11:16:49.173 +05:30 INF] Kestrel.Api.Controllers.AuthController: Audit: login succeeded for admin (b1b92b11-642f-4053-9888-6e98b48c30cf) from unknown
[2026-09-20 11:16:49.173 +05:30 ERR] Serilog.AspNetCore.RequestLoggingMiddleware: HTTP POST /api/auth/login responded 500 in 97.5455 ms
System.InvalidOperationException: The PipeWriter 'ResponseBodyPipeWriter' does not implement PipeWriter.UnflushedBytes.
   at System.Text.Json.ThrowHelper.ThrowInvalidOperationException_PipeWriterDoesNotImplementUnflushedBytes(PipeWriter pipeWriter)
   at System.Text.Json.Serialization.Metadata.JsonTypeInfo`1.SerializeAsync(PipeWriter pipeWriter, T rootValue, Int32 flushThreshold, CancellationToken cancellationToken, Object rootValueBoxed)
   at Microsoft.AspNetCore.Mvc.Formatters.SystemTextJsonOutputFormatter.WriteResponseBodyAsync(OutputFormatterWriteContext context, Encoding selectedEncoding)
   at Microsoft.AspNetCore.Mvc.Infrastructure.ResourceInvoker.<InvokeNextResultFilterAsync>g__Awaited|30_0[TFilter,TFilterAsync](ResourceInvoker invoker, Task lastTask, State next, Scope scope, Object state, Boolean isCompleted)
   at Microsoft.AspNetCore.Mvc.Infrastructure.ResourceInvoker.Rethrow(ResultExecutedContextSealed context)
   at Microsoft.AspNetCore.Mvc.Infrastructure.ResourceInvoker.ResultNext[TFilter,TFilterAsync](State& next, Scope& scope, Object& state, Boolean& isCompleted)
   at Microsoft.AspNetCore.Mvc.Infrastructure.ResourceInvoker.InvokeResultFilters()
--- End of stack trace from previous location ---
   at Microsoft.AspNetCore.Mvc.Infrastructure.ResourceInvoker.<InvokeFilterPipelineAsync>g__Awaited|20_0(ResourceInvoker invoker, Task lastTask, State next, Scope scope, Object state, Boolean isCompleted)
   at Microsoft.AspNetCore.Mvc.Infrastructure.ResourceInvoker.<InvokeAsync>g__Awaited|17_0(ResourceInvoker invoker, Task task, IDisposable scope)
   at Microsoft.AspNetCore.Mvc.Infrastructure.ResourceInvoker.<InvokeAsync>g__Awaited|17_0(ResourceInvoker invoker, Task task, IDisposable scope)
   at Swashbuckle.AspNetCore.SwaggerUI.SwaggerUIMiddleware.Invoke(HttpContext httpContext)
   at Swashbuckle.AspNetCore.Swagger.SwaggerMiddleware.Invoke(HttpContext httpContext, ISwaggerProvider swaggerProvider)
   at Microsoft.AspNetCore.Authorization.AuthorizationMiddleware.Invoke(HttpContext context)
   at Microsoft.AspNetCore.Authentication.AuthenticationMiddleware.Invoke(HttpContext context)
   at Microsoft.AspNetCore.RateLimiting.RateLimitingMiddleware.InvokeInternal(HttpContext context, EnableRateLimitingAttribute enableRateLimitingAttribute)
   at Serilog.AspNetCore.RequestLoggingMiddleware.Invoke(HttpContext httpContext)
[2026-09-20 11:16:49.175 +05:30 ERR] Microsoft.AspNetCore.Diagnostics.DeveloperExceptionPageMiddleware: An unhandled exception has occurred while executing the request.
System.InvalidOperationException: The PipeWriter 'ResponseBodyPipeWriter' does not implement PipeWriter.UnflushedBytes.
   at System.Text.Json.ThrowHelper.ThrowInvalidOperationException_PipeWriterDoesNotImplementUnflushedBytes(PipeWriter pipeWriter)
   at System.Text.Json.Serialization.Metadata.JsonTypeInfo`1.SerializeAsync(PipeWriter pipeWriter, T rootValue, Int32 flushThreshold, CancellationToken cancellationToken, Object rootValueBoxed)
   at Microsoft.AspNetCore.Mvc.Formatters.SystemTextJsonOutputFormatter.WriteResponseBodyAsync(OutputFormatterWriteContext context, Encoding selectedEncoding)
   at Microsoft.AspNetCore.Mvc.Infrastructure.ResourceInvoker.<InvokeNextResultFilterAsync>g__Awaited|30_0[TFilter,TFilterAsync](ResourceInvoker invoker, Task lastTask, State next, Scope scope, Object state, Boolean isCompleted)
   at Microsoft.AspNetCore.Mvc.Infrastructure.ResourceInvoker.Rethrow(ResultExecutedContextSealed context)
   at Microsoft.AspNetCore.Mvc.Infrastructure.ResourceInvoker.ResultNext[TFilter,TFilterAsync](State& next, Scope& scope, Object& state, Boolean& isCompleted)
   at Microsoft.AspNetCore.Mvc.Infrastructure.ResourceInvoker.InvokeResultFilters()
--- End of stack trace from previous location ---
   at Microsoft.AspNetCore.Mvc.Infrastructure.ResourceInvoker.<InvokeFilterPipelineAsync>g__Awaited|20_0(ResourceInvoker invoker, Task lastTask, State next, Scope scope, Object state, Boolean isCompleted)
   at Microsoft.AspNetCore.Mvc.Infrastructure.ResourceInvoker.<InvokeAsync>g__Awaited|17_0(ResourceInvoker invoker, Task task, IDisposable scope)
   at Microsoft.AspNetCore.Mvc.Infrastructure.ResourceInvoker.<InvokeAsync>g__Awaited|17_0(ResourceInvoker invoker, Task task, IDisposable scope)
   at Swashbuckle.AspNetCore.SwaggerUI.SwaggerUIMiddleware.Invoke(HttpContext httpContext)
   at Swashbuckle.AspNetCore.Swagger.SwaggerMiddleware.Invoke(HttpContext httpContext, ISwaggerProvider swaggerProvider)
   at Microsoft.AspNetCore.Authorization.AuthorizationMiddleware.Invoke(HttpContext context)
   at Microsoft.AspNetCore.Authentication.AuthenticationMiddleware.Invoke(HttpContext context)
   at Microsoft.AspNetCore.RateLimiting.RateLimitingMiddleware.InvokeInternal(HttpContext context, EnableRateLimitingAttribute enableRateLimitingAttribute)
   at Serilog.AspNetCore.RequestLoggingMiddleware.Invoke(HttpContext httpContext)
   at Microsoft.AspNetCore.Diagnostics.DeveloperExceptionPageMiddlewareImpl.Invoke(HttpContext context)
[2026-09-20 11:16:49.176 +05:30 INF] Kestrel.Api.Controllers.AuthController: Audit: login succeeded for admin (450b9ed9-209b-4d1b-897d-9c26066738c1) from unknown
[2026-09-20 11:16:49.177 +05:30 ERR] Serilog.AspNetCore.RequestLoggingMiddleware: HTTP POST /api/auth/login responded 500 in 97.1775 ms
System.InvalidOperationException: The PipeWriter 'ResponseBodyPipeWriter' does not implement PipeWriter.UnflushedBytes.
   at System.Text.Json.ThrowHelper.ThrowInvalidOperationException_PipeWriterDoesNotImplementUnflushedBytes(PipeWriter pipeWriter)
   at System.Text.Json.Serialization.Metadata.JsonTypeInfo`1.SerializeAsync(PipeWriter pipeWriter, T rootValue, Int32 flushThreshold, CancellationToken cancellationToken, Object rootValueBoxed)
   at Microsoft.AspNetCore.Mvc.Formatters.SystemTextJsonOutputFormatter.WriteResponseBodyAsync(OutputFormatterWriteContext context, Encoding selectedEncoding)
   at Microsoft.AspNetCore.Mvc.Infrastructure.ResourceInvoker.<InvokeNextResultFilterAsync>g__Awaited|30_0[TFilter,TFilterAsync](ResourceInvoker invoker, Task lastTask, State next, Scope scope, Object state, Boolean isCompleted)
   at Microsoft.AspNetCore.Mvc.Infrastructure.ResourceInvoker.Rethrow(ResultExecutedContextSealed context)
   at Microsoft.AspNetCore.Mvc.Infrastructure.ResourceInvoker.ResultNext[TFilter,TFilterAsync](State& next, Scope& scope, Object& state, Boolean& isCompleted)
   at Microsoft.AspNetCore.Mvc.Infrastructure.ResourceInvoker.InvokeResultFilters()
--- End of stack trace from previous location ---
   at Microsoft.AspNetCore.Mvc.Infrastructure.ResourceInvoker.<InvokeFilterPipelineAsync>g__Awaited|20_0(ResourceInvoker invoker, Task lastTask, State next, Scope scope, Object state, Boolean isCompleted)
   at Microsoft.AspNetCore.Mvc.Infrastructure.ResourceInvoker.<InvokeAsync>g__Awaited|17_0(ResourceInvoker invoker, Task task, IDisposable scope)
   at Microsoft.AspNetCore.Mvc.Infrastructure.ResourceInvoker.<InvokeAsync>g__Awaited|17_0(ResourceInvoker invoker, Task task, IDisposable scope)
   at Swashbuckle.AspNetCore.SwaggerUI.SwaggerUIMiddleware.Invoke(HttpContext httpContext)
   at Swashbuckle.AspNetCore.Swagger.SwaggerMiddleware.Invoke(HttpContext httpContext, ISwaggerProvider swaggerProvider)
   at Microsoft.AspNetCore.Authorization.AuthorizationMiddleware.Invoke(HttpContext context)
   at Microsoft.AspNetCore.Authentication.AuthenticationMiddleware.Invoke(HttpContext context)
   at Microsoft.AspNetCore.RateLimiting.RateLimitingMiddleware.InvokeInternal(HttpContext context, EnableRateLimitingAttribute enableRateLimitingAttribute)
   at Serilog.AspNetCore.RequestLoggingMiddleware.Invoke(HttpContext httpContext)
[2026-09-20 11:16:49.178 +05:30 ERR] Microsoft.AspNetCore.Diagnostics.DeveloperExceptionPageMiddleware: An unhandled exception has occurred while executing the request.
System.InvalidOperationException: The PipeWriter 'ResponseBodyPipeWriter' does not implement PipeWriter.UnflushedBytes.
   at System.Text.Json.ThrowHelper.ThrowInvalidOperationException_PipeWriterDoesNotImplementUnflushedBytes(PipeWriter pipeWriter)
   at System.Text.Json.Serialization.Metadata.JsonTypeInfo`1.SerializeAsync(PipeWriter pipeWriter, T rootValue, Int32 flushThreshold, CancellationToken cancellationToken, Object rootValueBoxed)
   at Microsoft.AspNetCore.Mvc.Formatters.SystemTextJsonOutputFormatter.WriteResponseBodyAsync(OutputFormatterWriteContext context, Encoding selectedEncoding)
   at Microsoft.AspNetCore.Mvc.Infrastructure.ResourceInvoker.<InvokeNextResultFilterAsync>g__Awaited|30_0[TFilter,TFilterAsync](ResourceInvoker invoker, Task lastTask, State next, Scope scope, Object state, Boolean isCompleted)
   at Microsoft.AspNetCore.Mvc.Infrastructure.ResourceInvoker.Rethrow(ResultExecutedContextSealed context)
   at Microsoft.AspNetCore.Mvc.Infrastructure.ResourceInvoker.ResultNext[TFilter,TFilterAsync](State& next, Scope& scope, Object& state, Boolean& isCompleted)
   at Microsoft.AspNetCore.Mvc.Infrastructure.ResourceInvoker.InvokeResultFilters()
--- End of stack trace from previous location ---
   at Microsoft.AspNetCore.Mvc.Infrastructure.ResourceInvoker.<InvokeFilterPipelineAsync>g__Awaited|20_0(ResourceInvoker invoker, Task lastTask, State next, Scope scope, Object state, Boolean isCompleted)
   at Microsoft.AspNetCore.Mvc.Infrastructure.ResourceInvoker.<InvokeAsync>g__Awaited|17_0(ResourceInvoker invoker, Task task, IDisposable scope)
   at Microsoft.AspNetCore.Mvc.Infrastructure.ResourceInvoker.<InvokeAsync>g__Awaited|17_0(ResourceInvoker invoker, Task task, IDisposable scope)
   at Swashbuckle.AspNetCore.SwaggerUI.SwaggerUIMiddleware.Invoke(HttpContext httpContext)
   at Swashbuckle.AspNetCore.Swagger.SwaggerMiddleware.Invoke(HttpContext httpContext, ISwaggerProvider swaggerProvider)
   at Microsoft.AspNetCore.Authorization.AuthorizationMiddleware.Invoke(HttpContext context)
   at Microsoft.AspNetCore.Authentication.AuthenticationMiddleware.Invoke(HttpContext context)
   at Microsoft.AspNetCore.RateLimiting.RateLimitingMiddleware.InvokeInternal(HttpContext context, EnableRateLimitingAttribute enableRateLimitingAttribute)
   at Serilog.AspNetCore.RequestLoggingMiddleware.Invoke(HttpContext httpContext)
   at Microsoft.AspNetCore.Diagnostics.DeveloperExceptionPageMiddlewareImpl.Invoke(HttpContext context)
[2026-09-20 11:16:49.302 +05:30 INF] Kestrel.Api.Controllers.AuthController: Audit: login succeeded for admin (b1b92b11-642f-4053-9888-6e98b48c30cf) from unknown
[2026-09-20 11:16:49.302 +05:30 INF] Kestrel.Api.Controllers.AuthController: Audit: login succeeded for admin (450b9ed9-209b-4d1b-897d-9c26066738c1) from unknown
[2026-09-20 11:16:49.303 +05:30 INF] Kestrel.Api.Controllers.AuthController: Audit: login succeeded for admin (b2ecadb7-5cb1-4b41-8bc5-83d78c8e491d) from unknown
[2026-09-20 11:16:49.303 +05:30 ERR] Serilog.AspNetCore.RequestLoggingMiddleware: HTTP POST /api/auth/login responded 500 in 127.8285 ms
System.InvalidOperationException: The PipeWriter 'ResponseBodyPipeWriter' does not implement PipeWriter.UnflushedBytes.
   at System.Text.Json.ThrowHelper.ThrowInvalidOperationException_PipeWriterDoesNotImplementUnflushedBytes(PipeWriter pipeWriter)
   at System.Text.Json.Serialization.Metadata.JsonTypeInfo`1.SerializeAsync(PipeWriter pipeWriter, T rootValue, Int32 flushThreshold, CancellationToken cancellationToken, Object rootValueBoxed)
   at Microsoft.AspNetCore.Mvc.Formatters.SystemTextJsonOutputFormatter.WriteResponseBodyAsync(OutputFormatterWriteContext context, Encoding selectedEncoding)
   at Microsoft.AspNetCore.Mvc.Infrastructure.ResourceInvoker.<InvokeNextResultFilterAsync>g__Awaited|30_0[TFilter,TFilterAsync](ResourceInvoker invoker, Task lastTask, State next, Scope scope, Object state, Boolean isCompleted)
   at Microsoft.AspNetCore.Mvc.Infrastructure.ResourceInvoker.Rethrow(ResultExecutedContextSealed context)
   at Microsoft.AspNetCore.Mvc.Infrastructure.ResourceInvoker.ResultNext[TFilter,TFilterAsync](State& next, Scope& scope, Object& state, Boolean& isCompleted)
   at Microsoft.AspNetCore.Mvc.Infrastructure.ResourceInvoker.InvokeResultFilters()
--- End of stack trace from previous location ---
   at Microsoft.AspNetCore.Mvc.Infrastructure.ResourceInvoker.<InvokeFilterPipelineAsync>g__Awaited|20_0(ResourceInvoker invoker, Task lastTask, State next, Scope scope, Object state, Boolean isCompleted)
   at Microsoft.AspNetCore.Mvc.Infrastructure.ResourceInvoker.<InvokeAsync>g__Awaited|17_0(ResourceInvoker invoker, Task task, IDisposable scope)
   at Microsoft.AspNetCore.Mvc.Infrastructure.ResourceInvoker.<InvokeAsync>g__Awaited|17_0(ResourceInvoker invoker, Task task, IDisposable scope)
   at Swashbuckle.AspNetCore.SwaggerUI.SwaggerUIMiddleware.Invoke(HttpContext httpContext)
   at Swashbuckle.AspNetCore.Swagger.SwaggerMiddleware.Invoke(HttpContext httpContext, ISwaggerProvider swaggerProvider)
   at Microsoft.AspNetCore.Authorization.AuthorizationMiddleware.Invoke(HttpContext context)
   at Microsoft.AspNetCore.Authentication.AuthenticationMiddleware.Invoke(HttpContext context)
   at Microsoft.AspNetCore.RateLimiting.RateLimitingMiddleware.InvokeInternal(HttpContext context, EnableRateLimitingAttribute enableRateLimitingAttribute)
   at Serilog.AspNetCore.RequestLoggingMiddleware.Invoke(HttpContext httpContext)
[2026-09-20 11:16:49.303 +05:30 ERR] Serilog.AspNetCore.RequestLoggingMiddleware: HTTP POST /api/auth/login responded 500 in 123.8441 ms
System.InvalidOperationException: The PipeWriter 'ResponseBodyPipeWriter' does not implement PipeWriter.UnflushedBytes.
   at System.Text.Json.ThrowHelper.ThrowInvalidOperationException_PipeWriterDoesNotImplementUnflushedBytes(PipeWriter pipeWriter)
   at System.Text.Json.Serialization.Metadata.JsonTypeInfo`1.SerializeAsync(PipeWriter pipeWriter, T rootValue, Int32 flushThreshold, CancellationToken cancellationToken, Object rootValueBoxed)
   at Microsoft.AspNetCore.Mvc.Formatters.SystemTextJsonOutputFormatter.WriteResponseBodyAsync(OutputFormatterWriteContext context, Encoding selectedEncoding)
   at Microsoft.AspNetCore.Mvc.Infrastructure.ResourceInvoker.<InvokeNextResultFilterAsync>g__Awaited|30_0[TFilter,TFilterAsync](ResourceInvoker invoker, Task lastTask, State next, Scope scope, Object state, Boolean isCompleted)
   at Microsoft.AspNetCore.Mvc.Infrastructure.ResourceInvoker.Rethrow(ResultExecutedContextSealed context)
   at Microsoft.AspNetCore.Mvc.Infrastructure.ResourceInvoker.ResultNext[TFilter,TFilterAsync](State& next, Scope& scope, Object& state, Boolean& isCompleted)
   at Microsoft.AspNetCore.Mvc.Infrastructure.ResourceInvoker.InvokeResultFilters()
--- End of stack trace from previous location ---
   at Microsoft.AspNetCore.Mvc.Infrastructure.ResourceInvoker.<InvokeFilterPipelineAsync>g__Awaited|20_0(ResourceInvoker invoker, Task lastTask, State next, Scope scope, Object state, Boolean isCompleted)
   at Microsoft.AspNetCore.Mvc.Infrastructure.ResourceInvoker.<InvokeAsync>g__Awaited|17_0(ResourceInvoker invoker, Task task, IDisposable scope)
   at Microsoft.AspNetCore.Mvc.Infrastructure.ResourceInvoker.<InvokeAsync>g__Awaited|17_0(ResourceInvoker invoker, Task task, IDisposable scope)
   at Swashbuckle.AspNetCore.SwaggerUI.SwaggerUIMiddleware.Invoke(HttpContext httpContext)
   at Swashbuckle.AspNetCore.Swagger.SwaggerMiddleware.Invoke(HttpContext httpContext, ISwaggerProvider swaggerProvider)
   at Microsoft.AspNetCore.Authorization.AuthorizationMiddleware.Invoke(HttpContext context)
   at Microsoft.AspNetCore.Authentication.AuthenticationMiddleware.Invoke(HttpContext context)
   at Microsoft.AspNetCore.RateLimiting.RateLimitingMiddleware.InvokeInternal(HttpContext context, EnableRateLimitingAttribute enableRateLimitingAttribute)
   at Serilog.AspNetCore.RequestLoggingMiddleware.Invoke(HttpContext httpContext)
[2026-09-20 11:16:49.303 +05:30 ERR] Serilog.AspNetCore.RequestLoggingMiddleware: HTTP POST /api/auth/login responded 500 in 121.8353 ms
System.InvalidOperationException: The PipeWriter 'ResponseBodyPipeWriter' does not implement PipeWriter.UnflushedBytes.
   at System.Text.Json.ThrowHelper.ThrowInvalidOperationException_PipeWriterDoesNotImplementUnflushedBytes(PipeWriter pipeWriter)
   at System.Text.Json.Serialization.Metadata.JsonTypeInfo`1.SerializeAsync(PipeWriter pipeWriter, T rootValue, Int32 flushThreshold, CancellationToken cancellationToken, Object rootValueBoxed)
   at Microsoft.AspNetCore.Mvc.Formatters.SystemTextJsonOutputFormatter.WriteResponseBodyAsync(OutputFormatterWriteContext context, Encoding selectedEncoding)
   at Microsoft.AspNetCore.Mvc.Infrastructure.ResourceInvoker.<InvokeNextResultFilterAsync>g__Awaited|30_0[TFilter,TFilterAsync](ResourceInvoker invoker, Task lastTask, State next, Scope scope, Object state, Boolean isCompleted)
   at Microsoft.AspNetCore.Mvc.Infrastructure.ResourceInvoker.Rethrow(ResultExecutedContextSealed context)
   at Microsoft.AspNetCore.Mvc.Infrastructure.ResourceInvoker.ResultNext[TFilter,TFilterAsync](State& next, Scope& scope, Object& state, Boolean& isCompleted)
   at Microsoft.AspNetCore.Mvc.Infrastructure.ResourceInvoker.InvokeResultFilters()
--- End of stack trace from previous location ---
   at Microsoft.AspNetCore.Mvc.Infrastructure.ResourceInvoker.<InvokeFilterPipelineAsync>g__Awaited|20_0(ResourceInvoker invoker, Task lastTask, State next, Scope scope, Object state, Boolean isCompleted)
   at Microsoft.AspNetCore.Mvc.Infrastructure.ResourceInvoker.<InvokeAsync>g__Awaited|17_0(ResourceInvoker invoker, Task task, IDisposable scope)
   at Microsoft.AspNetCore.Mvc.Infrastructure.ResourceInvoker.<InvokeAsync>g__Awaited|17_0(ResourceInvoker invoker, Task task, IDisposable scope)
   at Swashbuckle.AspNetCore.SwaggerUI.SwaggerUIMiddleware.Invoke(HttpContext httpContext)
   at Swashbuckle.AspNetCore.Swagger.SwaggerMiddleware.Invoke(HttpContext httpContext, ISwaggerProvider swaggerProvider)
   at Microsoft.AspNetCore.Authorization.AuthorizationMiddleware.Invoke(HttpContext context)
   at Microsoft.AspNetCore.Authentication.AuthenticationMiddleware.Invoke(HttpContext context)
   at Microsoft.AspNetCore.RateLimiting.RateLimitingMiddleware.InvokeInternal(HttpContext context, EnableRateLimitingAttribute enableRateLimitingAttribute)
   at Serilog.AspNetCore.RequestLoggingMiddleware.Invoke(HttpContext httpContext)
[2026-09-20 11:16:49.305 +05:30 ERR] Microsoft.AspNetCore.Diagnostics.DeveloperExceptionPageMiddleware: An unhandled exception has occurred while executing the request.
System.InvalidOperationException: The PipeWriter 'ResponseBodyPipeWriter' does not implement PipeWriter.UnflushedBytes.
   at System.Text.Json.ThrowHelper.ThrowInvalidOperationException_PipeWriterDoesNotImplementUnflushedBytes(PipeWriter pipeWriter)
   at System.Text.Json.Serialization.Metadata.JsonTypeInfo`1.SerializeAsync(PipeWriter pipeWriter, T rootValue, Int32 flushThreshold, CancellationToken cancellationToken, Object rootValueBoxed)
   at Microsoft.AspNetCore.Mvc.Formatters.SystemTextJsonOutputFormatter.WriteResponseBodyAsync(OutputFormatterWriteContext context, Encoding selectedEncoding)
   at Microsoft.AspNetCore.Mvc.Infrastructure.ResourceInvoker.<InvokeNextResultFilterAsync>g__Awaited|30_0[TFilter,TFilterAsync](ResourceInvoker invoker, Task lastTask, State next, Scope scope, Object state, Boolean isCompleted)
   at Microsoft.AspNetCore.Mvc.Infrastructure.ResourceInvoker.Rethrow(ResultExecutedContextSealed context)
   at Microsoft.AspNetCore.Mvc.Infrastructure.ResourceInvoker.ResultNext[TFilter,TFilterAsync](State& next, Scope& scope, Object& state, Boolean& isCompleted)
   at Microsoft.AspNetCore.Mvc.Infrastructure.ResourceInvoker.InvokeResultFilters()
--- End of stack trace from previous location ---
   at Microsoft.AspNetCore.Mvc.Infrastructure.ResourceInvoker.<InvokeFilterPipelineAsync>g__Awaited|20_0(ResourceInvoker invoker, Task lastTask, State next, Scope scope, Object state, Boolean isCompleted)
   at Microsoft.AspNetCore.Mvc.Infrastructure.ResourceInvoker.<InvokeAsync>g__Awaited|17_0(ResourceInvoker invoker, Task task, IDisposable scope)
   at Microsoft.AspNetCore.Mvc.Infrastructure.ResourceInvoker.<InvokeAsync>g__Awaited|17_0(ResourceInvoker invoker, Task task, IDisposable scope)
   at Swashbuckle.AspNetCore.SwaggerUI.SwaggerUIMiddleware.Invoke(HttpContext httpContext)
   at Swashbuckle.AspNetCore.Swagger.SwaggerMiddleware.Invoke(HttpContext httpContext, ISwaggerProvider swaggerProvider)
   at Microsoft.AspNetCore.Authorization.AuthorizationMiddleware.Invoke(HttpContext context)
   at Microsoft.AspNetCore.Authentication.AuthenticationMiddleware.Invoke(HttpContext context)
   at Microsoft.AspNetCore.RateLimiting.RateLimitingMiddleware.InvokeInternal(HttpContext context, EnableRateLimitingAttribute enableRateLimitingAttribute)
   at Serilog.AspNetCore.RequestLoggingMiddleware.Invoke(HttpContext httpContext)
   at Microsoft.AspNetCore.Diagnostics.DeveloperExceptionPageMiddlewareImpl.Invoke(HttpContext context)
[2026-09-20 11:16:49.306 +05:30 ERR] Microsoft.AspNetCore.Diagnostics.DeveloperExceptionPageMiddleware: An unhandled exception has occurred while executing the request.
System.InvalidOperationException: The PipeWriter 'ResponseBodyPipeWriter' does not implement PipeWriter.UnflushedBytes.
   at System.Text.Json.ThrowHelper.ThrowInvalidOperationException_PipeWriterDoesNotImplementUnflushedBytes(PipeWriter pipeWriter)
   at System.Text.Json.Serialization.Metadata.JsonTypeInfo`1.SerializeAsync(PipeWriter pipeWriter, T rootValue, Int32 flushThreshold, CancellationToken cancellationToken, Object rootValueBoxed)
   at Microsoft.AspNetCore.Mvc.Formatters.SystemTextJsonOutputFormatter.WriteResponseBodyAsync(OutputFormatterWriteContext context, Encoding selectedEncoding)
   at Microsoft.AspNetCore.Mvc.Infrastructure.ResourceInvoker.<InvokeNextResultFilterAsync>g__Awaited|30_0[TFilter,TFilterAsync](ResourceInvoker invoker, Task lastTask, State next, Scope scope, Object state, Boolean isCompleted)
   at Microsoft.AspNetCore.Mvc.Infrastructure.ResourceInvoker.Rethrow(ResultExecutedContextSealed context)
   at Microsoft.AspNetCore.Mvc.Infrastructure.ResourceInvoker.ResultNext[TFilter,TFilterAsync](State& next, Scope& scope, Object& state, Boolean& isCompleted)
   at Microsoft.AspNetCore.Mvc.Infrastructure.ResourceInvoker.InvokeResultFilters()
--- End of stack trace from previous location ---
   at Microsoft.AspNetCore.Mvc.Infrastructure.ResourceInvoker.<InvokeFilterPipelineAsync>g__Awaited|20_0(ResourceInvoker invoker, Task lastTask, State next, Scope scope, Object state, Boolean isCompleted)
   at Microsoft.AspNetCore.Mvc.Infrastructure.ResourceInvoker.<InvokeAsync>g__Awaited|17_0(ResourceInvoker invoker, Task task, IDisposable scope)
   at Microsoft.AspNetCore.Mvc.Infrastructure.ResourceInvoker.<InvokeAsync>g__Awaited|17_0(ResourceInvoker invoker, Task task, IDisposable scope)
   at Swashbuckle.AspNetCore.SwaggerUI.SwaggerUIMiddleware.Invoke(HttpContext httpContext)
   at Swashbuckle.AspNetCore.Swagger.SwaggerMiddleware.Invoke(HttpContext httpContext, ISwaggerProvider swaggerProvider)
   at Microsoft.AspNetCore.Authorization.AuthorizationMiddleware.Invoke(HttpContext context)
   at Microsoft.AspNetCore.Authentication.AuthenticationMiddleware.Invoke(HttpContext context)
   at Microsoft.AspNetCore.RateLimiting.RateLimitingMiddleware.InvokeInternal(HttpContext context, EnableRateLimitingAttribute enableRateLimitingAttribute)
   at Serilog.AspNetCore.RequestLoggingMiddleware.Invoke(HttpContext httpContext)
   at Microsoft.AspNetCore.Diagnostics.DeveloperExceptionPageMiddlewareImpl.Invoke(HttpContext context)
[2026-09-20 11:16:49.309 +05:30 ERR] Microsoft.AspNetCore.Diagnostics.DeveloperExceptionPageMiddleware: An unhandled exception has occurred while executing the request.
System.InvalidOperationException: The PipeWriter 'ResponseBodyPipeWriter' does not implement PipeWriter.UnflushedBytes.
   at System.Text.Json.ThrowHelper.ThrowInvalidOperationException_PipeWriterDoesNotImplementUnflushedBytes(PipeWriter pipeWriter)
   at System.Text.Json.Serialization.Metadata.JsonTypeInfo`1.SerializeAsync(PipeWriter pipeWriter, T rootValue, Int32 flushThreshold, CancellationToken cancellationToken, Object rootValueBoxed)
   at Microsoft.AspNetCore.Mvc.Formatters.SystemTextJsonOutputFormatter.WriteResponseBodyAsync(OutputFormatterWriteContext context, Encoding selectedEncoding)
   at Microsoft.AspNetCore.Mvc.Infrastructure.ResourceInvoker.<InvokeNextResultFilterAsync>g__Awaited|30_0[TFilter,TFilterAsync](ResourceInvoker invoker, Task lastTask, State next, Scope scope, Object state, Boolean isCompleted)
   at Microsoft.AspNetCore.Mvc.Infrastructure.ResourceInvoker.Rethrow(ResultExecutedContextSealed context)
   at Microsoft.AspNetCore.Mvc.Infrastructure.ResourceInvoker.ResultNext[TFilter,TFilterAsync](State& next, Scope& scope, Object& state, Boolean& isCompleted)
   at Microsoft.AspNetCore.Mvc.Infrastructure.ResourceInvoker.InvokeResultFilters()
--- End of stack trace from previous location ---
   at Microsoft.AspNetCore.Mvc.Infrastructure.ResourceInvoker.<InvokeFilterPipelineAsync>g__Awaited|20_0(ResourceInvoker invoker, Task lastTask, State next, Scope scope, Object state, Boolean isCompleted)
   at Microsoft.AspNetCore.Mvc.Infrastructure.ResourceInvoker.<InvokeAsync>g__Awaited|17_0(ResourceInvoker invoker, Task task, IDisposable scope)
   at Microsoft.AspNetCore.Mvc.Infrastructure.ResourceInvoker.<InvokeAsync>g__Awaited|17_0(ResourceInvoker invoker, Task task, IDisposable scope)
   at Swashbuckle.AspNetCore.SwaggerUI.SwaggerUIMiddleware.Invoke(HttpContext httpContext)
   at Swashbuckle.AspNetCore.Swagger.SwaggerMiddleware.Invoke(HttpContext httpContext, ISwaggerProvider swaggerProvider)
   at Microsoft.AspNetCore.Authorization.AuthorizationMiddleware.Invoke(HttpContext context)
   at Microsoft.AspNetCore.Authentication.AuthenticationMiddleware.Invoke(HttpContext context)
   at Microsoft.AspNetCore.RateLimiting.RateLimitingMiddleware.InvokeInternal(HttpContext context, EnableRateLimitingAttribute enableRateLimitingAttribute)
   at Serilog.AspNetCore.RequestLoggingMiddleware.Invoke(HttpContext httpContext)
   at Microsoft.AspNetCore.Diagnostics.DeveloperExceptionPageMiddlewareImpl.Invoke(HttpContext context)
[2026-09-20 11:16:49.319 +05:30 INF] Serilog.AspNetCore.RequestLoggingMiddleware: HTTP GET /api/auth/me responded 401 in 1.0514 ms
[2026-09-20 11:16:49.323 +05:30 INF] Kestrel.Core.Jobs.IngestJobProcessor: Ingest job processor stopped.
[2026-09-20 11:16:58.590 +05:30 INF] Kestrel.Api: Binding guard: http://127.0.0.1:5000 (loopback)
[2026-09-20 11:16:59.458 +05:30 INF] Kestrel.Api.Auth.IdentityInitializationService: Identity schema ensured (no EF migrations defined yet — run `dotnet ef migrations add` before real deployments).
[2026-09-20 11:16:59.751 +05:30 INF] Kestrel.Api.Auth.IdentityInitializationService: Role seeded: Viewer
[2026-09-20 11:16:59.753 +05:30 INF] Kestrel.Api.Auth.IdentityInitializationService: Role seeded: Analyst
[2026-09-20 11:16:59.754 +05:30 INF] Kestrel.Api.Auth.IdentityInitializationService: Role seeded: Admin
[2026-09-20 11:16:59.777 +05:30 WRN] Kestrel.Api.Auth.IdentityInitializationService: Bootstrap: DEVELOPMENT default admin 'admin' created with password 'Dev#Admin-2026!'. CHANGE THIS PASSWORD before any use beyond local testing.
[2026-09-20 11:16:59.917 +05:30 INF] Kestrel.Api.Auth.IdentityInitializationService: Bootstrap: admin 'admin' created with roles [Viewer, Analyst, Admin].
[2026-09-20 11:16:59.928 +05:30 INF] Kestrel.Core.Storage.EventDatabase: FTS5 index rebuilt.
[2026-09-20 11:16:59.929 +05:30 INF] Kestrel.Core.Storage.EventStoreInitializationService: Event store ready at d:\Work\Projects\kestrel\backend\Kestrel.Api\data\kestrel.db (schema v2, WAL mode, FTS5 rebuilt).
[2026-09-20 11:16:59.930 +05:30 INF] Kestrel.Core.Jobs.IngestJobProcessor: Ingest job processor started (timeout 1800s, batch 1000, record cap 5000000).
[2026-09-20 11:17:00.031 +05:30 ERR] Serilog.AspNetCore.RequestLoggingMiddleware: HTTP GET /health responded 500 in 37.1807 ms
System.InvalidOperationException: The PipeWriter 'ResponseBodyPipeWriter' does not implement PipeWriter.UnflushedBytes.
   at System.Text.Json.ThrowHelper.ThrowInvalidOperationException_PipeWriterDoesNotImplementUnflushedBytes(PipeWriter pipeWriter)
   at System.Text.Json.Serialization.Metadata.JsonTypeInfo`1.SerializeAsync(PipeWriter pipeWriter, T rootValue, Int32 flushThreshold, CancellationToken cancellationToken, Object rootValueBoxed)
   at Microsoft.AspNetCore.Http.HttpResponseJsonExtensions.<WriteAsJsonAsync>g__WriteAsJsonAsyncSlow|5_0[TValue](HttpResponse response, TValue value, JsonTypeInfo`1 jsonTypeInfo, CancellationToken cancellationToken)
   at Microsoft.AspNetCore.Http.RequestDelegateFactory.ExecuteResultWriteResponse(IResult result, HttpContext httpContext)
   at Swashbuckle.AspNetCore.SwaggerUI.SwaggerUIMiddleware.Invoke(HttpContext httpContext)
   at Swashbuckle.AspNetCore.Swagger.SwaggerMiddleware.Invoke(HttpContext httpContext, ISwaggerProvider swaggerProvider)
   at Microsoft.AspNetCore.Authorization.AuthorizationMiddleware.Invoke(HttpContext context)
   at Microsoft.AspNetCore.Authentication.AuthenticationMiddleware.Invoke(HttpContext context)
   at Serilog.AspNetCore.RequestLoggingMiddleware.Invoke(HttpContext httpContext)
[2026-09-20 11:17:00.035 +05:30 ERR] Microsoft.AspNetCore.Diagnostics.DeveloperExceptionPageMiddleware: An unhandled exception has occurred while executing the request.
System.InvalidOperationException: The PipeWriter 'ResponseBodyPipeWriter' does not implement PipeWriter.UnflushedBytes.
   at System.Text.Json.ThrowHelper.ThrowInvalidOperationException_PipeWriterDoesNotImplementUnflushedBytes(PipeWriter pipeWriter)
   at System.Text.Json.Serialization.Metadata.JsonTypeInfo`1.SerializeAsync(PipeWriter pipeWriter, T rootValue, Int32 flushThreshold, CancellationToken cancellationToken, Object rootValueBoxed)
   at Microsoft.AspNetCore.Http.HttpResponseJsonExtensions.<WriteAsJsonAsync>g__WriteAsJsonAsyncSlow|5_0[TValue](HttpResponse response, TValue value, JsonTypeInfo`1 jsonTypeInfo, CancellationToken cancellationToken)
   at Microsoft.AspNetCore.Http.RequestDelegateFactory.ExecuteResultWriteResponse(IResult result, HttpContext httpContext)
   at Swashbuckle.AspNetCore.SwaggerUI.SwaggerUIMiddleware.Invoke(HttpContext httpContext)
   at Swashbuckle.AspNetCore.Swagger.SwaggerMiddleware.Invoke(HttpContext httpContext, ISwaggerProvider swaggerProvider)
   at Microsoft.AspNetCore.Authorization.AuthorizationMiddleware.Invoke(HttpContext context)
   at Microsoft.AspNetCore.Authentication.AuthenticationMiddleware.Invoke(HttpContext context)
   at Serilog.AspNetCore.RequestLoggingMiddleware.Invoke(HttpContext httpContext)
   at Microsoft.AspNetCore.Diagnostics.DeveloperExceptionPageMiddlewareImpl.Invoke(HttpContext context)
[2026-09-20 11:17:00.061 +05:30 INF] Kestrel.Core.Jobs.IngestJobProcessor: Ingest job processor stopped.
[2026-09-20 11:17:54.365 +05:30 INF] Kestrel.Api: Binding guard: http://127.0.0.1:5000 (loopback)
[2026-09-20 11:17:55.129 +05:30 INF] Kestrel.Api.Auth.IdentityInitializationService: Identity schema ensured (no EF migrations defined yet — run `dotnet ef migrations add` before real deployments).
[2026-09-20 11:17:55.424 +05:30 INF] Kestrel.Api.Auth.IdentityInitializationService: Role seeded: Viewer
[2026-09-20 11:17:55.427 +05:30 INF] Kestrel.Api.Auth.IdentityInitializationService: Role seeded: Analyst
[2026-09-20 11:17:55.427 +05:30 INF] Kestrel.Api.Auth.IdentityInitializationService: Role seeded: Admin
[2026-09-20 11:17:55.451 +05:30 WRN] Kestrel.Api.Auth.IdentityInitializationService: Bootstrap: DEVELOPMENT default admin 'admin' created with password 'Dev#Admin-2026!'. CHANGE THIS PASSWORD before any use beyond local testing.
[2026-09-20 11:17:55.606 +05:30 INF] Kestrel.Api.Auth.IdentityInitializationService: Bootstrap: admin 'admin' created with roles [Viewer, Analyst, Admin].
[2026-09-20 11:17:55.622 +05:30 INF] Kestrel.Core.Storage.EventDatabase: FTS5 index rebuilt.
[2026-09-20 11:17:55.622 +05:30 INF] Kestrel.Core.Storage.EventStoreInitializationService: Event store ready at D:\Work\Projects\kestrel\backend\Kestrel.Api\data\kestrel.db (schema v2, WAL mode, FTS5 rebuilt).
[2026-09-20 11:17:55.624 +05:30 INF] Kestrel.Core.Jobs.IngestJobProcessor: Ingest job processor started (timeout 1800s, batch 1000, record cap 5000000).
[2026-09-20 11:17:55.710 +05:30 ERR] Serilog.AspNetCore.RequestLoggingMiddleware: HTTP GET /health responded 500 in 25.5916 ms
System.InvalidOperationException: The PipeWriter 'ResponseBodyPipeWriter' does not implement PipeWriter.UnflushedBytes.
   at System.Text.Json.ThrowHelper.ThrowInvalidOperationException_PipeWriterDoesNotImplementUnflushedBytes(PipeWriter pipeWriter)
   at System.Text.Json.Serialization.Metadata.JsonTypeInfo`1.SerializeAsync(PipeWriter pipeWriter, T rootValue, Int32 flushThreshold, CancellationToken cancellationToken, Object rootValueBoxed)
   at Microsoft.AspNetCore.Http.HttpResponseJsonExtensions.<WriteAsJsonAsync>g__WriteAsJsonAsyncSlow|5_0[TValue](HttpResponse response, TValue value, JsonTypeInfo`1 jsonTypeInfo, CancellationToken cancellationToken)
   at Microsoft.AspNetCore.Http.RequestDelegateFactory.ExecuteResultWriteResponse(IResult result, HttpContext httpContext)
   at Swashbuckle.AspNetCore.SwaggerUI.SwaggerUIMiddleware.Invoke(HttpContext httpContext)
   at Swashbuckle.AspNetCore.Swagger.SwaggerMiddleware.Invoke(HttpContext httpContext, ISwaggerProvider swaggerProvider)
   at Microsoft.AspNetCore.Authorization.AuthorizationMiddleware.Invoke(HttpContext context)
   at Microsoft.AspNetCore.Authentication.AuthenticationMiddleware.Invoke(HttpContext context)
   at Serilog.AspNetCore.RequestLoggingMiddleware.Invoke(HttpContext httpContext)
[2026-09-20 11:17:55.716 +05:30 ERR] Microsoft.AspNetCore.Diagnostics.DeveloperExceptionPageMiddleware: An unhandled exception has occurred while executing the request.
System.InvalidOperationException: The PipeWriter 'ResponseBodyPipeWriter' does not implement PipeWriter.UnflushedBytes.
   at System.Text.Json.ThrowHelper.ThrowInvalidOperationException_PipeWriterDoesNotImplementUnflushedBytes(PipeWriter pipeWriter)
   at System.Text.Json.Serialization.Metadata.JsonTypeInfo`1.SerializeAsync(PipeWriter pipeWriter, T rootValue, Int32 flushThreshold, CancellationToken cancellationToken, Object rootValueBoxed)
   at Microsoft.AspNetCore.Http.HttpResponseJsonExtensions.<WriteAsJsonAsync>g__WriteAsJsonAsyncSlow|5_0[TValue](HttpResponse response, TValue value, JsonTypeInfo`1 jsonTypeInfo, CancellationToken cancellationToken)
   at Microsoft.AspNetCore.Http.RequestDelegateFactory.ExecuteResultWriteResponse(IResult result, HttpContext httpContext)
   at Swashbuckle.AspNetCore.SwaggerUI.SwaggerUIMiddleware.Invoke(HttpContext httpContext)
   at Swashbuckle.AspNetCore.Swagger.SwaggerMiddleware.Invoke(HttpContext httpContext, ISwaggerProvider swaggerProvider)
   at Microsoft.AspNetCore.Authorization.AuthorizationMiddleware.Invoke(HttpContext context)
   at Microsoft.AspNetCore.Authentication.AuthenticationMiddleware.Invoke(HttpContext context)
   at Serilog.AspNetCore.RequestLoggingMiddleware.Invoke(HttpContext httpContext)
   at Microsoft.AspNetCore.Diagnostics.DeveloperExceptionPageMiddlewareImpl.Invoke(HttpContext context)
[2026-09-20 11:17:55.750 +05:30 INF] Kestrel.Core.Jobs.IngestJobProcessor: Ingest job processor stopped.
[2026-09-20 11:19:36.657 +05:30 INF] Kestrel.Api: Binding guard: http://127.0.0.1:5000 (loopback)
[2026-09-20 11:19:36.657 +05:30 INF] Kestrel.Api: Binding guard: http://127.0.0.1:5000 (loopback)
[2026-09-20 11:19:36.657 +05:30 INF] Kestrel.Api: Binding guard: http://127.0.0.1:5000 (loopback)
[2026-09-20 11:19:37.573 +05:30 INF] Kestrel.Api.Auth.IdentityInitializationService: Identity schema ensured (no EF migrations defined yet — run `dotnet ef migrations add` before real deployments).
[2026-09-20 11:19:37.573 +05:30 INF] Kestrel.Api.Auth.IdentityInitializationService: Identity schema ensured (no EF migrations defined yet — run `dotnet ef migrations add` before real deployments).
[2026-09-20 11:19:37.578 +05:30 INF] Kestrel.Api.Auth.IdentityInitializationService: Identity schema ensured (no EF migrations defined yet — run `dotnet ef migrations add` before real deployments).
[2026-09-20 11:19:37.865 +05:30 INF] Kestrel.Api.Auth.IdentityInitializationService: Role seeded: Viewer
[2026-09-20 11:19:37.865 +05:30 INF] Kestrel.Api.Auth.IdentityInitializationService: Role seeded: Viewer
[2026-09-20 11:19:37.865 +05:30 INF] Kestrel.Api.Auth.IdentityInitializationService: Role seeded: Viewer
[2026-09-20 11:19:37.868 +05:30 INF] Kestrel.Api.Auth.IdentityInitializationService: Role seeded: Analyst
[2026-09-20 11:19:37.868 +05:30 INF] Kestrel.Api.Auth.IdentityInitializationService: Role seeded: Analyst
[2026-09-20 11:19:37.869 +05:30 INF] Kestrel.Api.Auth.IdentityInitializationService: Role seeded: Admin
[2026-09-20 11:19:37.869 +05:30 INF] Kestrel.Api.Auth.IdentityInitializationService: Role seeded: Admin
[2026-09-20 11:19:37.871 +05:30 INF] Kestrel.Api.Auth.IdentityInitializationService: Role seeded: Analyst
[2026-09-20 11:19:37.873 +05:30 INF] Kestrel.Api.Auth.IdentityInitializationService: Role seeded: Admin
[2026-09-20 11:19:37.893 +05:30 WRN] Kestrel.Api.Auth.IdentityInitializationService: Bootstrap: DEVELOPMENT default admin 'admin' created with password 'Dev#Admin-2026!'. CHANGE THIS PASSWORD before any use beyond local testing.
[2026-09-20 11:19:37.893 +05:30 WRN] Kestrel.Api.Auth.IdentityInitializationService: Bootstrap: DEVELOPMENT default admin 'admin' created with password 'Dev#Admin-2026!'. CHANGE THIS PASSWORD before any use beyond local testing.
[2026-09-20 11:19:37.893 +05:30 WRN] Kestrel.Api.Auth.IdentityInitializationService: Bootstrap: DEVELOPMENT default admin 'admin' created with password 'Dev#Admin-2026!'. CHANGE THIS PASSWORD before any use beyond local testing.
[2026-09-20 11:19:38.042 +05:30 INF] Kestrel.Api.Auth.IdentityInitializationService: Bootstrap: admin 'admin' created with roles [Viewer, Analyst, Admin].
[2026-09-20 11:19:38.042 +05:30 INF] Kestrel.Api.Auth.IdentityInitializationService: Bootstrap: admin 'admin' created with roles [Viewer, Analyst, Admin].
[2026-09-20 11:19:38.044 +05:30 INF] Kestrel.Api.Auth.IdentityInitializationService: Bootstrap: admin 'admin' created with roles [Viewer, Analyst, Admin].
[2026-09-20 11:19:38.053 +05:30 INF] Kestrel.Core.Storage.EventDatabase: FTS5 index rebuilt.
[2026-09-20 11:19:38.053 +05:30 INF] Kestrel.Core.Storage.EventStoreInitializationService: Event store ready at D:\Work\Projects\kestrel\backend\Kestrel.Api\data\kestrel.db (schema v2, WAL mode, FTS5 rebuilt).
[2026-09-20 11:19:38.054 +05:30 INF] Kestrel.Core.Jobs.IngestJobProcessor: Ingest job processor started (timeout 1800s, batch 1000, record cap 5000000).
[2026-09-20 11:19:38.055 +05:30 INF] Kestrel.Core.Storage.EventDatabase: FTS5 index rebuilt.
[2026-09-20 11:19:38.056 +05:30 INF] Kestrel.Core.Storage.EventStoreInitializationService: Event store ready at C:\Users\Harman Bham\AppData\Local\Temp\kestrel-tests\api-9ce80d20fc0f443c8aa5d756c41a20f2\kestrel.db (schema v2, WAL mode, FTS5 rebuilt).
[2026-09-20 11:19:38.056 +05:30 INF] Kestrel.Core.Jobs.IngestJobProcessor: Ingest job processor started (timeout 60s, batch 1000, record cap 5000000).
[2026-09-20 11:19:38.062 +05:30 INF] Kestrel.Core.Storage.EventDatabase: FTS5 index rebuilt.
[2026-09-20 11:19:38.063 +05:30 INF] Kestrel.Core.Storage.EventStoreInitializationService: Event store ready at D:\Work\Projects\kestrel\backend\Kestrel.Api\data\kestrel.db (schema v2, WAL mode, FTS5 rebuilt).
[2026-09-20 11:19:38.063 +05:30 INF] Kestrel.Core.Jobs.IngestJobProcessor: Ingest job processor started (timeout 1800s, batch 1000, record cap 5000000).
[2026-09-20 11:19:38.159 +05:30 INF] Serilog.AspNetCore.RequestLoggingMiddleware: HTTP POST /api/ingest/upload responded 401 in 13.8499 ms
[2026-09-20 11:19:38.364 +05:30 INF] Kestrel.Api.Controllers.AuthController: Audit: login succeeded for admin (fc641df7-0ab1-4728-b030-08bc32ea4f1f) from unknown
[2026-09-20 11:19:38.364 +05:30 INF] Kestrel.Api.Controllers.AuthController: Audit: login succeeded for admin (6f04aa45-c0b4-4f2e-a790-7823145f0b8e) from unknown
[2026-09-20 11:19:38.364 +05:30 INF] Kestrel.Api.Controllers.AuthController: Audit: login succeeded for admin (513f61b6-ac86-46aa-85c9-e0c12ea11686) from unknown
[2026-09-20 11:19:38.370 +05:30 ERR] Serilog.AspNetCore.RequestLoggingMiddleware: HTTP POST /api/auth/login responded 500 in 226.0921 ms
System.InvalidOperationException: The PipeWriter 'ResponseBodyPipeWriter' does not implement PipeWriter.UnflushedBytes.
   at System.Text.Json.ThrowHelper.ThrowInvalidOperationException_PipeWriterDoesNotImplementUnflushedBytes(PipeWriter pipeWriter)
   at System.Text.Json.Serialization.Metadata.JsonTypeInfo`1.SerializeAsync(PipeWriter pipeWriter, T rootValue, Int32 flushThreshold, CancellationToken cancellationToken, Object rootValueBoxed)
   at Microsoft.AspNetCore.Mvc.Formatters.SystemTextJsonOutputFormatter.WriteResponseBodyAsync(OutputFormatterWriteContext context, Encoding selectedEncoding)
   at Microsoft.AspNetCore.Mvc.Infrastructure.ResourceInvoker.<InvokeNextResultFilterAsync>g__Awaited|30_0[TFilter,TFilterAsync](ResourceInvoker invoker, Task lastTask, State next, Scope scope, Object state, Boolean isCompleted)
   at Microsoft.AspNetCore.Mvc.Infrastructure.ResourceInvoker.Rethrow(ResultExecutedContextSealed context)
   at Microsoft.AspNetCore.Mvc.Infrastructure.ResourceInvoker.ResultNext[TFilter,TFilterAsync](State& next, Scope& scope, Object& state, Boolean& isCompleted)
   at Microsoft.AspNetCore.Mvc.Infrastructure.ResourceInvoker.InvokeResultFilters()
--- End of stack trace from previous location ---
   at Microsoft.AspNetCore.Mvc.Infrastructure.ResourceInvoker.<InvokeFilterPipelineAsync>g__Awaited|20_0(ResourceInvoker invoker, Task lastTask, State next, Scope scope, Object state, Boolean isCompleted)
   at Microsoft.AspNetCore.Mvc.Infrastructure.ResourceInvoker.<InvokeAsync>g__Awaited|17_0(ResourceInvoker invoker, Task task, IDisposable scope)
   at Microsoft.AspNetCore.Mvc.Infrastructure.ResourceInvoker.<InvokeAsync>g__Awaited|17_0(ResourceInvoker invoker, Task task, IDisposable scope)
   at Swashbuckle.AspNetCore.SwaggerUI.SwaggerUIMiddleware.Invoke(HttpContext httpContext)
   at Swashbuckle.AspNetCore.Swagger.SwaggerMiddleware.Invoke(HttpContext httpContext, ISwaggerProvider swaggerProvider)
   at Microsoft.AspNetCore.Authorization.AuthorizationMiddleware.Invoke(HttpContext context)
   at Microsoft.AspNetCore.Authentication.AuthenticationMiddleware.Invoke(HttpContext context)
   at Microsoft.AspNetCore.RateLimiting.RateLimitingMiddleware.InvokeInternal(HttpContext context, EnableRateLimitingAttribute enableRateLimitingAttribute)
   at Serilog.AspNetCore.RequestLoggingMiddleware.Invoke(HttpContext httpContext)
[2026-09-20 11:19:38.370 +05:30 ERR] Serilog.AspNetCore.RequestLoggingMiddleware: HTTP POST /api/auth/login responded 500 in 226.0994 ms
System.InvalidOperationException: The PipeWriter 'ResponseBodyPipeWriter' does not implement PipeWriter.UnflushedBytes.
   at System.Text.Json.ThrowHelper.ThrowInvalidOperationException_PipeWriterDoesNotImplementUnflushedBytes(PipeWriter pipeWriter)
   at System.Text.Json.Serialization.Metadata.JsonTypeInfo`1.SerializeAsync(PipeWriter pipeWriter, T rootValue, Int32 flushThreshold, CancellationToken cancellationToken, Object rootValueBoxed)
   at Microsoft.AspNetCore.Mvc.Formatters.SystemTextJsonOutputFormatter.WriteResponseBodyAsync(OutputFormatterWriteContext context, Encoding selectedEncoding)
   at Microsoft.AspNetCore.Mvc.Infrastructure.ResourceInvoker.<InvokeNextResultFilterAsync>g__Awaited|30_0[TFilter,TFilterAsync](ResourceInvoker invoker, Task lastTask, State next, Scope scope, Object state, Boolean isCompleted)
   at Microsoft.AspNetCore.Mvc.Infrastructure.ResourceInvoker.Rethrow(ResultExecutedContextSealed context)
   at Microsoft.AspNetCore.Mvc.Infrastructure.ResourceInvoker.ResultNext[TFilter,TFilterAsync](State& next, Scope& scope, Object& state, Boolean& isCompleted)
   at Microsoft.AspNetCore.Mvc.Infrastructure.ResourceInvoker.InvokeResultFilters()
--- End of stack trace from previous location ---
   at Microsoft.AspNetCore.Mvc.Infrastructure.ResourceInvoker.<InvokeFilterPipelineAsync>g__Awaited|20_0(ResourceInvoker invoker, Task lastTask, State next, Scope scope, Object state, Boolean isCompleted)
   at Microsoft.AspNetCore.Mvc.Infrastructure.ResourceInvoker.<InvokeAsync>g__Awaited|17_0(ResourceInvoker invoker, Task task, IDisposable scope)
   at Microsoft.AspNetCore.Mvc.Infrastructure.ResourceInvoker.<InvokeAsync>g__Awaited|17_0(ResourceInvoker invoker, Task task, IDisposable scope)
   at Swashbuckle.AspNetCore.SwaggerUI.SwaggerUIMiddleware.Invoke(HttpContext httpContext)
   at Swashbuckle.AspNetCore.Swagger.SwaggerMiddleware.Invoke(HttpContext httpContext, ISwaggerProvider swaggerProvider)
   at Microsoft.AspNetCore.Authorization.AuthorizationMiddleware.Invoke(HttpContext context)
   at Microsoft.AspNetCore.Authentication.AuthenticationMiddleware.Invoke(HttpContext context)
   at Microsoft.AspNetCore.RateLimiting.RateLimitingMiddleware.InvokeInternal(HttpContext context, EnableRateLimitingAttribute enableRateLimitingAttribute)
   at Serilog.AspNetCore.RequestLoggingMiddleware.Invoke(HttpContext httpContext)
[2026-09-20 11:19:38.370 +05:30 ERR] Serilog.AspNetCore.RequestLoggingMiddleware: HTTP POST /api/auth/login responded 500 in 195.6983 ms
System.InvalidOperationException: The PipeWriter 'ResponseBodyPipeWriter' does not implement PipeWriter.UnflushedBytes.
   at System.Text.Json.ThrowHelper.ThrowInvalidOperationException_PipeWriterDoesNotImplementUnflushedBytes(PipeWriter pipeWriter)
   at System.Text.Json.Serialization.Metadata.JsonTypeInfo`1.SerializeAsync(PipeWriter pipeWriter, T rootValue, Int32 flushThreshold, CancellationToken cancellationToken, Object rootValueBoxed)
   at Microsoft.AspNetCore.Mvc.Formatters.SystemTextJsonOutputFormatter.WriteResponseBodyAsync(OutputFormatterWriteContext context, Encoding selectedEncoding)
   at Microsoft.AspNetCore.Mvc.Infrastructure.ResourceInvoker.<InvokeNextResultFilterAsync>g__Awaited|30_0[TFilter,TFilterAsync](ResourceInvoker invoker, Task lastTask, State next, Scope scope, Object state, Boolean isCompleted)
   at Microsoft.AspNetCore.Mvc.Infrastructure.ResourceInvoker.Rethrow(ResultExecutedContextSealed context)
   at Microsoft.AspNetCore.Mvc.Infrastructure.ResourceInvoker.ResultNext[TFilter,TFilterAsync](State& next, Scope& scope, Object& state, Boolean& isCompleted)
   at Microsoft.AspNetCore.Mvc.Infrastructure.ResourceInvoker.InvokeResultFilters()
--- End of stack trace from previous location ---
   at Microsoft.AspNetCore.Mvc.Infrastructure.ResourceInvoker.<InvokeFilterPipelineAsync>g__Awaited|20_0(ResourceInvoker invoker, Task lastTask, State next, Scope scope, Object state, Boolean isCompleted)
   at Microsoft.AspNetCore.Mvc.Infrastructure.ResourceInvoker.<InvokeAsync>g__Awaited|17_0(ResourceInvoker invoker, Task task, IDisposable scope)
   at Microsoft.AspNetCore.Mvc.Infrastructure.ResourceInvoker.<InvokeAsync>g__Awaited|17_0(ResourceInvoker invoker, Task task, IDisposable scope)
   at Swashbuckle.AspNetCore.SwaggerUI.SwaggerUIMiddleware.Invoke(HttpContext httpContext)
   at Swashbuckle.AspNetCore.Swagger.SwaggerMiddleware.Invoke(HttpContext httpContext, ISwaggerProvider swaggerProvider)
   at Microsoft.AspNetCore.Authorization.AuthorizationMiddleware.Invoke(HttpContext context)
   at Microsoft.AspNetCore.Authentication.AuthenticationMiddleware.Invoke(HttpContext context)
   at Microsoft.AspNetCore.RateLimiting.RateLimitingMiddleware.InvokeInternal(HttpContext context, EnableRateLimitingAttribute enableRateLimitingAttribute)
   at Serilog.AspNetCore.RequestLoggingMiddleware.Invoke(HttpContext httpContext)
[2026-09-20 11:19:38.373 +05:30 ERR] Microsoft.AspNetCore.Diagnostics.DeveloperExceptionPageMiddleware: An unhandled exception has occurred while executing the request.
System.InvalidOperationException: The PipeWriter 'ResponseBodyPipeWriter' does not implement PipeWriter.UnflushedBytes.
   at System.Text.Json.ThrowHelper.ThrowInvalidOperationException_PipeWriterDoesNotImplementUnflushedBytes(PipeWriter pipeWriter)
   at System.Text.Json.Serialization.Metadata.JsonTypeInfo`1.SerializeAsync(PipeWriter pipeWriter, T rootValue, Int32 flushThreshold, CancellationToken cancellationToken, Object rootValueBoxed)
   at Microsoft.AspNetCore.Mvc.Formatters.SystemTextJsonOutputFormatter.WriteResponseBodyAsync(OutputFormatterWriteContext context, Encoding selectedEncoding)
   at Microsoft.AspNetCore.Mvc.Infrastructure.ResourceInvoker.<InvokeNextResultFilterAsync>g__Awaited|30_0[TFilter,TFilterAsync](ResourceInvoker invoker, Task lastTask, State next, Scope scope, Object state, Boolean isCompleted)
   at Microsoft.AspNetCore.Mvc.Infrastructure.ResourceInvoker.Rethrow(ResultExecutedContextSealed context)
   at Microsoft.AspNetCore.Mvc.Infrastructure.ResourceInvoker.ResultNext[TFilter,TFilterAsync](State& next, Scope& scope, Object& state, Boolean& isCompleted)
   at Microsoft.AspNetCore.Mvc.Infrastructure.ResourceInvoker.InvokeResultFilters()
--- End of stack trace from previous location ---
   at Microsoft.AspNetCore.Mvc.Infrastructure.ResourceInvoker.<InvokeFilterPipelineAsync>g__Awaited|20_0(ResourceInvoker invoker, Task lastTask, State next, Scope scope, Object state, Boolean isCompleted)
   at Microsoft.AspNetCore.Mvc.Infrastructure.ResourceInvoker.<InvokeAsync>g__Awaited|17_0(ResourceInvoker invoker, Task task, IDisposable scope)
   at Microsoft.AspNetCore.Mvc.Infrastructure.ResourceInvoker.<InvokeAsync>g__Awaited|17_0(ResourceInvoker invoker, Task task, IDisposable scope)
   at Swashbuckle.AspNetCore.SwaggerUI.SwaggerUIMiddleware.Invoke(HttpContext httpContext)
   at Swashbuckle.AspNetCore.Swagger.SwaggerMiddleware.Invoke(HttpContext httpContext, ISwaggerProvider swaggerProvider)
   at Microsoft.AspNetCore.Authorization.AuthorizationMiddleware.Invoke(HttpContext context)
   at Microsoft.AspNetCore.Authentication.AuthenticationMiddleware.Invoke(HttpContext context)
   at Microsoft.AspNetCore.RateLimiting.RateLimitingMiddleware.InvokeInternal(HttpContext context, EnableRateLimitingAttribute enableRateLimitingAttribute)
   at Serilog.AspNetCore.RequestLoggingMiddleware.Invoke(HttpContext httpContext)
   at Microsoft.AspNetCore.Diagnostics.DeveloperExceptionPageMiddlewareImpl.Invoke(HttpContext context)
[2026-09-20 11:19:38.373 +05:30 ERR] Microsoft.AspNetCore.Diagnostics.DeveloperExceptionPageMiddleware: An unhandled exception has occurred while executing the request.
System.InvalidOperationException: The PipeWriter 'ResponseBodyPipeWriter' does not implement PipeWriter.UnflushedBytes.
   at System.Text.Json.ThrowHelper.ThrowInvalidOperationException_PipeWriterDoesNotImplementUnflushedBytes(PipeWriter pipeWriter)
   at System.Text.Json.Serialization.Metadata.JsonTypeInfo`1.SerializeAsync(PipeWriter pipeWriter, T rootValue, Int32 flushThreshold, CancellationToken cancellationToken, Object rootValueBoxed)
   at Microsoft.AspNetCore.Mvc.Formatters.SystemTextJsonOutputFormatter.WriteResponseBodyAsync(OutputFormatterWriteContext context, Encoding selectedEncoding)
   at Microsoft.AspNetCore.Mvc.Infrastructure.ResourceInvoker.<InvokeNextResultFilterAsync>g__Awaited|30_0[TFilter,TFilterAsync](ResourceInvoker invoker, Task lastTask, State next, Scope scope, Object state, Boolean isCompleted)
   at Microsoft.AspNetCore.Mvc.Infrastructure.ResourceInvoker.Rethrow(ResultExecutedContextSealed context)
   at Microsoft.AspNetCore.Mvc.Infrastructure.ResourceInvoker.ResultNext[TFilter,TFilterAsync](State& next, Scope& scope, Object& state, Boolean& isCompleted)
   at Microsoft.AspNetCore.Mvc.Infrastructure.ResourceInvoker.InvokeResultFilters()
--- End of stack trace from previous location ---
   at Microsoft.AspNetCore.Mvc.Infrastructure.ResourceInvoker.<InvokeFilterPipelineAsync>g__Awaited|20_0(ResourceInvoker invoker, Task lastTask, State next, Scope scope, Object state, Boolean isCompleted)
   at Microsoft.AspNetCore.Mvc.Infrastructure.ResourceInvoker.<InvokeAsync>g__Awaited|17_0(ResourceInvoker invoker, Task task, IDisposable scope)
   at Microsoft.AspNetCore.Mvc.Infrastructure.ResourceInvoker.<InvokeAsync>g__Awaited|17_0(ResourceInvoker invoker, Task task, IDisposable scope)
   at Swashbuckle.AspNetCore.SwaggerUI.SwaggerUIMiddleware.Invoke(HttpContext httpContext)
   at Swashbuckle.AspNetCore.Swagger.SwaggerMiddleware.Invoke(HttpContext httpContext, ISwaggerProvider swaggerProvider)
   at Microsoft.AspNetCore.Authorization.AuthorizationMiddleware.Invoke(HttpContext context)
   at Microsoft.AspNetCore.Authentication.AuthenticationMiddleware.Invoke(HttpContext context)
   at Microsoft.AspNetCore.RateLimiting.RateLimitingMiddleware.InvokeInternal(HttpContext context, EnableRateLimitingAttribute enableRateLimitingAttribute)
   at Serilog.AspNetCore.RequestLoggingMiddleware.Invoke(HttpContext httpContext)
   at Microsoft.AspNetCore.Diagnostics.DeveloperExceptionPageMiddlewareImpl.Invoke(HttpContext context)
[2026-09-20 11:19:38.373 +05:30 ERR] Microsoft.AspNetCore.Diagnostics.DeveloperExceptionPageMiddleware: An unhandled exception has occurred while executing the request.
System.InvalidOperationException: The PipeWriter 'ResponseBodyPipeWriter' does not implement PipeWriter.UnflushedBytes.
   at System.Text.Json.ThrowHelper.ThrowInvalidOperationException_PipeWriterDoesNotImplementUnflushedBytes(PipeWriter pipeWriter)
   at System.Text.Json.Serialization.Metadata.JsonTypeInfo`1.SerializeAsync(PipeWriter pipeWriter, T rootValue, Int32 flushThreshold, CancellationToken cancellationToken, Object rootValueBoxed)
   at Microsoft.AspNetCore.Mvc.Formatters.SystemTextJsonOutputFormatter.WriteResponseBodyAsync(OutputFormatterWriteContext context, Encoding selectedEncoding)
   at Microsoft.AspNetCore.Mvc.Infrastructure.ResourceInvoker.<InvokeNextResultFilterAsync>g__Awaited|30_0[TFilter,TFilterAsync](ResourceInvoker invoker, Task lastTask, State next, Scope scope, Object state, Boolean isCompleted)
   at Microsoft.AspNetCore.Mvc.Infrastructure.ResourceInvoker.Rethrow(ResultExecutedContextSealed context)
   at Microsoft.AspNetCore.Mvc.Infrastructure.ResourceInvoker.ResultNext[TFilter,TFilterAsync](State& next, Scope& scope, Object& state, Boolean& isCompleted)
   at Microsoft.AspNetCore.Mvc.Infrastructure.ResourceInvoker.InvokeResultFilters()
--- End of stack trace from previous location ---
   at Microsoft.AspNetCore.Mvc.Infrastructure.ResourceInvoker.<InvokeFilterPipelineAsync>g__Awaited|20_0(ResourceInvoker invoker, Task lastTask, State next, Scope scope, Object state, Boolean isCompleted)
   at Microsoft.AspNetCore.Mvc.Infrastructure.ResourceInvoker.<InvokeAsync>g__Awaited|17_0(ResourceInvoker invoker, Task task, IDisposable scope)
   at Microsoft.AspNetCore.Mvc.Infrastructure.ResourceInvoker.<InvokeAsync>g__Awaited|17_0(ResourceInvoker invoker, Task task, IDisposable scope)
   at Swashbuckle.AspNetCore.SwaggerUI.SwaggerUIMiddleware.Invoke(HttpContext httpContext)
   at Swashbuckle.AspNetCore.Swagger.SwaggerMiddleware.Invoke(HttpContext httpContext, ISwaggerProvider swaggerProvider)
   at Microsoft.AspNetCore.Authorization.AuthorizationMiddleware.Invoke(HttpContext context)
   at Microsoft.AspNetCore.Authentication.AuthenticationMiddleware.Invoke(HttpContext context)
   at Microsoft.AspNetCore.RateLimiting.RateLimitingMiddleware.InvokeInternal(HttpContext context, EnableRateLimitingAttribute enableRateLimitingAttribute)
   at Serilog.AspNetCore.RequestLoggingMiddleware.Invoke(HttpContext httpContext)
   at Microsoft.AspNetCore.Diagnostics.DeveloperExceptionPageMiddlewareImpl.Invoke(HttpContext context)
[2026-09-20 11:19:38.385 +05:30 INF] Serilog.AspNetCore.RequestLoggingMiddleware: HTTP POST /api/users responded 401 in 1.8805 ms
[2026-09-20 11:19:38.388 +05:30 INF] Serilog.AspNetCore.RequestLoggingMiddleware: HTTP GET /api/users responded 401 in 1.4209 ms
[2026-09-20 11:19:38.392 +05:30 WRN] Kestrel.Api.Controllers.AuthController: Audit: login failed (unknown user) for ghost_5108b4f5c0f345be84fa8ad237959bdf from unknown
[2026-09-20 11:19:38.393 +05:30 ERR] Serilog.AspNetCore.RequestLoggingMiddleware: HTTP POST /api/auth/login responded 500 in 2.6799 ms
System.InvalidOperationException: The PipeWriter 'ResponseBodyPipeWriter' does not implement PipeWriter.UnflushedBytes.
   at System.Text.Json.ThrowHelper.ThrowInvalidOperationException_PipeWriterDoesNotImplementUnflushedBytes(PipeWriter pipeWriter)
   at System.Text.Json.Serialization.Metadata.JsonTypeInfo`1.SerializeAsync(PipeWriter pipeWriter, T rootValue, Int32 flushThreshold, CancellationToken cancellationToken, Object rootValueBoxed)
   at Microsoft.AspNetCore.Mvc.Formatters.SystemTextJsonOutputFormatter.WriteResponseBodyAsync(OutputFormatterWriteContext context, Encoding selectedEncoding)
   at Microsoft.AspNetCore.Mvc.Infrastructure.ResourceInvoker.<InvokeNextResultFilterAsync>g__Awaited|30_0[TFilter,TFilterAsync](ResourceInvoker invoker, Task lastTask, State next, Scope scope, Object state, Boolean isCompleted)
   at Microsoft.AspNetCore.Mvc.Infrastructure.ResourceInvoker.Rethrow(ResultExecutedContextSealed context)
   at Microsoft.AspNetCore.Mvc.Infrastructure.ResourceInvoker.ResultNext[TFilter,TFilterAsync](State& next, Scope& scope, Object& state, Boolean& isCompleted)
   at Microsoft.AspNetCore.Mvc.Infrastructure.ResourceInvoker.InvokeResultFilters()
--- End of stack trace from previous location ---
   at Microsoft.AspNetCore.Mvc.Infrastructure.ResourceInvoker.<InvokeFilterPipelineAsync>g__Awaited|20_0(ResourceInvoker invoker, Task lastTask, State next, Scope scope, Object state, Boolean isCompleted)
   at Microsoft.AspNetCore.Mvc.Infrastructure.ResourceInvoker.<InvokeAsync>g__Awaited|17_0(ResourceInvoker invoker, Task task, IDisposable scope)
   at Microsoft.AspNetCore.Mvc.Infrastructure.ResourceInvoker.<InvokeAsync>g__Awaited|17_0(ResourceInvoker invoker, Task task, IDisposable scope)
   at Swashbuckle.AspNetCore.SwaggerUI.SwaggerUIMiddleware.Invoke(HttpContext httpContext)
   at Swashbuckle.AspNetCore.Swagger.SwaggerMiddleware.Invoke(HttpContext httpContext, ISwaggerProvider swaggerProvider)
   at Microsoft.AspNetCore.Authorization.AuthorizationMiddleware.Invoke(HttpContext context)
   at Microsoft.AspNetCore.Authentication.AuthenticationMiddleware.Invoke(HttpContext context)
   at Microsoft.AspNetCore.RateLimiting.RateLimitingMiddleware.InvokeInternal(HttpContext context, EnableRateLimitingAttribute enableRateLimitingAttribute)
   at Serilog.AspNetCore.RequestLoggingMiddleware.Invoke(HttpContext httpContext)
[2026-09-20 11:19:38.393 +05:30 ERR] Microsoft.AspNetCore.Diagnostics.DeveloperExceptionPageMiddleware: An unhandled exception has occurred while executing the request.
System.InvalidOperationException: The PipeWriter 'ResponseBodyPipeWriter' does not implement PipeWriter.UnflushedBytes.
   at System.Text.Json.ThrowHelper.ThrowInvalidOperationException_PipeWriterDoesNotImplementUnflushedBytes(PipeWriter pipeWriter)
   at System.Text.Json.Serialization.Metadata.JsonTypeInfo`1.SerializeAsync(PipeWriter pipeWriter, T rootValue, Int32 flushThreshold, CancellationToken cancellationToken, Object rootValueBoxed)
   at Microsoft.AspNetCore.Mvc.Formatters.SystemTextJsonOutputFormatter.WriteResponseBodyAsync(OutputFormatterWriteContext context, Encoding selectedEncoding)
   at Microsoft.AspNetCore.Mvc.Infrastructure.ResourceInvoker.<InvokeNextResultFilterAsync>g__Awaited|30_0[TFilter,TFilterAsync](ResourceInvoker invoker, Task lastTask, State next, Scope scope, Object state, Boolean isCompleted)
   at Microsoft.AspNetCore.Mvc.Infrastructure.ResourceInvoker.Rethrow(ResultExecutedContextSealed context)
   at Microsoft.AspNetCore.Mvc.Infrastructure.ResourceInvoker.ResultNext[TFilter,TFilterAsync](State& next, Scope& scope, Object& state, Boolean& isCompleted)
   at Microsoft.AspNetCore.Mvc.Infrastructure.ResourceInvoker.InvokeResultFilters()
--- End of stack trace from previous location ---
   at Microsoft.AspNetCore.Mvc.Infrastructure.ResourceInvoker.<InvokeFilterPipelineAsync>g__Awaited|20_0(ResourceInvoker invoker, Task lastTask, State next, Scope scope, Object state, Boolean isCompleted)
   at Microsoft.AspNetCore.Mvc.Infrastructure.ResourceInvoker.<InvokeAsync>g__Awaited|17_0(ResourceInvoker invoker, Task task, IDisposable scope)
   at Microsoft.AspNetCore.Mvc.Infrastructure.ResourceInvoker.<InvokeAsync>g__Awaited|17_0(ResourceInvoker invoker, Task task, IDisposable scope)
   at Swashbuckle.AspNetCore.SwaggerUI.SwaggerUIMiddleware.Invoke(HttpContext httpContext)
   at Swashbuckle.AspNetCore.Swagger.SwaggerMiddleware.Invoke(HttpContext httpContext, ISwaggerProvider swaggerProvider)
   at Microsoft.AspNetCore.Authorization.AuthorizationMiddleware.Invoke(HttpContext context)
   at Microsoft.AspNetCore.Authentication.AuthenticationMiddleware.Invoke(HttpContext context)
   at Microsoft.AspNetCore.RateLimiting.RateLimitingMiddleware.InvokeInternal(HttpContext context, EnableRateLimitingAttribute enableRateLimitingAttribute)
   at Serilog.AspNetCore.RequestLoggingMiddleware.Invoke(HttpContext httpContext)
   at Microsoft.AspNetCore.Diagnostics.DeveloperExceptionPageMiddlewareImpl.Invoke(HttpContext context)
[2026-09-20 11:19:38.452 +05:30 INF] Kestrel.Api.Controllers.AuthController: Audit: login succeeded for admin (6f04aa45-c0b4-4f2e-a790-7823145f0b8e) from unknown
[2026-09-20 11:19:38.452 +05:30 INF] Kestrel.Api.Controllers.AuthController: Audit: login succeeded for admin (fc641df7-0ab1-4728-b030-08bc32ea4f1f) from unknown
[2026-09-20 11:19:38.452 +05:30 ERR] Serilog.AspNetCore.RequestLoggingMiddleware: HTTP POST /api/auth/login responded 500 in 69.3649 ms
System.InvalidOperationException: The PipeWriter 'ResponseBodyPipeWriter' does not implement PipeWriter.UnflushedBytes.
   at System.Text.Json.ThrowHelper.ThrowInvalidOperationException_PipeWriterDoesNotImplementUnflushedBytes(PipeWriter pipeWriter)
   at System.Text.Json.Serialization.Metadata.JsonTypeInfo`1.SerializeAsync(PipeWriter pipeWriter, T rootValue, Int32 flushThreshold, CancellationToken cancellationToken, Object rootValueBoxed)
   at Microsoft.AspNetCore.Mvc.Formatters.SystemTextJsonOutputFormatter.WriteResponseBodyAsync(OutputFormatterWriteContext context, Encoding selectedEncoding)
   at Microsoft.AspNetCore.Mvc.Infrastructure.ResourceInvoker.<InvokeNextResultFilterAsync>g__Awaited|30_0[TFilter,TFilterAsync](ResourceInvoker invoker, Task lastTask, State next, Scope scope, Object state, Boolean isCompleted)
   at Microsoft.AspNetCore.Mvc.Infrastructure.ResourceInvoker.Rethrow(ResultExecutedContextSealed context)
   at Microsoft.AspNetCore.Mvc.Infrastructure.ResourceInvoker.ResultNext[TFilter,TFilterAsync](State& next, Scope& scope, Object& state, Boolean& isCompleted)
   at Microsoft.AspNetCore.Mvc.Infrastructure.ResourceInvoker.InvokeResultFilters()
--- End of stack trace from previous location ---
   at Microsoft.AspNetCore.Mvc.Infrastructure.ResourceInvoker.<InvokeFilterPipelineAsync>g__Awaited|20_0(ResourceInvoker invoker, Task lastTask, State next, Scope scope, Object state, Boolean isCompleted)
   at Microsoft.AspNetCore.Mvc.Infrastructure.ResourceInvoker.<InvokeAsync>g__Awaited|17_0(ResourceInvoker invoker, Task task, IDisposable scope)
   at Microsoft.AspNetCore.Mvc.Infrastructure.ResourceInvoker.<InvokeAsync>g__Awaited|17_0(ResourceInvoker invoker, Task task, IDisposable scope)
   at Swashbuckle.AspNetCore.SwaggerUI.SwaggerUIMiddleware.Invoke(HttpContext httpContext)
   at Swashbuckle.AspNetCore.Swagger.SwaggerMiddleware.Invoke(HttpContext httpContext, ISwaggerProvider swaggerProvider)
   at Microsoft.AspNetCore.Authorization.AuthorizationMiddleware.Invoke(HttpContext context)
   at Microsoft.AspNetCore.Authentication.AuthenticationMiddleware.Invoke(HttpContext context)
   at Microsoft.AspNetCore.RateLimiting.RateLimitingMiddleware.InvokeInternal(HttpContext context, EnableRateLimitingAttribute enableRateLimitingAttribute)
   at Serilog.AspNetCore.RequestLoggingMiddleware.Invoke(HttpContext httpContext)
[2026-09-20 11:19:38.452 +05:30 ERR] Serilog.AspNetCore.RequestLoggingMiddleware: HTTP POST /api/auth/login responded 500 in 67.9588 ms
System.InvalidOperationException: The PipeWriter 'ResponseBodyPipeWriter' does not implement PipeWriter.UnflushedBytes.
   at System.Text.Json.ThrowHelper.ThrowInvalidOperationException_PipeWriterDoesNotImplementUnflushedBytes(PipeWriter pipeWriter)
   at System.Text.Json.Serialization.Metadata.JsonTypeInfo`1.SerializeAsync(PipeWriter pipeWriter, T rootValue, Int32 flushThreshold, CancellationToken cancellationToken, Object rootValueBoxed)
   at Microsoft.AspNetCore.Mvc.Formatters.SystemTextJsonOutputFormatter.WriteResponseBodyAsync(OutputFormatterWriteContext context, Encoding selectedEncoding)
   at Microsoft.AspNetCore.Mvc.Infrastructure.ResourceInvoker.<InvokeNextResultFilterAsync>g__Awaited|30_0[TFilter,TFilterAsync](ResourceInvoker invoker, Task lastTask, State next, Scope scope, Object state, Boolean isCompleted)
   at Microsoft.AspNetCore.Mvc.Infrastructure.ResourceInvoker.Rethrow(ResultExecutedContextSealed context)
   at Microsoft.AspNetCore.Mvc.Infrastructure.ResourceInvoker.ResultNext[TFilter,TFilterAsync](State& next, Scope& scope, Object& state, Boolean& isCompleted)
   at Microsoft.AspNetCore.Mvc.Infrastructure.ResourceInvoker.InvokeResultFilters()
--- End of stack trace from previous location ---
   at Microsoft.AspNetCore.Mvc.Infrastructure.ResourceInvoker.<InvokeFilterPipelineAsync>g__Awaited|20_0(ResourceInvoker invoker, Task lastTask, State next, Scope scope, Object state, Boolean isCompleted)
   at Microsoft.AspNetCore.Mvc.Infrastructure.ResourceInvoker.<InvokeAsync>g__Awaited|17_0(ResourceInvoker invoker, Task task, IDisposable scope)
   at Microsoft.AspNetCore.Mvc.Infrastructure.ResourceInvoker.<InvokeAsync>g__Awaited|17_0(ResourceInvoker invoker, Task task, IDisposable scope)
   at Swashbuckle.AspNetCore.SwaggerUI.SwaggerUIMiddleware.Invoke(HttpContext httpContext)
   at Swashbuckle.AspNetCore.Swagger.SwaggerMiddleware.Invoke(HttpContext httpContext, ISwaggerProvider swaggerProvider)
   at Microsoft.AspNetCore.Authorization.AuthorizationMiddleware.Invoke(HttpContext context)
   at Microsoft.AspNetCore.Authentication.AuthenticationMiddleware.Invoke(HttpContext context)
   at Microsoft.AspNetCore.RateLimiting.RateLimitingMiddleware.InvokeInternal(HttpContext context, EnableRateLimitingAttribute enableRateLimitingAttribute)
   at Serilog.AspNetCore.RequestLoggingMiddleware.Invoke(HttpContext httpContext)
[2026-09-20 11:19:38.453 +05:30 ERR] Microsoft.AspNetCore.Diagnostics.DeveloperExceptionPageMiddleware: An unhandled exception has occurred while executing the request.
System.InvalidOperationException: The PipeWriter 'ResponseBodyPipeWriter' does not implement PipeWriter.UnflushedBytes.
   at System.Text.Json.ThrowHelper.ThrowInvalidOperationException_PipeWriterDoesNotImplementUnflushedBytes(PipeWriter pipeWriter)
   at System.Text.Json.Serialization.Metadata.JsonTypeInfo`1.SerializeAsync(PipeWriter pipeWriter, T rootValue, Int32 flushThreshold, CancellationToken cancellationToken, Object rootValueBoxed)
   at Microsoft.AspNetCore.Mvc.Formatters.SystemTextJsonOutputFormatter.WriteResponseBodyAsync(OutputFormatterWriteContext context, Encoding selectedEncoding)
   at Microsoft.AspNetCore.Mvc.Infrastructure.ResourceInvoker.<InvokeNextResultFilterAsync>g__Awaited|30_0[TFilter,TFilterAsync](ResourceInvoker invoker, Task lastTask, State next, Scope scope, Object state, Boolean isCompleted)
   at Microsoft.AspNetCore.Mvc.Infrastructure.ResourceInvoker.Rethrow(ResultExecutedContextSealed context)
   at Microsoft.AspNetCore.Mvc.Infrastructure.ResourceInvoker.ResultNext[TFilter,TFilterAsync](State& next, Scope& scope, Object& state, Boolean& isCompleted)
   at Microsoft.AspNetCore.Mvc.Infrastructure.ResourceInvoker.InvokeResultFilters()
--- End of stack trace from previous location ---
   at Microsoft.AspNetCore.Mvc.Infrastructure.ResourceInvoker.<InvokeFilterPipelineAsync>g__Awaited|20_0(ResourceInvoker invoker, Task lastTask, State next, Scope scope, Object state, Boolean isCompleted)
   at Microsoft.AspNetCore.Mvc.Infrastructure.ResourceInvoker.<InvokeAsync>g__Awaited|17_0(ResourceInvoker invoker, Task task, IDisposable scope)
   at Microsoft.AspNetCore.Mvc.Infrastructure.ResourceInvoker.<InvokeAsync>g__Awaited|17_0(ResourceInvoker invoker, Task task, IDisposable scope)
   at Swashbuckle.AspNetCore.SwaggerUI.SwaggerUIMiddleware.Invoke(HttpContext httpContext)
   at Swashbuckle.AspNetCore.Swagger.SwaggerMiddleware.Invoke(HttpContext httpContext, ISwaggerProvider swaggerProvider)
   at Microsoft.AspNetCore.Authorization.AuthorizationMiddleware.Invoke(HttpContext context)
   at Microsoft.AspNetCore.Authentication.AuthenticationMiddleware.Invoke(HttpContext context)
   at Microsoft.AspNetCore.RateLimiting.RateLimitingMiddleware.InvokeInternal(HttpContext context, EnableRateLimitingAttribute enableRateLimitingAttribute)
   at Serilog.AspNetCore.RequestLoggingMiddleware.Invoke(HttpContext httpContext)
   at Microsoft.AspNetCore.Diagnostics.DeveloperExceptionPageMiddlewareImpl.Invoke(HttpContext context)
[2026-09-20 11:19:38.453 +05:30 ERR] Microsoft.AspNetCore.Diagnostics.DeveloperExceptionPageMiddleware: An unhandled exception has occurred while executing the request.
System.InvalidOperationException: The PipeWriter 'ResponseBodyPipeWriter' does not implement PipeWriter.UnflushedBytes.
   at System.Text.Json.ThrowHelper.ThrowInvalidOperationException_PipeWriterDoesNotImplementUnflushedBytes(PipeWriter pipeWriter)
   at System.Text.Json.Serialization.Metadata.JsonTypeInfo`1.SerializeAsync(PipeWriter pipeWriter, T rootValue, Int32 flushThreshold, CancellationToken cancellationToken, Object rootValueBoxed)
   at Microsoft.AspNetCore.Mvc.Formatters.SystemTextJsonOutputFormatter.WriteResponseBodyAsync(OutputFormatterWriteContext context, Encoding selectedEncoding)
   at Microsoft.AspNetCore.Mvc.Infrastructure.ResourceInvoker.<InvokeNextResultFilterAsync>g__Awaited|30_0[TFilter,TFilterAsync](ResourceInvoker invoker, Task lastTask, State next, Scope scope, Object state, Boolean isCompleted)
   at Microsoft.AspNetCore.Mvc.Infrastructure.ResourceInvoker.Rethrow(ResultExecutedContextSealed context)
   at Microsoft.AspNetCore.Mvc.Infrastructure.ResourceInvoker.ResultNext[TFilter,TFilterAsync](State& next, Scope& scope, Object& state, Boolean& isCompleted)
   at Microsoft.AspNetCore.Mvc.Infrastructure.ResourceInvoker.InvokeResultFilters()
--- End of stack trace from previous location ---
   at Microsoft.AspNetCore.Mvc.Infrastructure.ResourceInvoker.<InvokeFilterPipelineAsync>g__Awaited|20_0(ResourceInvoker invoker, Task lastTask, State next, Scope scope, Object state, Boolean isCompleted)
   at Microsoft.AspNetCore.Mvc.Infrastructure.ResourceInvoker.<InvokeAsync>g__Awaited|17_0(ResourceInvoker invoker, Task task, IDisposable scope)
   at Microsoft.AspNetCore.Mvc.Infrastructure.ResourceInvoker.<InvokeAsync>g__Awaited|17_0(ResourceInvoker invoker, Task task, IDisposable scope)
   at Swashbuckle.AspNetCore.SwaggerUI.SwaggerUIMiddleware.Invoke(HttpContext httpContext)
   at Swashbuckle.AspNetCore.Swagger.SwaggerMiddleware.Invoke(HttpContext httpContext, ISwaggerProvider swaggerProvider)
   at Microsoft.AspNetCore.Authorization.AuthorizationMiddleware.Invoke(HttpContext context)
   at Microsoft.AspNetCore.Authentication.AuthenticationMiddleware.Invoke(HttpContext context)
   at Microsoft.AspNetCore.RateLimiting.RateLimitingMiddleware.InvokeInternal(HttpContext context, EnableRateLimitingAttribute enableRateLimitingAttribute)
   at Serilog.AspNetCore.RequestLoggingMiddleware.Invoke(HttpContext httpContext)
   at Microsoft.AspNetCore.Diagnostics.DeveloperExceptionPageMiddlewareImpl.Invoke(HttpContext context)
[2026-09-20 11:19:38.468 +05:30 WRN] Kestrel.Api.Controllers.AuthController: Audit: login failed (bad password) for admin from unknown
[2026-09-20 11:19:38.469 +05:30 ERR] Serilog.AspNetCore.RequestLoggingMiddleware: HTTP POST /api/auth/login responded 500 in 72.9226 ms
System.InvalidOperationException: The PipeWriter 'ResponseBodyPipeWriter' does not implement PipeWriter.UnflushedBytes.
   at System.Text.Json.ThrowHelper.ThrowInvalidOperationException_PipeWriterDoesNotImplementUnflushedBytes(PipeWriter pipeWriter)
   at System.Text.Json.Serialization.Metadata.JsonTypeInfo`1.SerializeAsync(PipeWriter pipeWriter, T rootValue, Int32 flushThreshold, CancellationToken cancellationToken, Object rootValueBoxed)
   at Microsoft.AspNetCore.Mvc.Formatters.SystemTextJsonOutputFormatter.WriteResponseBodyAsync(OutputFormatterWriteContext context, Encoding selectedEncoding)
   at Microsoft.AspNetCore.Mvc.Infrastructure.ResourceInvoker.<InvokeNextResultFilterAsync>g__Awaited|30_0[TFilter,TFilterAsync](ResourceInvoker invoker, Task lastTask, State next, Scope scope, Object state, Boolean isCompleted)
   at Microsoft.AspNetCore.Mvc.Infrastructure.ResourceInvoker.Rethrow(ResultExecutedContextSealed context)
   at Microsoft.AspNetCore.Mvc.Infrastructure.ResourceInvoker.ResultNext[TFilter,TFilterAsync](State& next, Scope& scope, Object& state, Boolean& isCompleted)
   at Microsoft.AspNetCore.Mvc.Infrastructure.ResourceInvoker.InvokeResultFilters()
--- End of stack trace from previous location ---
   at Microsoft.AspNetCore.Mvc.Infrastructure.ResourceInvoker.<InvokeFilterPipelineAsync>g__Awaited|20_0(ResourceInvoker invoker, Task lastTask, State next, Scope scope, Object state, Boolean isCompleted)
   at Microsoft.AspNetCore.Mvc.Infrastructure.ResourceInvoker.<InvokeAsync>g__Awaited|17_0(ResourceInvoker invoker, Task task, IDisposable scope)
   at Microsoft.AspNetCore.Mvc.Infrastructure.ResourceInvoker.<InvokeAsync>g__Awaited|17_0(ResourceInvoker invoker, Task task, IDisposable scope)
   at Swashbuckle.AspNetCore.SwaggerUI.SwaggerUIMiddleware.Invoke(HttpContext httpContext)
   at Swashbuckle.AspNetCore.Swagger.SwaggerMiddleware.Invoke(HttpContext httpContext, ISwaggerProvider swaggerProvider)
   at Microsoft.AspNetCore.Authorization.AuthorizationMiddleware.Invoke(HttpContext context)
   at Microsoft.AspNetCore.Authentication.AuthenticationMiddleware.Invoke(HttpContext context)
   at Microsoft.AspNetCore.RateLimiting.RateLimitingMiddleware.InvokeInternal(HttpContext context, EnableRateLimitingAttribute enableRateLimitingAttribute)
   at Serilog.AspNetCore.RequestLoggingMiddleware.Invoke(HttpContext httpContext)
[2026-09-20 11:19:38.469 +05:30 ERR] Microsoft.AspNetCore.Diagnostics.DeveloperExceptionPageMiddleware: An unhandled exception has occurred while executing the request.
System.InvalidOperationException: The PipeWriter 'ResponseBodyPipeWriter' does not implement PipeWriter.UnflushedBytes.
   at System.Text.Json.ThrowHelper.ThrowInvalidOperationException_PipeWriterDoesNotImplementUnflushedBytes(PipeWriter pipeWriter)
   at System.Text.Json.Serialization.Metadata.JsonTypeInfo`1.SerializeAsync(PipeWriter pipeWriter, T rootValue, Int32 flushThreshold, CancellationToken cancellationToken, Object rootValueBoxed)
   at Microsoft.AspNetCore.Mvc.Formatters.SystemTextJsonOutputFormatter.WriteResponseBodyAsync(OutputFormatterWriteContext context, Encoding selectedEncoding)
   at Microsoft.AspNetCore.Mvc.Infrastructure.ResourceInvoker.<InvokeNextResultFilterAsync>g__Awaited|30_0[TFilter,TFilterAsync](ResourceInvoker invoker, Task lastTask, State next, Scope scope, Object state, Boolean isCompleted)
   at Microsoft.AspNetCore.Mvc.Infrastructure.ResourceInvoker.Rethrow(ResultExecutedContextSealed context)
   at Microsoft.AspNetCore.Mvc.Infrastructure.ResourceInvoker.ResultNext[TFilter,TFilterAsync](State& next, Scope& scope, Object& state, Boolean& isCompleted)
   at Microsoft.AspNetCore.Mvc.Infrastructure.ResourceInvoker.InvokeResultFilters()
--- End of stack trace from previous location ---
   at Microsoft.AspNetCore.Mvc.Infrastructure.ResourceInvoker.<InvokeFilterPipelineAsync>g__Awaited|20_0(ResourceInvoker invoker, Task lastTask, State next, Scope scope, Object state, Boolean isCompleted)
   at Microsoft.AspNetCore.Mvc.Infrastructure.ResourceInvoker.<InvokeAsync>g__Awaited|17_0(ResourceInvoker invoker, Task task, IDisposable scope)
   at Microsoft.AspNetCore.Mvc.Infrastructure.ResourceInvoker.<InvokeAsync>g__Awaited|17_0(ResourceInvoker invoker, Task task, IDisposable scope)
   at Swashbuckle.AspNetCore.SwaggerUI.SwaggerUIMiddleware.Invoke(HttpContext httpContext)
   at Swashbuckle.AspNetCore.Swagger.SwaggerMiddleware.Invoke(HttpContext httpContext, ISwaggerProvider swaggerProvider)
   at Microsoft.AspNetCore.Authorization.AuthorizationMiddleware.Invoke(HttpContext context)
   at Microsoft.AspNetCore.Authentication.AuthenticationMiddleware.Invoke(HttpContext context)
   at Microsoft.AspNetCore.RateLimiting.RateLimitingMiddleware.InvokeInternal(HttpContext context, EnableRateLimitingAttribute enableRateLimitingAttribute)
   at Serilog.AspNetCore.RequestLoggingMiddleware.Invoke(HttpContext httpContext)
   at Microsoft.AspNetCore.Diagnostics.DeveloperExceptionPageMiddlewareImpl.Invoke(HttpContext context)
[2026-09-20 11:19:38.525 +05:30 INF] Kestrel.Api.Controllers.AuthController: Audit: login succeeded for admin (6f04aa45-c0b4-4f2e-a790-7823145f0b8e) from unknown
[2026-09-20 11:19:38.526 +05:30 INF] Kestrel.Api.Controllers.AuthController: Audit: login succeeded for admin (513f61b6-ac86-46aa-85c9-e0c12ea11686) from unknown
[2026-09-20 11:19:38.526 +05:30 INF] Kestrel.Api.Controllers.AuthController: Audit: login succeeded for admin (fc641df7-0ab1-4728-b030-08bc32ea4f1f) from unknown
[2026-09-20 11:19:38.526 +05:30 ERR] Serilog.AspNetCore.RequestLoggingMiddleware: HTTP POST /api/auth/login responded 500 in 69.8434 ms
System.InvalidOperationException: The PipeWriter 'ResponseBodyPipeWriter' does not implement PipeWriter.UnflushedBytes.
   at System.Text.Json.ThrowHelper.ThrowInvalidOperationException_PipeWriterDoesNotImplementUnflushedBytes(PipeWriter pipeWriter)
   at System.Text.Json.Serialization.Metadata.JsonTypeInfo`1.SerializeAsync(PipeWriter pipeWriter, T rootValue, Int32 flushThreshold, CancellationToken cancellationToken, Object rootValueBoxed)
   at Microsoft.AspNetCore.Mvc.Formatters.SystemTextJsonOutputFormatter.WriteResponseBodyAsync(OutputFormatterWriteContext context, Encoding selectedEncoding)
   at Microsoft.AspNetCore.Mvc.Infrastructure.ResourceInvoker.<InvokeNextResultFilterAsync>g__Awaited|30_0[TFilter,TFilterAsync](ResourceInvoker invoker, Task lastTask, State next, Scope scope, Object state, Boolean isCompleted)
   at Microsoft.AspNetCore.Mvc.Infrastructure.ResourceInvoker.Rethrow(ResultExecutedContextSealed context)
   at Microsoft.AspNetCore.Mvc.Infrastructure.ResourceInvoker.ResultNext[TFilter,TFilterAsync](State& next, Scope& scope, Object& state, Boolean& isCompleted)
   at Microsoft.AspNetCore.Mvc.Infrastructure.ResourceInvoker.InvokeResultFilters()
--- End of stack trace from previous location ---
   at Microsoft.AspNetCore.Mvc.Infrastructure.ResourceInvoker.<InvokeFilterPipelineAsync>g__Awaited|20_0(ResourceInvoker invoker, Task lastTask, State next, Scope scope, Object state, Boolean isCompleted)
   at Microsoft.AspNetCore.Mvc.Infrastructure.ResourceInvoker.<InvokeAsync>g__Awaited|17_0(ResourceInvoker invoker, Task task, IDisposable scope)
   at Microsoft.AspNetCore.Mvc.Infrastructure.ResourceInvoker.<InvokeAsync>g__Awaited|17_0(ResourceInvoker invoker, Task task, IDisposable scope)
   at Swashbuckle.AspNetCore.SwaggerUI.SwaggerUIMiddleware.Invoke(HttpContext httpContext)
   at Swashbuckle.AspNetCore.Swagger.SwaggerMiddleware.Invoke(HttpContext httpContext, ISwaggerProvider swaggerProvider)
   at Microsoft.AspNetCore.Authorization.AuthorizationMiddleware.Invoke(HttpContext context)
   at Microsoft.AspNetCore.Authentication.AuthenticationMiddleware.Invoke(HttpContext context)
   at Microsoft.AspNetCore.RateLimiting.RateLimitingMiddleware.InvokeInternal(HttpContext context, EnableRateLimitingAttribute enableRateLimitingAttribute)
   at Serilog.AspNetCore.RequestLoggingMiddleware.Invoke(HttpContext httpContext)
[2026-09-20 11:19:38.526 +05:30 ERR] Serilog.AspNetCore.RequestLoggingMiddleware: HTTP POST /api/auth/login responded 500 in 54.1361 ms
System.InvalidOperationException: The PipeWriter 'ResponseBodyPipeWriter' does not implement PipeWriter.UnflushedBytes.
   at System.Text.Json.ThrowHelper.ThrowInvalidOperationException_PipeWriterDoesNotImplementUnflushedBytes(PipeWriter pipeWriter)
   at System.Text.Json.Serialization.Metadata.JsonTypeInfo`1.SerializeAsync(PipeWriter pipeWriter, T rootValue, Int32 flushThreshold, CancellationToken cancellationToken, Object rootValueBoxed)
   at Microsoft.AspNetCore.Mvc.Formatters.SystemTextJsonOutputFormatter.WriteResponseBodyAsync(OutputFormatterWriteContext context, Encoding selectedEncoding)
   at Microsoft.AspNetCore.Mvc.Infrastructure.ResourceInvoker.<InvokeNextResultFilterAsync>g__Awaited|30_0[TFilter,TFilterAsync](ResourceInvoker invoker, Task lastTask, State next, Scope scope, Object state, Boolean isCompleted)
   at Microsoft.AspNetCore.Mvc.Infrastructure.ResourceInvoker.Rethrow(ResultExecutedContextSealed context)
   at Microsoft.AspNetCore.Mvc.Infrastructure.ResourceInvoker.ResultNext[TFilter,TFilterAsync](State& next, Scope& scope, Object& state, Boolean& isCompleted)
   at Microsoft.AspNetCore.Mvc.Infrastructure.ResourceInvoker.InvokeResultFilters()
--- End of stack trace from previous location ---
   at Microsoft.AspNetCore.Mvc.Infrastructure.ResourceInvoker.<InvokeFilterPipelineAsync>g__Awaited|20_0(ResourceInvoker invoker, Task lastTask, State next, Scope scope, Object state, Boolean isCompleted)
   at Microsoft.AspNetCore.Mvc.Infrastructure.ResourceInvoker.<InvokeAsync>g__Awaited|17_0(ResourceInvoker invoker, Task task, IDisposable scope)
   at Microsoft.AspNetCore.Mvc.Infrastructure.ResourceInvoker.<InvokeAsync>g__Awaited|17_0(ResourceInvoker invoker, Task task, IDisposable scope)
   at Swashbuckle.AspNetCore.SwaggerUI.SwaggerUIMiddleware.Invoke(HttpContext httpContext)
   at Swashbuckle.AspNetCore.Swagger.SwaggerMiddleware.Invoke(HttpContext httpContext, ISwaggerProvider swaggerProvider)
   at Microsoft.AspNetCore.Authorization.AuthorizationMiddleware.Invoke(HttpContext context)
   at Microsoft.AspNetCore.Authentication.AuthenticationMiddleware.Invoke(HttpContext context)
   at Microsoft.AspNetCore.RateLimiting.RateLimitingMiddleware.InvokeInternal(HttpContext context, EnableRateLimitingAttribute enableRateLimitingAttribute)
   at Serilog.AspNetCore.RequestLoggingMiddleware.Invoke(HttpContext httpContext)
[2026-09-20 11:19:38.526 +05:30 ERR] Serilog.AspNetCore.RequestLoggingMiddleware: HTTP POST /api/auth/login responded 500 in 70.1541 ms
System.InvalidOperationException: The PipeWriter 'ResponseBodyPipeWriter' does not implement PipeWriter.UnflushedBytes.
   at System.Text.Json.ThrowHelper.ThrowInvalidOperationException_PipeWriterDoesNotImplementUnflushedBytes(PipeWriter pipeWriter)
   at System.Text.Json.Serialization.Metadata.JsonTypeInfo`1.SerializeAsync(PipeWriter pipeWriter, T rootValue, Int32 flushThreshold, CancellationToken cancellationToken, Object rootValueBoxed)
   at Microsoft.AspNetCore.Mvc.Formatters.SystemTextJsonOutputFormatter.WriteResponseBodyAsync(OutputFormatterWriteContext context, Encoding selectedEncoding)
   at Microsoft.AspNetCore.Mvc.Infrastructure.ResourceInvoker.<InvokeNextResultFilterAsync>g__Awaited|30_0[TFilter,TFilterAsync](ResourceInvoker invoker, Task lastTask, State next, Scope scope, Object state, Boolean isCompleted)
   at Microsoft.AspNetCore.Mvc.Infrastructure.ResourceInvoker.Rethrow(ResultExecutedContextSealed context)
   at Microsoft.AspNetCore.Mvc.Infrastructure.ResourceInvoker.ResultNext[TFilter,TFilterAsync](State& next, Scope& scope, Object& state, Boolean& isCompleted)
   at Microsoft.AspNetCore.Mvc.Infrastructure.ResourceInvoker.InvokeResultFilters()
--- End of stack trace from previous location ---
   at Microsoft.AspNetCore.Mvc.Infrastructure.ResourceInvoker.<InvokeFilterPipelineAsync>g__Awaited|20_0(ResourceInvoker invoker, Task lastTask, State next, Scope scope, Object state, Boolean isCompleted)
   at Microsoft.AspNetCore.Mvc.Infrastructure.ResourceInvoker.<InvokeAsync>g__Awaited|17_0(ResourceInvoker invoker, Task task, IDisposable scope)
   at Microsoft.AspNetCore.Mvc.Infrastructure.ResourceInvoker.<InvokeAsync>g__Awaited|17_0(ResourceInvoker invoker, Task task, IDisposable scope)
   at Swashbuckle.AspNetCore.SwaggerUI.SwaggerUIMiddleware.Invoke(HttpContext httpContext)
   at Swashbuckle.AspNetCore.Swagger.SwaggerMiddleware.Invoke(HttpContext httpContext, ISwaggerProvider swaggerProvider)
   at Microsoft.AspNetCore.Authorization.AuthorizationMiddleware.Invoke(HttpContext context)
   at Microsoft.AspNetCore.Authentication.AuthenticationMiddleware.Invoke(HttpContext context)
   at Microsoft.AspNetCore.RateLimiting.RateLimitingMiddleware.InvokeInternal(HttpContext context, EnableRateLimitingAttribute enableRateLimitingAttribute)
   at Serilog.AspNetCore.RequestLoggingMiddleware.Invoke(HttpContext httpContext)
[2026-09-20 11:19:38.526 +05:30 ERR] Microsoft.AspNetCore.Diagnostics.DeveloperExceptionPageMiddleware: An unhandled exception has occurred while executing the request.
System.InvalidOperationException: The PipeWriter 'ResponseBodyPipeWriter' does not implement PipeWriter.UnflushedBytes.
   at System.Text.Json.ThrowHelper.ThrowInvalidOperationException_PipeWriterDoesNotImplementUnflushedBytes(PipeWriter pipeWriter)
   at System.Text.Json.Serialization.Metadata.JsonTypeInfo`1.SerializeAsync(PipeWriter pipeWriter, T rootValue, Int32 flushThreshold, CancellationToken cancellationToken, Object rootValueBoxed)
   at Microsoft.AspNetCore.Mvc.Formatters.SystemTextJsonOutputFormatter.WriteResponseBodyAsync(OutputFormatterWriteContext context, Encoding selectedEncoding)
   at Microsoft.AspNetCore.Mvc.Infrastructure.ResourceInvoker.<InvokeNextResultFilterAsync>g__Awaited|30_0[TFilter,TFilterAsync](ResourceInvoker invoker, Task lastTask, State next, Scope scope, Object state, Boolean isCompleted)
   at Microsoft.AspNetCore.Mvc.Infrastructure.ResourceInvoker.Rethrow(ResultExecutedContextSealed context)
   at Microsoft.AspNetCore.Mvc.Infrastructure.ResourceInvoker.ResultNext[TFilter,TFilterAsync](State& next, Scope& scope, Object& state, Boolean& isCompleted)
   at Microsoft.AspNetCore.Mvc.Infrastructure.ResourceInvoker.InvokeResultFilters()
--- End of stack trace from previous location ---
   at Microsoft.AspNetCore.Mvc.Infrastructure.ResourceInvoker.<InvokeFilterPipelineAsync>g__Awaited|20_0(ResourceInvoker invoker, Task lastTask, State next, Scope scope, Object state, Boolean isCompleted)
   at Microsoft.AspNetCore.Mvc.Infrastructure.ResourceInvoker.<InvokeAsync>g__Awaited|17_0(ResourceInvoker invoker, Task task, IDisposable scope)
   at Microsoft.AspNetCore.Mvc.Infrastructure.ResourceInvoker.<InvokeAsync>g__Awaited|17_0(ResourceInvoker invoker, Task task, IDisposable scope)
   at Swashbuckle.AspNetCore.SwaggerUI.SwaggerUIMiddleware.Invoke(HttpContext httpContext)
   at Swashbuckle.AspNetCore.Swagger.SwaggerMiddleware.Invoke(HttpContext httpContext, ISwaggerProvider swaggerProvider)
   at Microsoft.AspNetCore.Authorization.AuthorizationMiddleware.Invoke(HttpContext context)
   at Microsoft.AspNetCore.Authentication.AuthenticationMiddleware.Invoke(HttpContext context)
   at Microsoft.AspNetCore.RateLimiting.RateLimitingMiddleware.InvokeInternal(HttpContext context, EnableRateLimitingAttribute enableRateLimitingAttribute)
   at Serilog.AspNetCore.RequestLoggingMiddleware.Invoke(HttpContext httpContext)
   at Microsoft.AspNetCore.Diagnostics.DeveloperExceptionPageMiddlewareImpl.Invoke(HttpContext context)
[2026-09-20 11:19:38.527 +05:30 ERR] Microsoft.AspNetCore.Diagnostics.DeveloperExceptionPageMiddleware: An unhandled exception has occurred while executing the request.
System.InvalidOperationException: The PipeWriter 'ResponseBodyPipeWriter' does not implement PipeWriter.UnflushedBytes.
   at System.Text.Json.ThrowHelper.ThrowInvalidOperationException_PipeWriterDoesNotImplementUnflushedBytes(PipeWriter pipeWriter)
   at System.Text.Json.Serialization.Metadata.JsonTypeInfo`1.SerializeAsync(PipeWriter pipeWriter, T rootValue, Int32 flushThreshold, CancellationToken cancellationToken, Object rootValueBoxed)
   at Microsoft.AspNetCore.Mvc.Formatters.SystemTextJsonOutputFormatter.WriteResponseBodyAsync(OutputFormatterWriteContext context, Encoding selectedEncoding)
   at Microsoft.AspNetCore.Mvc.Infrastructure.ResourceInvoker.<InvokeNextResultFilterAsync>g__Awaited|30_0[TFilter,TFilterAsync](ResourceInvoker invoker, Task lastTask, State next, Scope scope, Object state, Boolean isCompleted)
   at Microsoft.AspNetCore.Mvc.Infrastructure.ResourceInvoker.Rethrow(ResultExecutedContextSealed context)
   at Microsoft.AspNetCore.Mvc.Infrastructure.ResourceInvoker.ResultNext[TFilter,TFilterAsync](State& next, Scope& scope, Object& state, Boolean& isCompleted)
   at Microsoft.AspNetCore.Mvc.Infrastructure.ResourceInvoker.InvokeResultFilters()
--- End of stack trace from previous location ---
   at Microsoft.AspNetCore.Mvc.Infrastructure.ResourceInvoker.<InvokeFilterPipelineAsync>g__Awaited|20_0(ResourceInvoker invoker, Task lastTask, State next, Scope scope, Object state, Boolean isCompleted)
   at Microsoft.AspNetCore.Mvc.Infrastructure.ResourceInvoker.<InvokeAsync>g__Awaited|17_0(ResourceInvoker invoker, Task task, IDisposable scope)
   at Microsoft.AspNetCore.Mvc.Infrastructure.ResourceInvoker.<InvokeAsync>g__Awaited|17_0(ResourceInvoker invoker, Task task, IDisposable scope)
   at Swashbuckle.AspNetCore.SwaggerUI.SwaggerUIMiddleware.Invoke(HttpContext httpContext)
   at Swashbuckle.AspNetCore.Swagger.SwaggerMiddleware.Invoke(HttpContext httpContext, ISwaggerProvider swaggerProvider)
   at Microsoft.AspNetCore.Authorization.AuthorizationMiddleware.Invoke(HttpContext context)
   at Microsoft.AspNetCore.Authentication.AuthenticationMiddleware.Invoke(HttpContext context)
   at Microsoft.AspNetCore.RateLimiting.RateLimitingMiddleware.InvokeInternal(HttpContext context, EnableRateLimitingAttribute enableRateLimitingAttribute)
   at Serilog.AspNetCore.RequestLoggingMiddleware.Invoke(HttpContext httpContext)
   at Microsoft.AspNetCore.Diagnostics.DeveloperExceptionPageMiddlewareImpl.Invoke(HttpContext context)
[2026-09-20 11:19:38.527 +05:30 ERR] Microsoft.AspNetCore.Diagnostics.DeveloperExceptionPageMiddleware: An unhandled exception has occurred while executing the request.
System.InvalidOperationException: The PipeWriter 'ResponseBodyPipeWriter' does not implement PipeWriter.UnflushedBytes.
   at System.Text.Json.ThrowHelper.ThrowInvalidOperationException_PipeWriterDoesNotImplementUnflushedBytes(PipeWriter pipeWriter)
   at System.Text.Json.Serialization.Metadata.JsonTypeInfo`1.SerializeAsync(PipeWriter pipeWriter, T rootValue, Int32 flushThreshold, CancellationToken cancellationToken, Object rootValueBoxed)
   at Microsoft.AspNetCore.Mvc.Formatters.SystemTextJsonOutputFormatter.WriteResponseBodyAsync(OutputFormatterWriteContext context, Encoding selectedEncoding)
   at Microsoft.AspNetCore.Mvc.Infrastructure.ResourceInvoker.<InvokeNextResultFilterAsync>g__Awaited|30_0[TFilter,TFilterAsync](ResourceInvoker invoker, Task lastTask, State next, Scope scope, Object state, Boolean isCompleted)
   at Microsoft.AspNetCore.Mvc.Infrastructure.ResourceInvoker.Rethrow(ResultExecutedContextSealed context)
   at Microsoft.AspNetCore.Mvc.Infrastructure.ResourceInvoker.ResultNext[TFilter,TFilterAsync](State& next, Scope& scope, Object& state, Boolean& isCompleted)
   at Microsoft.AspNetCore.Mvc.Infrastructure.ResourceInvoker.InvokeResultFilters()
--- End of stack trace from previous location ---
   at Microsoft.AspNetCore.Mvc.Infrastructure.ResourceInvoker.<InvokeFilterPipelineAsync>g__Awaited|20_0(ResourceInvoker invoker, Task lastTask, State next, Scope scope, Object state, Boolean isCompleted)
   at Microsoft.AspNetCore.Mvc.Infrastructure.ResourceInvoker.<InvokeAsync>g__Awaited|17_0(ResourceInvoker invoker, Task task, IDisposable scope)
   at Microsoft.AspNetCore.Mvc.Infrastructure.ResourceInvoker.<InvokeAsync>g__Awaited|17_0(ResourceInvoker invoker, Task task, IDisposable scope)
   at Swashbuckle.AspNetCore.SwaggerUI.SwaggerUIMiddleware.Invoke(HttpContext httpContext)
   at Swashbuckle.AspNetCore.Swagger.SwaggerMiddleware.Invoke(HttpContext httpContext, ISwaggerProvider swaggerProvider)
   at Microsoft.AspNetCore.Authorization.AuthorizationMiddleware.Invoke(HttpContext context)
   at Microsoft.AspNetCore.Authentication.AuthenticationMiddleware.Invoke(HttpContext context)
   at Microsoft.AspNetCore.RateLimiting.RateLimitingMiddleware.InvokeInternal(HttpContext context, EnableRateLimitingAttribute enableRateLimitingAttribute)
   at Serilog.AspNetCore.RequestLoggingMiddleware.Invoke(HttpContext httpContext)
   at Microsoft.AspNetCore.Diagnostics.DeveloperExceptionPageMiddlewareImpl.Invoke(HttpContext context)
[2026-09-20 11:19:38.528 +05:30 INF] Serilog.AspNetCore.RequestLoggingMiddleware: HTTP POST /api/users responded 401 in 0.3795 ms
[2026-09-20 11:19:38.529 +05:30 INF] Serilog.AspNetCore.RequestLoggingMiddleware: HTTP GET /api/users responded 401 in 0.1196 ms
[2026-09-20 11:19:38.530 +05:30 WRN] Kestrel.Api.Controllers.AuthController: Audit: login failed (unknown user) for viewer_9f048993769a4177a7012ccbac3c9c61 from unknown
[2026-09-20 11:19:38.530 +05:30 ERR] Serilog.AspNetCore.RequestLoggingMiddleware: HTTP POST /api/auth/login responded 500 in 1.4005 ms
System.InvalidOperationException: The PipeWriter 'ResponseBodyPipeWriter' does not implement PipeWriter.UnflushedBytes.
   at System.Text.Json.ThrowHelper.ThrowInvalidOperationException_PipeWriterDoesNotImplementUnflushedBytes(PipeWriter pipeWriter)
   at System.Text.Json.Serialization.Metadata.JsonTypeInfo`1.SerializeAsync(PipeWriter pipeWriter, T rootValue, Int32 flushThreshold, CancellationToken cancellationToken, Object rootValueBoxed)
   at Microsoft.AspNetCore.Mvc.Formatters.SystemTextJsonOutputFormatter.WriteResponseBodyAsync(OutputFormatterWriteContext context, Encoding selectedEncoding)
   at Microsoft.AspNetCore.Mvc.Infrastructure.ResourceInvoker.<InvokeNextResultFilterAsync>g__Awaited|30_0[TFilter,TFilterAsync](ResourceInvoker invoker, Task lastTask, State next, Scope scope, Object state, Boolean isCompleted)
   at Microsoft.AspNetCore.Mvc.Infrastructure.ResourceInvoker.Rethrow(ResultExecutedContextSealed context)
   at Microsoft.AspNetCore.Mvc.Infrastructure.ResourceInvoker.ResultNext[TFilter,TFilterAsync](State& next, Scope& scope, Object& state, Boolean& isCompleted)
   at Microsoft.AspNetCore.Mvc.Infrastructure.ResourceInvoker.InvokeResultFilters()
--- End of stack trace from previous location ---
   at Microsoft.AspNetCore.Mvc.Infrastructure.ResourceInvoker.<InvokeFilterPipelineAsync>g__Awaited|20_0(ResourceInvoker invoker, Task lastTask, State next, Scope scope, Object state, Boolean isCompleted)
   at Microsoft.AspNetCore.Mvc.Infrastructure.ResourceInvoker.<InvokeAsync>g__Awaited|17_0(ResourceInvoker invoker, Task task, IDisposable scope)
   at Microsoft.AspNetCore.Mvc.Infrastructure.ResourceInvoker.<InvokeAsync>g__Awaited|17_0(ResourceInvoker invoker, Task task, IDisposable scope)
   at Swashbuckle.AspNetCore.SwaggerUI.SwaggerUIMiddleware.Invoke(HttpContext httpContext)
   at Swashbuckle.AspNetCore.Swagger.SwaggerMiddleware.Invoke(HttpContext httpContext, ISwaggerProvider swaggerProvider)
   at Microsoft.AspNetCore.Authorization.AuthorizationMiddleware.Invoke(HttpContext context)
   at Microsoft.AspNetCore.Authentication.AuthenticationMiddleware.Invoke(HttpContext context)
   at Microsoft.AspNetCore.RateLimiting.RateLimitingMiddleware.InvokeInternal(HttpContext context, EnableRateLimitingAttribute enableRateLimitingAttribute)
   at Serilog.AspNetCore.RequestLoggingMiddleware.Invoke(HttpContext httpContext)
[2026-09-20 11:19:38.531 +05:30 ERR] Microsoft.AspNetCore.Diagnostics.DeveloperExceptionPageMiddleware: An unhandled exception has occurred while executing the request.
System.InvalidOperationException: The PipeWriter 'ResponseBodyPipeWriter' does not implement PipeWriter.UnflushedBytes.
   at System.Text.Json.ThrowHelper.ThrowInvalidOperationException_PipeWriterDoesNotImplementUnflushedBytes(PipeWriter pipeWriter)
   at System.Text.Json.Serialization.Metadata.JsonTypeInfo`1.SerializeAsync(PipeWriter pipeWriter, T rootValue, Int32 flushThreshold, CancellationToken cancellationToken, Object rootValueBoxed)
   at Microsoft.AspNetCore.Mvc.Formatters.SystemTextJsonOutputFormatter.WriteResponseBodyAsync(OutputFormatterWriteContext context, Encoding selectedEncoding)
   at Microsoft.AspNetCore.Mvc.Infrastructure.ResourceInvoker.<InvokeNextResultFilterAsync>g__Awaited|30_0[TFilter,TFilterAsync](ResourceInvoker invoker, Task lastTask, State next, Scope scope, Object state, Boolean isCompleted)
   at Microsoft.AspNetCore.Mvc.Infrastructure.ResourceInvoker.Rethrow(ResultExecutedContextSealed context)
   at Microsoft.AspNetCore.Mvc.Infrastructure.ResourceInvoker.ResultNext[TFilter,TFilterAsync](State& next, Scope& scope, Object& state, Boolean& isCompleted)
   at Microsoft.AspNetCore.Mvc.Infrastructure.ResourceInvoker.InvokeResultFilters()
--- End of stack trace from previous location ---
   at Microsoft.AspNetCore.Mvc.Infrastructure.ResourceInvoker.<InvokeFilterPipelineAsync>g__Awaited|20_0(ResourceInvoker invoker, Task lastTask, State next, Scope scope, Object state, Boolean isCompleted)
   at Microsoft.AspNetCore.Mvc.Infrastructure.ResourceInvoker.<InvokeAsync>g__Awaited|17_0(ResourceInvoker invoker, Task task, IDisposable scope)
   at Microsoft.AspNetCore.Mvc.Infrastructure.ResourceInvoker.<InvokeAsync>g__Awaited|17_0(ResourceInvoker invoker, Task task, IDisposable scope)
   at Swashbuckle.AspNetCore.SwaggerUI.SwaggerUIMiddleware.Invoke(HttpContext httpContext)
   at Swashbuckle.AspNetCore.Swagger.SwaggerMiddleware.Invoke(HttpContext httpContext, ISwaggerProvider swaggerProvider)
   at Microsoft.AspNetCore.Authorization.AuthorizationMiddleware.Invoke(HttpContext context)
   at Microsoft.AspNetCore.Authentication.AuthenticationMiddleware.Invoke(HttpContext context)
   at Microsoft.AspNetCore.RateLimiting.RateLimitingMiddleware.InvokeInternal(HttpContext context, EnableRateLimitingAttribute enableRateLimitingAttribute)
   at Serilog.AspNetCore.RequestLoggingMiddleware.Invoke(HttpContext httpContext)
   at Microsoft.AspNetCore.Diagnostics.DeveloperExceptionPageMiddlewareImpl.Invoke(HttpContext context)
[2026-09-20 11:19:38.532 +05:30 INF] Serilog.AspNetCore.RequestLoggingMiddleware: HTTP GET /api/events responded 401 in 0.0894 ms
[2026-09-20 11:19:38.584 +05:30 INF] Kestrel.Api.Controllers.AuthController: Audit: login succeeded for admin (fc641df7-0ab1-4728-b030-08bc32ea4f1f) from unknown
[2026-09-20 11:19:38.584 +05:30 ERR] Serilog.AspNetCore.RequestLoggingMiddleware: HTTP POST /api/auth/login responded 500 in 54.5734 ms
System.InvalidOperationException: The PipeWriter 'ResponseBodyPipeWriter' does not implement PipeWriter.UnflushedBytes.
   at System.Text.Json.ThrowHelper.ThrowInvalidOperationException_PipeWriterDoesNotImplementUnflushedBytes(PipeWriter pipeWriter)
   at System.Text.Json.Serialization.Metadata.JsonTypeInfo`1.SerializeAsync(PipeWriter pipeWriter, T rootValue, Int32 flushThreshold, CancellationToken cancellationToken, Object rootValueBoxed)
   at Microsoft.AspNetCore.Mvc.Formatters.SystemTextJsonOutputFormatter.WriteResponseBodyAsync(OutputFormatterWriteContext context, Encoding selectedEncoding)
   at Microsoft.AspNetCore.Mvc.Infrastructure.ResourceInvoker.<InvokeNextResultFilterAsync>g__Awaited|30_0[TFilter,TFilterAsync](ResourceInvoker invoker, Task lastTask, State next, Scope scope, Object state, Boolean isCompleted)
   at Microsoft.AspNetCore.Mvc.Infrastructure.ResourceInvoker.Rethrow(ResultExecutedContextSealed context)
   at Microsoft.AspNetCore.Mvc.Infrastructure.ResourceInvoker.ResultNext[TFilter,TFilterAsync](State& next, Scope& scope, Object& state, Boolean& isCompleted)
   at Microsoft.AspNetCore.Mvc.Infrastructure.ResourceInvoker.InvokeResultFilters()
--- End of stack trace from previous location ---
   at Microsoft.AspNetCore.Mvc.Infrastructure.ResourceInvoker.<InvokeFilterPipelineAsync>g__Awaited|20_0(ResourceInvoker invoker, Task lastTask, State next, Scope scope, Object state, Boolean isCompleted)
   at Microsoft.AspNetCore.Mvc.Infrastructure.ResourceInvoker.<InvokeAsync>g__Awaited|17_0(ResourceInvoker invoker, Task task, IDisposable scope)
   at Microsoft.AspNetCore.Mvc.Infrastructure.ResourceInvoker.<InvokeAsync>g__Awaited|17_0(ResourceInvoker invoker, Task task, IDisposable scope)
   at Swashbuckle.AspNetCore.SwaggerUI.SwaggerUIMiddleware.Invoke(HttpContext httpContext)
   at Swashbuckle.AspNetCore.Swagger.SwaggerMiddleware.Invoke(HttpContext httpContext, ISwaggerProvider swaggerProvider)
   at Microsoft.AspNetCore.Authorization.AuthorizationMiddleware.Invoke(HttpContext context)
   at Microsoft.AspNetCore.Authentication.AuthenticationMiddleware.Invoke(HttpContext context)
   at Microsoft.AspNetCore.RateLimiting.RateLimitingMiddleware.InvokeInternal(HttpContext context, EnableRateLimitingAttribute enableRateLimitingAttribute)
   at Serilog.AspNetCore.RequestLoggingMiddleware.Invoke(HttpContext httpContext)
[2026-09-20 11:19:38.584 +05:30 INF] Kestrel.Api.Controllers.AuthController: Audit: login succeeded for admin (6f04aa45-c0b4-4f2e-a790-7823145f0b8e) from unknown
[2026-09-20 11:19:38.585 +05:30 ERR] Microsoft.AspNetCore.Diagnostics.DeveloperExceptionPageMiddleware: An unhandled exception has occurred while executing the request.
System.InvalidOperationException: The PipeWriter 'ResponseBodyPipeWriter' does not implement PipeWriter.UnflushedBytes.
   at System.Text.Json.ThrowHelper.ThrowInvalidOperationException_PipeWriterDoesNotImplementUnflushedBytes(PipeWriter pipeWriter)
   at System.Text.Json.Serialization.Metadata.JsonTypeInfo`1.SerializeAsync(PipeWriter pipeWriter, T rootValue, Int32 flushThreshold, CancellationToken cancellationToken, Object rootValueBoxed)
   at Microsoft.AspNetCore.Mvc.Formatters.SystemTextJsonOutputFormatter.WriteResponseBodyAsync(OutputFormatterWriteContext context, Encoding selectedEncoding)
   at Microsoft.AspNetCore.Mvc.Infrastructure.ResourceInvoker.<InvokeNextResultFilterAsync>g__Awaited|30_0[TFilter,TFilterAsync](ResourceInvoker invoker, Task lastTask, State next, Scope scope, Object state, Boolean isCompleted)
   at Microsoft.AspNetCore.Mvc.Infrastructure.ResourceInvoker.Rethrow(ResultExecutedContextSealed context)
   at Microsoft.AspNetCore.Mvc.Infrastructure.ResourceInvoker.ResultNext[TFilter,TFilterAsync](State& next, Scope& scope, Object& state, Boolean& isCompleted)
   at Microsoft.AspNetCore.Mvc.Infrastructure.ResourceInvoker.InvokeResultFilters()
--- End of stack trace from previous location ---
   at Microsoft.AspNetCore.Mvc.Infrastructure.ResourceInvoker.<InvokeFilterPipelineAsync>g__Awaited|20_0(ResourceInvoker invoker, Task lastTask, State next, Scope scope, Object state, Boolean isCompleted)
   at Microsoft.AspNetCore.Mvc.Infrastructure.ResourceInvoker.<InvokeAsync>g__Awaited|17_0(ResourceInvoker invoker, Task task, IDisposable scope)
   at Microsoft.AspNetCore.Mvc.Infrastructure.ResourceInvoker.<InvokeAsync>g__Awaited|17_0(ResourceInvoker invoker, Task task, IDisposable scope)
   at Swashbuckle.AspNetCore.SwaggerUI.SwaggerUIMiddleware.Invoke(HttpContext httpContext)
   at Swashbuckle.AspNetCore.Swagger.SwaggerMiddleware.Invoke(HttpContext httpContext, ISwaggerProvider swaggerProvider)
   at Microsoft.AspNetCore.Authorization.AuthorizationMiddleware.Invoke(HttpContext context)
   at Microsoft.AspNetCore.Authentication.AuthenticationMiddleware.Invoke(HttpContext context)
   at Microsoft.AspNetCore.RateLimiting.RateLimitingMiddleware.InvokeInternal(HttpContext context, EnableRateLimitingAttribute enableRateLimitingAttribute)
   at Serilog.AspNetCore.RequestLoggingMiddleware.Invoke(HttpContext httpContext)
   at Microsoft.AspNetCore.Diagnostics.DeveloperExceptionPageMiddlewareImpl.Invoke(HttpContext context)
[2026-09-20 11:19:38.585 +05:30 ERR] Serilog.AspNetCore.RequestLoggingMiddleware: HTTP POST /api/auth/login responded 500 in 53.9684 ms
System.InvalidOperationException: The PipeWriter 'ResponseBodyPipeWriter' does not implement PipeWriter.UnflushedBytes.
   at System.Text.Json.ThrowHelper.ThrowInvalidOperationException_PipeWriterDoesNotImplementUnflushedBytes(PipeWriter pipeWriter)
   at System.Text.Json.Serialization.Metadata.JsonTypeInfo`1.SerializeAsync(PipeWriter pipeWriter, T rootValue, Int32 flushThreshold, CancellationToken cancellationToken, Object rootValueBoxed)
   at Microsoft.AspNetCore.Mvc.Formatters.SystemTextJsonOutputFormatter.WriteResponseBodyAsync(OutputFormatterWriteContext context, Encoding selectedEncoding)
   at Microsoft.AspNetCore.Mvc.Infrastructure.ResourceInvoker.<InvokeNextResultFilterAsync>g__Awaited|30_0[TFilter,TFilterAsync](ResourceInvoker invoker, Task lastTask, State next, Scope scope, Object state, Boolean isCompleted)
   at Microsoft.AspNetCore.Mvc.Infrastructure.ResourceInvoker.Rethrow(ResultExecutedContextSealed context)
   at Microsoft.AspNetCore.Mvc.Infrastructure.ResourceInvoker.ResultNext[TFilter,TFilterAsync](State& next, Scope& scope, Object& state, Boolean& isCompleted)
   at Microsoft.AspNetCore.Mvc.Infrastructure.ResourceInvoker.InvokeResultFilters()
--- End of stack trace from previous location ---
   at Microsoft.AspNetCore.Mvc.Infrastructure.ResourceInvoker.<InvokeFilterPipelineAsync>g__Awaited|20_0(ResourceInvoker invoker, Task lastTask, State next, Scope scope, Object state, Boolean isCompleted)
   at Microsoft.AspNetCore.Mvc.Infrastructure.ResourceInvoker.<InvokeAsync>g__Awaited|17_0(ResourceInvoker invoker, Task task, IDisposable scope)
   at Microsoft.AspNetCore.Mvc.Infrastructure.ResourceInvoker.<InvokeAsync>g__Awaited|17_0(ResourceInvoker invoker, Task task, IDisposable scope)
   at Swashbuckle.AspNetCore.SwaggerUI.SwaggerUIMiddleware.Invoke(HttpContext httpContext)
   at Swashbuckle.AspNetCore.Swagger.SwaggerMiddleware.Invoke(HttpContext httpContext, ISwaggerProvider swaggerProvider)
   at Microsoft.AspNetCore.Authorization.AuthorizationMiddleware.Invoke(HttpContext context)
   at Microsoft.AspNetCore.Authentication.AuthenticationMiddleware.Invoke(HttpContext context)
   at Microsoft.AspNetCore.RateLimiting.RateLimitingMiddleware.InvokeInternal(HttpContext context, EnableRateLimitingAttribute enableRateLimitingAttribute)
   at Serilog.AspNetCore.RequestLoggingMiddleware.Invoke(HttpContext httpContext)
[2026-09-20 11:19:38.585 +05:30 ERR] Microsoft.AspNetCore.Diagnostics.DeveloperExceptionPageMiddleware: An unhandled exception has occurred while executing the request.
System.InvalidOperationException: The PipeWriter 'ResponseBodyPipeWriter' does not implement PipeWriter.UnflushedBytes.
   at System.Text.Json.ThrowHelper.ThrowInvalidOperationException_PipeWriterDoesNotImplementUnflushedBytes(PipeWriter pipeWriter)
   at System.Text.Json.Serialization.Metadata.JsonTypeInfo`1.SerializeAsync(PipeWriter pipeWriter, T rootValue, Int32 flushThreshold, CancellationToken cancellationToken, Object rootValueBoxed)
   at Microsoft.AspNetCore.Mvc.Formatters.SystemTextJsonOutputFormatter.WriteResponseBodyAsync(OutputFormatterWriteContext context, Encoding selectedEncoding)
   at Microsoft.AspNetCore.Mvc.Infrastructure.ResourceInvoker.<InvokeNextResultFilterAsync>g__Awaited|30_0[TFilter,TFilterAsync](ResourceInvoker invoker, Task lastTask, State next, Scope scope, Object state, Boolean isCompleted)
   at Microsoft.AspNetCore.Mvc.Infrastructure.ResourceInvoker.Rethrow(ResultExecutedContextSealed context)
   at Microsoft.AspNetCore.Mvc.Infrastructure.ResourceInvoker.ResultNext[TFilter,TFilterAsync](State& next, Scope& scope, Object& state, Boolean& isCompleted)
   at Microsoft.AspNetCore.Mvc.Infrastructure.ResourceInvoker.InvokeResultFilters()
--- End of stack trace from previous location ---
   at Microsoft.AspNetCore.Mvc.Infrastructure.ResourceInvoker.<InvokeFilterPipelineAsync>g__Awaited|20_0(ResourceInvoker invoker, Task lastTask, State next, Scope scope, Object state, Boolean isCompleted)
   at Microsoft.AspNetCore.Mvc.Infrastructure.ResourceInvoker.<InvokeAsync>g__Awaited|17_0(ResourceInvoker invoker, Task task, IDisposable scope)
   at Microsoft.AspNetCore.Mvc.Infrastructure.ResourceInvoker.<InvokeAsync>g__Awaited|17_0(ResourceInvoker invoker, Task task, IDisposable scope)
   at Swashbuckle.AspNetCore.SwaggerUI.SwaggerUIMiddleware.Invoke(HttpContext httpContext)
   at Swashbuckle.AspNetCore.Swagger.SwaggerMiddleware.Invoke(HttpContext httpContext, ISwaggerProvider swaggerProvider)
   at Microsoft.AspNetCore.Authorization.AuthorizationMiddleware.Invoke(HttpContext context)
   at Microsoft.AspNetCore.Authentication.AuthenticationMiddleware.Invoke(HttpContext context)
   at Microsoft.AspNetCore.RateLimiting.RateLimitingMiddleware.InvokeInternal(HttpContext context, EnableRateLimitingAttribute enableRateLimitingAttribute)
   at Serilog.AspNetCore.RequestLoggingMiddleware.Invoke(HttpContext httpContext)
   at Microsoft.AspNetCore.Diagnostics.DeveloperExceptionPageMiddlewareImpl.Invoke(HttpContext context)
[2026-09-20 11:19:38.589 +05:30 INF] Kestrel.Api.Controllers.AuthController: Audit: login succeeded for admin (513f61b6-ac86-46aa-85c9-e0c12ea11686) from unknown
[2026-09-20 11:19:38.589 +05:30 ERR] Serilog.AspNetCore.RequestLoggingMiddleware: HTTP POST /api/auth/login responded 500 in 55.8939 ms
System.InvalidOperationException: The PipeWriter 'ResponseBodyPipeWriter' does not implement PipeWriter.UnflushedBytes.
   at System.Text.Json.ThrowHelper.ThrowInvalidOperationException_PipeWriterDoesNotImplementUnflushedBytes(PipeWriter pipeWriter)
   at System.Text.Json.Serialization.Metadata.JsonTypeInfo`1.SerializeAsync(PipeWriter pipeWriter, T rootValue, Int32 flushThreshold, CancellationToken cancellationToken, Object rootValueBoxed)
   at Microsoft.AspNetCore.Mvc.Formatters.SystemTextJsonOutputFormatter.WriteResponseBodyAsync(OutputFormatterWriteContext context, Encoding selectedEncoding)
   at Microsoft.AspNetCore.Mvc.Infrastructure.ResourceInvoker.<InvokeNextResultFilterAsync>g__Awaited|30_0[TFilter,TFilterAsync](ResourceInvoker invoker, Task lastTask, State next, Scope scope, Object state, Boolean isCompleted)
   at Microsoft.AspNetCore.Mvc.Infrastructure.ResourceInvoker.Rethrow(ResultExecutedContextSealed context)
   at Microsoft.AspNetCore.Mvc.Infrastructure.ResourceInvoker.ResultNext[TFilter,TFilterAsync](State& next, Scope& scope, Object& state, Boolean& isCompleted)
   at Microsoft.AspNetCore.Mvc.Infrastructure.ResourceInvoker.InvokeResultFilters()
--- End of stack trace from previous location ---
   at Microsoft.AspNetCore.Mvc.Infrastructure.ResourceInvoker.<InvokeFilterPipelineAsync>g__Awaited|20_0(ResourceInvoker invoker, Task lastTask, State next, Scope scope, Object state, Boolean isCompleted)
   at Microsoft.AspNetCore.Mvc.Infrastructure.ResourceInvoker.<InvokeAsync>g__Awaited|17_0(ResourceInvoker invoker, Task task, IDisposable scope)
   at Microsoft.AspNetCore.Mvc.Infrastructure.ResourceInvoker.<InvokeAsync>g__Awaited|17_0(ResourceInvoker invoker, Task task, IDisposable scope)
   at Swashbuckle.AspNetCore.SwaggerUI.SwaggerUIMiddleware.Invoke(HttpContext httpContext)
   at Swashbuckle.AspNetCore.Swagger.SwaggerMiddleware.Invoke(HttpContext httpContext, ISwaggerProvider swaggerProvider)
   at Microsoft.AspNetCore.Authorization.AuthorizationMiddleware.Invoke(HttpContext context)
   at Microsoft.AspNetCore.Authentication.AuthenticationMiddleware.Invoke(HttpContext context)
   at Microsoft.AspNetCore.RateLimiting.RateLimitingMiddleware.InvokeInternal(HttpContext context, EnableRateLimitingAttribute enableRateLimitingAttribute)
   at Serilog.AspNetCore.RequestLoggingMiddleware.Invoke(HttpContext httpContext)
[2026-09-20 11:19:38.590 +05:30 ERR] Microsoft.AspNetCore.Diagnostics.DeveloperExceptionPageMiddleware: An unhandled exception has occurred while executing the request.
System.InvalidOperationException: The PipeWriter 'ResponseBodyPipeWriter' does not implement PipeWriter.UnflushedBytes.
   at System.Text.Json.ThrowHelper.ThrowInvalidOperationException_PipeWriterDoesNotImplementUnflushedBytes(PipeWriter pipeWriter)
   at System.Text.Json.Serialization.Metadata.JsonTypeInfo`1.SerializeAsync(PipeWriter pipeWriter, T rootValue, Int32 flushThreshold, CancellationToken cancellationToken, Object rootValueBoxed)
   at Microsoft.AspNetCore.Mvc.Formatters.SystemTextJsonOutputFormatter.WriteResponseBodyAsync(OutputFormatterWriteContext context, Encoding selectedEncoding)
   at Microsoft.AspNetCore.Mvc.Infrastructure.ResourceInvoker.<InvokeNextResultFilterAsync>g__Awaited|30_0[TFilter,TFilterAsync](ResourceInvoker invoker, Task lastTask, State next, Scope scope, Object state, Boolean isCompleted)
   at Microsoft.AspNetCore.Mvc.Infrastructure.ResourceInvoker.Rethrow(ResultExecutedContextSealed context)
   at Microsoft.AspNetCore.Mvc.Infrastructure.ResourceInvoker.ResultNext[TFilter,TFilterAsync](State& next, Scope& scope, Object& state, Boolean& isCompleted)
   at Microsoft.AspNetCore.Mvc.Infrastructure.ResourceInvoker.InvokeResultFilters()
--- End of stack trace from previous location ---
   at Microsoft.AspNetCore.Mvc.Infrastructure.ResourceInvoker.<InvokeFilterPipelineAsync>g__Awaited|20_0(ResourceInvoker invoker, Task lastTask, State next, Scope scope, Object state, Boolean isCompleted)
   at Microsoft.AspNetCore.Mvc.Infrastructure.ResourceInvoker.<InvokeAsync>g__Awaited|17_0(ResourceInvoker invoker, Task task, IDisposable scope)
   at Microsoft.AspNetCore.Mvc.Infrastructure.ResourceInvoker.<InvokeAsync>g__Awaited|17_0(ResourceInvoker invoker, Task task, IDisposable scope)
   at Swashbuckle.AspNetCore.SwaggerUI.SwaggerUIMiddleware.Invoke(HttpContext httpContext)
   at Swashbuckle.AspNetCore.Swagger.SwaggerMiddleware.Invoke(HttpContext httpContext, ISwaggerProvider swaggerProvider)
   at Microsoft.AspNetCore.Authorization.AuthorizationMiddleware.Invoke(HttpContext context)
   at Microsoft.AspNetCore.Authentication.AuthenticationMiddleware.Invoke(HttpContext context)
   at Microsoft.AspNetCore.RateLimiting.RateLimitingMiddleware.InvokeInternal(HttpContext context, EnableRateLimitingAttribute enableRateLimitingAttribute)
   at Serilog.AspNetCore.RequestLoggingMiddleware.Invoke(HttpContext httpContext)
   at Microsoft.AspNetCore.Diagnostics.DeveloperExceptionPageMiddlewareImpl.Invoke(HttpContext context)
[2026-09-20 11:19:38.642 +05:30 INF] Kestrel.Api.Controllers.AuthController: Audit: login succeeded for admin (6f04aa45-c0b4-4f2e-a790-7823145f0b8e) from unknown
[2026-09-20 11:19:38.643 +05:30 INF] Kestrel.Api.Controllers.AuthController: Audit: login succeeded for admin (fc641df7-0ab1-4728-b030-08bc32ea4f1f) from unknown
[2026-09-20 11:19:38.643 +05:30 ERR] Serilog.AspNetCore.RequestLoggingMiddleware: HTTP POST /api/auth/login responded 500 in 55.2985 ms
System.InvalidOperationException: The PipeWriter 'ResponseBodyPipeWriter' does not implement PipeWriter.UnflushedBytes.
   at System.Text.Json.ThrowHelper.ThrowInvalidOperationException_PipeWriterDoesNotImplementUnflushedBytes(PipeWriter pipeWriter)
   at System.Text.Json.Serialization.Metadata.JsonTypeInfo`1.SerializeAsync(PipeWriter pipeWriter, T rootValue, Int32 flushThreshold, CancellationToken cancellationToken, Object rootValueBoxed)
   at Microsoft.AspNetCore.Mvc.Formatters.SystemTextJsonOutputFormatter.WriteResponseBodyAsync(OutputFormatterWriteContext context, Encoding selectedEncoding)
   at Microsoft.AspNetCore.Mvc.Infrastructure.ResourceInvoker.<InvokeNextResultFilterAsync>g__Awaited|30_0[TFilter,TFilterAsync](ResourceInvoker invoker, Task lastTask, State next, Scope scope, Object state, Boolean isCompleted)
   at Microsoft.AspNetCore.Mvc.Infrastructure.ResourceInvoker.Rethrow(ResultExecutedContextSealed context)
   at Microsoft.AspNetCore.Mvc.Infrastructure.ResourceInvoker.ResultNext[TFilter,TFilterAsync](State& next, Scope& scope, Object& state, Boolean& isCompleted)
   at Microsoft.AspNetCore.Mvc.Infrastructure.ResourceInvoker.InvokeResultFilters()
--- End of stack trace from previous location ---
   at Microsoft.AspNetCore.Mvc.Infrastructure.ResourceInvoker.<InvokeFilterPipelineAsync>g__Awaited|20_0(ResourceInvoker invoker, Task lastTask, State next, Scope scope, Object state, Boolean isCompleted)
   at Microsoft.AspNetCore.Mvc.Infrastructure.ResourceInvoker.<InvokeAsync>g__Awaited|17_0(ResourceInvoker invoker, Task task, IDisposable scope)
   at Microsoft.AspNetCore.Mvc.Infrastructure.ResourceInvoker.<InvokeAsync>g__Awaited|17_0(ResourceInvoker invoker, Task task, IDisposable scope)
   at Swashbuckle.AspNetCore.SwaggerUI.SwaggerUIMiddleware.Invoke(HttpContext httpContext)
   at Swashbuckle.AspNetCore.Swagger.SwaggerMiddleware.Invoke(HttpContext httpContext, ISwaggerProvider swaggerProvider)
   at Microsoft.AspNetCore.Authorization.AuthorizationMiddleware.Invoke(HttpContext context)
   at Microsoft.AspNetCore.Authentication.AuthenticationMiddleware.Invoke(HttpContext context)
   at Microsoft.AspNetCore.RateLimiting.RateLimitingMiddleware.InvokeInternal(HttpContext context, EnableRateLimitingAttribute enableRateLimitingAttribute)
   at Serilog.AspNetCore.RequestLoggingMiddleware.Invoke(HttpContext httpContext)
[2026-09-20 11:19:38.643 +05:30 ERR] Serilog.AspNetCore.RequestLoggingMiddleware: HTTP POST /api/auth/login responded 500 in 56.0566 ms
System.InvalidOperationException: The PipeWriter 'ResponseBodyPipeWriter' does not implement PipeWriter.UnflushedBytes.
   at System.Text.Json.ThrowHelper.ThrowInvalidOperationException_PipeWriterDoesNotImplementUnflushedBytes(PipeWriter pipeWriter)
   at System.Text.Json.Serialization.Metadata.JsonTypeInfo`1.SerializeAsync(PipeWriter pipeWriter, T rootValue, Int32 flushThreshold, CancellationToken cancellationToken, Object rootValueBoxed)
   at Microsoft.AspNetCore.Mvc.Formatters.SystemTextJsonOutputFormatter.WriteResponseBodyAsync(OutputFormatterWriteContext context, Encoding selectedEncoding)
   at Microsoft.AspNetCore.Mvc.Infrastructure.ResourceInvoker.<InvokeNextResultFilterAsync>g__Awaited|30_0[TFilter,TFilterAsync](ResourceInvoker invoker, Task lastTask, State next, Scope scope, Object state, Boolean isCompleted)
   at Microsoft.AspNetCore.Mvc.Infrastructure.ResourceInvoker.Rethrow(ResultExecutedContextSealed context)
   at Microsoft.AspNetCore.Mvc.Infrastructure.ResourceInvoker.ResultNext[TFilter,TFilterAsync](State& next, Scope& scope, Object& state, Boolean& isCompleted)
   at Microsoft.AspNetCore.Mvc.Infrastructure.ResourceInvoker.InvokeResultFilters()
--- End of stack trace from previous location ---
   at Microsoft.AspNetCore.Mvc.Infrastructure.ResourceInvoker.<InvokeFilterPipelineAsync>g__Awaited|20_0(ResourceInvoker invoker, Task lastTask, State next, Scope scope, Object state, Boolean isCompleted)
   at Microsoft.AspNetCore.Mvc.Infrastructure.ResourceInvoker.<InvokeAsync>g__Awaited|17_0(ResourceInvoker invoker, Task task, IDisposable scope)
   at Microsoft.AspNetCore.Mvc.Infrastructure.ResourceInvoker.<InvokeAsync>g__Awaited|17_0(ResourceInvoker invoker, Task task, IDisposable scope)
   at Swashbuckle.AspNetCore.SwaggerUI.SwaggerUIMiddleware.Invoke(HttpContext httpContext)
   at Swashbuckle.AspNetCore.Swagger.SwaggerMiddleware.Invoke(HttpContext httpContext, ISwaggerProvider swaggerProvider)
   at Microsoft.AspNetCore.Authorization.AuthorizationMiddleware.Invoke(HttpContext context)
   at Microsoft.AspNetCore.Authentication.AuthenticationMiddleware.Invoke(HttpContext context)
   at Microsoft.AspNetCore.RateLimiting.RateLimitingMiddleware.InvokeInternal(HttpContext context, EnableRateLimitingAttribute enableRateLimitingAttribute)
   at Serilog.AspNetCore.RequestLoggingMiddleware.Invoke(HttpContext httpContext)
[2026-09-20 11:19:38.644 +05:30 ERR] Microsoft.AspNetCore.Diagnostics.DeveloperExceptionPageMiddleware: An unhandled exception has occurred while executing the request.
System.InvalidOperationException: The PipeWriter 'ResponseBodyPipeWriter' does not implement PipeWriter.UnflushedBytes.
   at System.Text.Json.ThrowHelper.ThrowInvalidOperationException_PipeWriterDoesNotImplementUnflushedBytes(PipeWriter pipeWriter)
   at System.Text.Json.Serialization.Metadata.JsonTypeInfo`1.SerializeAsync(PipeWriter pipeWriter, T rootValue, Int32 flushThreshold, CancellationToken cancellationToken, Object rootValueBoxed)
   at Microsoft.AspNetCore.Mvc.Formatters.SystemTextJsonOutputFormatter.WriteResponseBodyAsync(OutputFormatterWriteContext context, Encoding selectedEncoding)
   at Microsoft.AspNetCore.Mvc.Infrastructure.ResourceInvoker.<InvokeNextResultFilterAsync>g__Awaited|30_0[TFilter,TFilterAsync](ResourceInvoker invoker, Task lastTask, State next, Scope scope, Object state, Boolean isCompleted)
   at Microsoft.AspNetCore.Mvc.Infrastructure.ResourceInvoker.Rethrow(ResultExecutedContextSealed context)
   at Microsoft.AspNetCore.Mvc.Infrastructure.ResourceInvoker.ResultNext[TFilter,TFilterAsync](State& next, Scope& scope, Object& state, Boolean& isCompleted)
   at Microsoft.AspNetCore.Mvc.Infrastructure.ResourceInvoker.InvokeResultFilters()
--- End of stack trace from previous location ---
   at Microsoft.AspNetCore.Mvc.Infrastructure.ResourceInvoker.<InvokeFilterPipelineAsync>g__Awaited|20_0(ResourceInvoker invoker, Task lastTask, State next, Scope scope, Object state, Boolean isCompleted)
   at Microsoft.AspNetCore.Mvc.Infrastructure.ResourceInvoker.<InvokeAsync>g__Awaited|17_0(ResourceInvoker invoker, Task task, IDisposable scope)
   at Microsoft.AspNetCore.Mvc.Infrastructure.ResourceInvoker.<InvokeAsync>g__Awaited|17_0(ResourceInvoker invoker, Task task, IDisposable scope)
   at Swashbuckle.AspNetCore.SwaggerUI.SwaggerUIMiddleware.Invoke(HttpContext httpContext)
   at Swashbuckle.AspNetCore.Swagger.SwaggerMiddleware.Invoke(HttpContext httpContext, ISwaggerProvider swaggerProvider)
   at Microsoft.AspNetCore.Authorization.AuthorizationMiddleware.Invoke(HttpContext context)
   at Microsoft.AspNetCore.Authentication.AuthenticationMiddleware.Invoke(HttpContext context)
   at Microsoft.AspNetCore.RateLimiting.RateLimitingMiddleware.InvokeInternal(HttpContext context, EnableRateLimitingAttribute enableRateLimitingAttribute)
   at Serilog.AspNetCore.RequestLoggingMiddleware.Invoke(HttpContext httpContext)
   at Microsoft.AspNetCore.Diagnostics.DeveloperExceptionPageMiddlewareImpl.Invoke(HttpContext context)
[2026-09-20 11:19:38.644 +05:30 ERR] Microsoft.AspNetCore.Diagnostics.DeveloperExceptionPageMiddleware: An unhandled exception has occurred while executing the request.
System.InvalidOperationException: The PipeWriter 'ResponseBodyPipeWriter' does not implement PipeWriter.UnflushedBytes.
   at System.Text.Json.ThrowHelper.ThrowInvalidOperationException_PipeWriterDoesNotImplementUnflushedBytes(PipeWriter pipeWriter)
   at System.Text.Json.Serialization.Metadata.JsonTypeInfo`1.SerializeAsync(PipeWriter pipeWriter, T rootValue, Int32 flushThreshold, CancellationToken cancellationToken, Object rootValueBoxed)
   at Microsoft.AspNetCore.Mvc.Formatters.SystemTextJsonOutputFormatter.WriteResponseBodyAsync(OutputFormatterWriteContext context, Encoding selectedEncoding)
   at Microsoft.AspNetCore.Mvc.Infrastructure.ResourceInvoker.<InvokeNextResultFilterAsync>g__Awaited|30_0[TFilter,TFilterAsync](ResourceInvoker invoker, Task lastTask, State next, Scope scope, Object state, Boolean isCompleted)
   at Microsoft.AspNetCore.Mvc.Infrastructure.ResourceInvoker.Rethrow(ResultExecutedContextSealed context)
   at Microsoft.AspNetCore.Mvc.Infrastructure.ResourceInvoker.ResultNext[TFilter,TFilterAsync](State& next, Scope& scope, Object& state, Boolean& isCompleted)
   at Microsoft.AspNetCore.Mvc.Infrastructure.ResourceInvoker.InvokeResultFilters()
--- End of stack trace from previous location ---
   at Microsoft.AspNetCore.Mvc.Infrastructure.ResourceInvoker.<InvokeFilterPipelineAsync>g__Awaited|20_0(ResourceInvoker invoker, Task lastTask, State next, Scope scope, Object state, Boolean isCompleted)
   at Microsoft.AspNetCore.Mvc.Infrastructure.ResourceInvoker.<InvokeAsync>g__Awaited|17_0(ResourceInvoker invoker, Task task, IDisposable scope)
   at Microsoft.AspNetCore.Mvc.Infrastructure.ResourceInvoker.<InvokeAsync>g__Awaited|17_0(ResourceInvoker invoker, Task task, IDisposable scope)
   at Swashbuckle.AspNetCore.SwaggerUI.SwaggerUIMiddleware.Invoke(HttpContext httpContext)
   at Swashbuckle.AspNetCore.Swagger.SwaggerMiddleware.Invoke(HttpContext httpContext, ISwaggerProvider swaggerProvider)
   at Microsoft.AspNetCore.Authorization.AuthorizationMiddleware.Invoke(HttpContext context)
   at Microsoft.AspNetCore.Authentication.AuthenticationMiddleware.Invoke(HttpContext context)
   at Microsoft.AspNetCore.RateLimiting.RateLimitingMiddleware.InvokeInternal(HttpContext context, EnableRateLimitingAttribute enableRateLimitingAttribute)
   at Serilog.AspNetCore.RequestLoggingMiddleware.Invoke(HttpContext httpContext)
   at Microsoft.AspNetCore.Diagnostics.DeveloperExceptionPageMiddlewareImpl.Invoke(HttpContext context)
[2026-09-20 11:19:38.655 +05:30 INF] Kestrel.Api.Controllers.AuthController: Audit: login succeeded for admin (513f61b6-ac86-46aa-85c9-e0c12ea11686) from unknown
[2026-09-20 11:19:38.656 +05:30 ERR] Serilog.AspNetCore.RequestLoggingMiddleware: HTTP POST /api/auth/login responded 500 in 63.7616 ms
System.InvalidOperationException: The PipeWriter 'ResponseBodyPipeWriter' does not implement PipeWriter.UnflushedBytes.
   at System.Text.Json.ThrowHelper.ThrowInvalidOperationException_PipeWriterDoesNotImplementUnflushedBytes(PipeWriter pipeWriter)
   at System.Text.Json.Serialization.Metadata.JsonTypeInfo`1.SerializeAsync(PipeWriter pipeWriter, T rootValue, Int32 flushThreshold, CancellationToken cancellationToken, Object rootValueBoxed)
   at Microsoft.AspNetCore.Mvc.Formatters.SystemTextJsonOutputFormatter.WriteResponseBodyAsync(OutputFormatterWriteContext context, Encoding selectedEncoding)
   at Microsoft.AspNetCore.Mvc.Infrastructure.ResourceInvoker.<InvokeNextResultFilterAsync>g__Awaited|30_0[TFilter,TFilterAsync](ResourceInvoker invoker, Task lastTask, State next, Scope scope, Object state, Boolean isCompleted)
   at Microsoft.AspNetCore.Mvc.Infrastructure.ResourceInvoker.Rethrow(ResultExecutedContextSealed context)
   at Microsoft.AspNetCore.Mvc.Infrastructure.ResourceInvoker.ResultNext[TFilter,TFilterAsync](State& next, Scope& scope, Object& state, Boolean& isCompleted)
   at Microsoft.AspNetCore.Mvc.Infrastructure.ResourceInvoker.InvokeResultFilters()
--- End of stack trace from previous location ---
   at Microsoft.AspNetCore.Mvc.Infrastructure.ResourceInvoker.<InvokeFilterPipelineAsync>g__Awaited|20_0(ResourceInvoker invoker, Task lastTask, State next, Scope scope, Object state, Boolean isCompleted)
   at Microsoft.AspNetCore.Mvc.Infrastructure.ResourceInvoker.<InvokeAsync>g__Awaited|17_0(ResourceInvoker invoker, Task task, IDisposable scope)
   at Microsoft.AspNetCore.Mvc.Infrastructure.ResourceInvoker.<InvokeAsync>g__Awaited|17_0(ResourceInvoker invoker, Task task, IDisposable scope)
   at Swashbuckle.AspNetCore.SwaggerUI.SwaggerUIMiddleware.Invoke(HttpContext httpContext)
   at Swashbuckle.AspNetCore.Swagger.SwaggerMiddleware.Invoke(HttpContext httpContext, ISwaggerProvider swaggerProvider)
   at Microsoft.AspNetCore.Authorization.AuthorizationMiddleware.Invoke(HttpContext context)
   at Microsoft.AspNetCore.Authentication.AuthenticationMiddleware.Invoke(HttpContext context)
   at Microsoft.AspNetCore.RateLimiting.RateLimitingMiddleware.InvokeInternal(HttpContext context, EnableRateLimitingAttribute enableRateLimitingAttribute)
   at Serilog.AspNetCore.RequestLoggingMiddleware.Invoke(HttpContext httpContext)
[2026-09-20 11:19:38.657 +05:30 ERR] Microsoft.AspNetCore.Diagnostics.DeveloperExceptionPageMiddleware: An unhandled exception has occurred while executing the request.
System.InvalidOperationException: The PipeWriter 'ResponseBodyPipeWriter' does not implement PipeWriter.UnflushedBytes.
   at System.Text.Json.ThrowHelper.ThrowInvalidOperationException_PipeWriterDoesNotImplementUnflushedBytes(PipeWriter pipeWriter)
   at System.Text.Json.Serialization.Metadata.JsonTypeInfo`1.SerializeAsync(PipeWriter pipeWriter, T rootValue, Int32 flushThreshold, CancellationToken cancellationToken, Object rootValueBoxed)
   at Microsoft.AspNetCore.Mvc.Formatters.SystemTextJsonOutputFormatter.WriteResponseBodyAsync(OutputFormatterWriteContext context, Encoding selectedEncoding)
   at Microsoft.AspNetCore.Mvc.Infrastructure.ResourceInvoker.<InvokeNextResultFilterAsync>g__Awaited|30_0[TFilter,TFilterAsync](ResourceInvoker invoker, Task lastTask, State next, Scope scope, Object state, Boolean isCompleted)
   at Microsoft.AspNetCore.Mvc.Infrastructure.ResourceInvoker.Rethrow(ResultExecutedContextSealed context)
   at Microsoft.AspNetCore.Mvc.Infrastructure.ResourceInvoker.ResultNext[TFilter,TFilterAsync](State& next, Scope& scope, Object& state, Boolean& isCompleted)
   at Microsoft.AspNetCore.Mvc.Infrastructure.ResourceInvoker.InvokeResultFilters()
--- End of stack trace from previous location ---
   at Microsoft.AspNetCore.Mvc.Infrastructure.ResourceInvoker.<InvokeFilterPipelineAsync>g__Awaited|20_0(ResourceInvoker invoker, Task lastTask, State next, Scope scope, Object state, Boolean isCompleted)
   at Microsoft.AspNetCore.Mvc.Infrastructure.ResourceInvoker.<InvokeAsync>g__Awaited|17_0(ResourceInvoker invoker, Task task, IDisposable scope)
   at Microsoft.AspNetCore.Mvc.Infrastructure.ResourceInvoker.<InvokeAsync>g__Awaited|17_0(ResourceInvoker invoker, Task task, IDisposable scope)
   at Swashbuckle.AspNetCore.SwaggerUI.SwaggerUIMiddleware.Invoke(HttpContext httpContext)
   at Swashbuckle.AspNetCore.Swagger.SwaggerMiddleware.Invoke(HttpContext httpContext, ISwaggerProvider swaggerProvider)
   at Microsoft.AspNetCore.Authorization.AuthorizationMiddleware.Invoke(HttpContext context)
   at Microsoft.AspNetCore.Authentication.AuthenticationMiddleware.Invoke(HttpContext context)
   at Microsoft.AspNetCore.RateLimiting.RateLimitingMiddleware.InvokeInternal(HttpContext context, EnableRateLimitingAttribute enableRateLimitingAttribute)
   at Serilog.AspNetCore.RequestLoggingMiddleware.Invoke(HttpContext httpContext)
   at Microsoft.AspNetCore.Diagnostics.DeveloperExceptionPageMiddlewareImpl.Invoke(HttpContext context)
[2026-09-20 11:19:38.659 +05:30 INF] Kestrel.Core.Jobs.IngestJobProcessor: Ingest job processor stopped.
[2026-09-20 11:19:38.660 +05:30 INF] Serilog.AspNetCore.RequestLoggingMiddleware: HTTP GET /api/auth/me responded 401 in 0.7795 ms
[2026-09-20 11:19:47.348 +05:30 INF] Kestrel.Api: Binding guard: http://127.0.0.1:5000 (loopback)
[2026-09-20 11:19:48.226 +05:30 INF] Kestrel.Api.Auth.IdentityInitializationService: Identity schema ensured (no EF migrations defined yet — run `dotnet ef migrations add` before real deployments).
[2026-09-20 11:19:48.516 +05:30 INF] Kestrel.Api.Auth.IdentityInitializationService: Role seeded: Viewer
[2026-09-20 11:19:48.518 +05:30 INF] Kestrel.Api.Auth.IdentityInitializationService: Role seeded: Analyst
[2026-09-20 11:19:48.519 +05:30 INF] Kestrel.Api.Auth.IdentityInitializationService: Role seeded: Admin
[2026-09-20 11:19:48.542 +05:30 WRN] Kestrel.Api.Auth.IdentityInitializationService: Bootstrap: DEVELOPMENT default admin 'admin' created with password 'Dev#Admin-2026!'. CHANGE THIS PASSWORD before any use beyond local testing.
[2026-09-20 11:19:48.689 +05:30 INF] Kestrel.Api.Auth.IdentityInitializationService: Bootstrap: admin 'admin' created with roles [Viewer, Analyst, Admin].
[2026-09-20 11:19:48.708 +05:30 INF] Kestrel.Core.Storage.EventDatabase: FTS5 index rebuilt.
[2026-09-20 11:19:48.708 +05:30 INF] Kestrel.Core.Storage.EventStoreInitializationService: Event store ready at D:\Work\Projects\kestrel\backend\Kestrel.Api\data\kestrel.db (schema v2, WAL mode, FTS5 rebuilt).
[2026-09-20 11:19:48.710 +05:30 INF] Kestrel.Core.Jobs.IngestJobProcessor: Ingest job processor started (timeout 1800s, batch 1000, record cap 5000000).
[2026-09-20 11:19:48.807 +05:30 ERR] Serilog.AspNetCore.RequestLoggingMiddleware: HTTP GET /health responded 500 in 26.9090 ms
System.InvalidOperationException: The PipeWriter 'ResponseBodyPipeWriter' does not implement PipeWriter.UnflushedBytes.
   at System.Text.Json.ThrowHelper.ThrowInvalidOperationException_PipeWriterDoesNotImplementUnflushedBytes(PipeWriter pipeWriter)
   at System.Text.Json.Serialization.Metadata.JsonTypeInfo`1.SerializeAsync(PipeWriter pipeWriter, T rootValue, Int32 flushThreshold, CancellationToken cancellationToken, Object rootValueBoxed)
   at Microsoft.AspNetCore.Http.HttpResponseJsonExtensions.<WriteAsJsonAsync>g__WriteAsJsonAsyncSlow|5_0[TValue](HttpResponse response, TValue value, JsonTypeInfo`1 jsonTypeInfo, CancellationToken cancellationToken)
   at Microsoft.AspNetCore.Http.RequestDelegateFactory.ExecuteResultWriteResponse(IResult result, HttpContext httpContext)
   at Swashbuckle.AspNetCore.SwaggerUI.SwaggerUIMiddleware.Invoke(HttpContext httpContext)
   at Swashbuckle.AspNetCore.Swagger.SwaggerMiddleware.Invoke(HttpContext httpContext, ISwaggerProvider swaggerProvider)
   at Microsoft.AspNetCore.Authorization.AuthorizationMiddleware.Invoke(HttpContext context)
   at Microsoft.AspNetCore.Authentication.AuthenticationMiddleware.Invoke(HttpContext context)
   at Serilog.AspNetCore.RequestLoggingMiddleware.Invoke(HttpContext httpContext)
[2026-09-20 11:19:48.814 +05:30 ERR] Microsoft.AspNetCore.Diagnostics.DeveloperExceptionPageMiddleware: An unhandled exception has occurred while executing the request.
System.InvalidOperationException: The PipeWriter 'ResponseBodyPipeWriter' does not implement PipeWriter.UnflushedBytes.
   at System.Text.Json.ThrowHelper.ThrowInvalidOperationException_PipeWriterDoesNotImplementUnflushedBytes(PipeWriter pipeWriter)
   at System.Text.Json.Serialization.Metadata.JsonTypeInfo`1.SerializeAsync(PipeWriter pipeWriter, T rootValue, Int32 flushThreshold, CancellationToken cancellationToken, Object rootValueBoxed)
   at Microsoft.AspNetCore.Http.HttpResponseJsonExtensions.<WriteAsJsonAsync>g__WriteAsJsonAsyncSlow|5_0[TValue](HttpResponse response, TValue value, JsonTypeInfo`1 jsonTypeInfo, CancellationToken cancellationToken)
   at Microsoft.AspNetCore.Http.RequestDelegateFactory.ExecuteResultWriteResponse(IResult result, HttpContext httpContext)
   at Swashbuckle.AspNetCore.SwaggerUI.SwaggerUIMiddleware.Invoke(HttpContext httpContext)
   at Swashbuckle.AspNetCore.Swagger.SwaggerMiddleware.Invoke(HttpContext httpContext, ISwaggerProvider swaggerProvider)
   at Microsoft.AspNetCore.Authorization.AuthorizationMiddleware.Invoke(HttpContext context)
   at Microsoft.AspNetCore.Authentication.AuthenticationMiddleware.Invoke(HttpContext context)
   at Serilog.AspNetCore.RequestLoggingMiddleware.Invoke(HttpContext httpContext)
   at Microsoft.AspNetCore.Diagnostics.DeveloperExceptionPageMiddlewareImpl.Invoke(HttpContext context)
[2026-09-20 11:19:48.850 +05:30 INF] Kestrel.Core.Jobs.IngestJobProcessor: Ingest job processor stopped.
[2026-09-20 11:43:47.890 +05:30 INF] Kestrel.Api: Binding guard: http://127.0.0.1:5000 (loopback)
[2026-09-20 11:43:48.691 +05:30 INF] Kestrel.Api.Auth.IdentityInitializationService: Identity schema ensured (no EF migrations defined yet — run `dotnet ef migrations add` before real deployments).
[2026-09-20 11:43:48.996 +05:30 INF] Kestrel.Api.Auth.IdentityInitializationService: Role seeded: Viewer
[2026-09-20 11:43:48.999 +05:30 INF] Kestrel.Api.Auth.IdentityInitializationService: Role seeded: Analyst
[2026-09-20 11:43:49.000 +05:30 INF] Kestrel.Api.Auth.IdentityInitializationService: Role seeded: Admin
[2026-09-20 11:43:49.025 +05:30 WRN] Kestrel.Api.Auth.IdentityInitializationService: Bootstrap: DEVELOPMENT default admin 'admin' created with password 'Dev#Admin-2026!'. CHANGE THIS PASSWORD before any use beyond local testing.
[2026-09-20 11:43:49.175 +05:30 INF] Kestrel.Api.Auth.IdentityInitializationService: Bootstrap: admin 'admin' created with roles [Viewer, Analyst, Admin].
[2026-09-20 11:43:49.201 +05:30 INF] Kestrel.Core.Storage.EventDatabase: FTS5 index rebuilt.
[2026-09-20 11:43:49.202 +05:30 INF] Kestrel.Core.Storage.EventStoreInitializationService: Event store ready at d:\Work\Projects\kestrel\backend\Kestrel.Api\data\kestrel.db (schema v2, WAL mode, FTS5 rebuilt).
[2026-09-20 11:43:49.204 +05:30 INF] Kestrel.Core.Jobs.IngestJobProcessor: Ingest job processor started (timeout 1800s, batch 1000, record cap 5000000).
[2026-09-20 11:43:49.465 +05:30 INF] Kestrel.Api.Controllers.AuthController: Audit: login succeeded for admin (41477847-3a96-45d5-b4d8-6ef421f6c27b) from unknown
[2026-09-20 11:43:49.477 +05:30 ERR] Serilog.AspNetCore.RequestLoggingMiddleware: HTTP POST /api/auth/login responded 500 in 192.7598 ms
System.InvalidOperationException: The PipeWriter 'ResponseBodyPipeWriter' does not implement PipeWriter.UnflushedBytes.
   at System.Text.Json.ThrowHelper.ThrowInvalidOperationException_PipeWriterDoesNotImplementUnflushedBytes(PipeWriter pipeWriter)
   at System.Text.Json.Serialization.Metadata.JsonTypeInfo`1.SerializeAsync(PipeWriter pipeWriter, T rootValue, Int32 flushThreshold, CancellationToken cancellationToken, Object rootValueBoxed)
   at Microsoft.AspNetCore.Mvc.Formatters.SystemTextJsonOutputFormatter.WriteResponseBodyAsync(OutputFormatterWriteContext context, Encoding selectedEncoding)
   at Microsoft.AspNetCore.Mvc.Infrastructure.ResourceInvoker.<InvokeNextResultFilterAsync>g__Awaited|30_0[TFilter,TFilterAsync](ResourceInvoker invoker, Task lastTask, State next, Scope scope, Object state, Boolean isCompleted)
   at Microsoft.AspNetCore.Mvc.Infrastructure.ResourceInvoker.Rethrow(ResultExecutedContextSealed context)
   at Microsoft.AspNetCore.Mvc.Infrastructure.ResourceInvoker.ResultNext[TFilter,TFilterAsync](State& next, Scope& scope, Object& state, Boolean& isCompleted)
   at Microsoft.AspNetCore.Mvc.Infrastructure.ResourceInvoker.InvokeResultFilters()
--- End of stack trace from previous location ---
   at Microsoft.AspNetCore.Mvc.Infrastructure.ResourceInvoker.<InvokeFilterPipelineAsync>g__Awaited|20_0(ResourceInvoker invoker, Task lastTask, State next, Scope scope, Object state, Boolean isCompleted)
   at Microsoft.AspNetCore.Mvc.Infrastructure.ResourceInvoker.<InvokeAsync>g__Awaited|17_0(ResourceInvoker invoker, Task task, IDisposable scope)
   at Microsoft.AspNetCore.Mvc.Infrastructure.ResourceInvoker.<InvokeAsync>g__Awaited|17_0(ResourceInvoker invoker, Task task, IDisposable scope)
   at Swashbuckle.AspNetCore.SwaggerUI.SwaggerUIMiddleware.Invoke(HttpContext httpContext)
   at Swashbuckle.AspNetCore.Swagger.SwaggerMiddleware.Invoke(HttpContext httpContext, ISwaggerProvider swaggerProvider)
   at Microsoft.AspNetCore.Authorization.AuthorizationMiddleware.Invoke(HttpContext context)
   at Microsoft.AspNetCore.Authentication.AuthenticationMiddleware.Invoke(HttpContext context)
   at Microsoft.AspNetCore.RateLimiting.RateLimitingMiddleware.InvokeInternal(HttpContext context, EnableRateLimitingAttribute enableRateLimitingAttribute)
   at Serilog.AspNetCore.RequestLoggingMiddleware.Invoke(HttpContext httpContext)
[2026-09-20 11:43:49.485 +05:30 ERR] Microsoft.AspNetCore.Diagnostics.DeveloperExceptionPageMiddleware: An unhandled exception has occurred while executing the request.
System.InvalidOperationException: The PipeWriter 'ResponseBodyPipeWriter' does not implement PipeWriter.UnflushedBytes.
   at System.Text.Json.ThrowHelper.ThrowInvalidOperationException_PipeWriterDoesNotImplementUnflushedBytes(PipeWriter pipeWriter)
   at System.Text.Json.Serialization.Metadata.JsonTypeInfo`1.SerializeAsync(PipeWriter pipeWriter, T rootValue, Int32 flushThreshold, CancellationToken cancellationToken, Object rootValueBoxed)
   at Microsoft.AspNetCore.Mvc.Formatters.SystemTextJsonOutputFormatter.WriteResponseBodyAsync(OutputFormatterWriteContext context, Encoding selectedEncoding)
   at Microsoft.AspNetCore.Mvc.Infrastructure.ResourceInvoker.<InvokeNextResultFilterAsync>g__Awaited|30_0[TFilter,TFilterAsync](ResourceInvoker invoker, Task lastTask, State next, Scope scope, Object state, Boolean isCompleted)
   at Microsoft.AspNetCore.Mvc.Infrastructure.ResourceInvoker.Rethrow(ResultExecutedContextSealed context)
   at Microsoft.AspNetCore.Mvc.Infrastructure.ResourceInvoker.ResultNext[TFilter,TFilterAsync](State& next, Scope& scope, Object& state, Boolean& isCompleted)
   at Microsoft.AspNetCore.Mvc.Infrastructure.ResourceInvoker.InvokeResultFilters()
--- End of stack trace from previous location ---
   at Microsoft.AspNetCore.Mvc.Infrastructure.ResourceInvoker.<InvokeFilterPipelineAsync>g__Awaited|20_0(ResourceInvoker invoker, Task lastTask, State next, Scope scope, Object state, Boolean isCompleted)
   at Microsoft.AspNetCore.Mvc.Infrastructure.ResourceInvoker.<InvokeAsync>g__Awaited|17_0(ResourceInvoker invoker, Task task, IDisposable scope)
   at Microsoft.AspNetCore.Mvc.Infrastructure.ResourceInvoker.<InvokeAsync>g__Awaited|17_0(ResourceInvoker invoker, Task task, IDisposable scope)
   at Swashbuckle.AspNetCore.SwaggerUI.SwaggerUIMiddleware.Invoke(HttpContext httpContext)
   at Swashbuckle.AspNetCore.Swagger.SwaggerMiddleware.Invoke(HttpContext httpContext, ISwaggerProvider swaggerProvider)
   at Microsoft.AspNetCore.Authorization.AuthorizationMiddleware.Invoke(HttpContext context)
   at Microsoft.AspNetCore.Authentication.AuthenticationMiddleware.Invoke(HttpContext context)
   at Microsoft.AspNetCore.RateLimiting.RateLimitingMiddleware.InvokeInternal(HttpContext context, EnableRateLimitingAttribute enableRateLimitingAttribute)
   at Serilog.AspNetCore.RequestLoggingMiddleware.Invoke(HttpContext httpContext)
   at Microsoft.AspNetCore.Diagnostics.DeveloperExceptionPageMiddlewareImpl.Invoke(HttpContext context)
[2026-09-20 11:43:49.513 +05:30 INF] Serilog.AspNetCore.RequestLoggingMiddleware: HTTP POST /api/users responded 401 in 6.9426 ms
[2026-09-20 11:43:49.536 +05:30 INF] Serilog.AspNetCore.RequestLoggingMiddleware: HTTP GET /api/users responded 401 in 4.0088 ms
[2026-09-20 11:43:49.590 +05:30 WRN] Kestrel.Api.Controllers.AuthController: Audit: login failed (unknown user) for ghost_f15be63de95f4f988591e61ea35d1540 from unknown
[2026-09-20 11:43:49.591 +05:30 ERR] Serilog.AspNetCore.RequestLoggingMiddleware: HTTP POST /api/auth/login responded 500 in 52.5765 ms
System.InvalidOperationException: The PipeWriter 'ResponseBodyPipeWriter' does not implement PipeWriter.UnflushedBytes.
   at System.Text.Json.ThrowHelper.ThrowInvalidOperationException_PipeWriterDoesNotImplementUnflushedBytes(PipeWriter pipeWriter)
   at System.Text.Json.Serialization.Metadata.JsonTypeInfo`1.SerializeAsync(PipeWriter pipeWriter, T rootValue, Int32 flushThreshold, CancellationToken cancellationToken, Object rootValueBoxed)
   at Microsoft.AspNetCore.Mvc.Formatters.SystemTextJsonOutputFormatter.WriteResponseBodyAsync(OutputFormatterWriteContext context, Encoding selectedEncoding)
   at Microsoft.AspNetCore.Mvc.Infrastructure.ResourceInvoker.<InvokeNextResultFilterAsync>g__Awaited|30_0[TFilter,TFilterAsync](ResourceInvoker invoker, Task lastTask, State next, Scope scope, Object state, Boolean isCompleted)
   at Microsoft.AspNetCore.Mvc.Infrastructure.ResourceInvoker.Rethrow(ResultExecutedContextSealed context)
   at Microsoft.AspNetCore.Mvc.Infrastructure.ResourceInvoker.ResultNext[TFilter,TFilterAsync](State& next, Scope& scope, Object& state, Boolean& isCompleted)
   at Microsoft.AspNetCore.Mvc.Infrastructure.ResourceInvoker.InvokeResultFilters()
--- End of stack trace from previous location ---
   at Microsoft.AspNetCore.Mvc.Infrastructure.ResourceInvoker.<InvokeFilterPipelineAsync>g__Awaited|20_0(ResourceInvoker invoker, Task lastTask, State next, Scope scope, Object state, Boolean isCompleted)
   at Microsoft.AspNetCore.Mvc.Infrastructure.ResourceInvoker.<InvokeAsync>g__Awaited|17_0(ResourceInvoker invoker, Task task, IDisposable scope)
   at Microsoft.AspNetCore.Mvc.Infrastructure.ResourceInvoker.<InvokeAsync>g__Awaited|17_0(ResourceInvoker invoker, Task task, IDisposable scope)
   at Swashbuckle.AspNetCore.SwaggerUI.SwaggerUIMiddleware.Invoke(HttpContext httpContext)
   at Swashbuckle.AspNetCore.Swagger.SwaggerMiddleware.Invoke(HttpContext httpContext, ISwaggerProvider swaggerProvider)
   at Microsoft.AspNetCore.Authorization.AuthorizationMiddleware.Invoke(HttpContext context)
   at Microsoft.AspNetCore.Authentication.AuthenticationMiddleware.Invoke(HttpContext context)
   at Microsoft.AspNetCore.RateLimiting.RateLimitingMiddleware.InvokeInternal(HttpContext context, EnableRateLimitingAttribute enableRateLimitingAttribute)
   at Serilog.AspNetCore.RequestLoggingMiddleware.Invoke(HttpContext httpContext)
[2026-09-20 11:43:49.608 +05:30 ERR] Microsoft.AspNetCore.Diagnostics.DeveloperExceptionPageMiddleware: An unhandled exception has occurred while executing the request.
System.InvalidOperationException: The PipeWriter 'ResponseBodyPipeWriter' does not implement PipeWriter.UnflushedBytes.
   at System.Text.Json.ThrowHelper.ThrowInvalidOperationException_PipeWriterDoesNotImplementUnflushedBytes(PipeWriter pipeWriter)
   at System.Text.Json.Serialization.Metadata.JsonTypeInfo`1.SerializeAsync(PipeWriter pipeWriter, T rootValue, Int32 flushThreshold, CancellationToken cancellationToken, Object rootValueBoxed)
   at Microsoft.AspNetCore.Mvc.Formatters.SystemTextJsonOutputFormatter.WriteResponseBodyAsync(OutputFormatterWriteContext context, Encoding selectedEncoding)
   at Microsoft.AspNetCore.Mvc.Infrastructure.ResourceInvoker.<InvokeNextResultFilterAsync>g__Awaited|30_0[TFilter,TFilterAsync](ResourceInvoker invoker, Task lastTask, State next, Scope scope, Object state, Boolean isCompleted)
   at Microsoft.AspNetCore.Mvc.Infrastructure.ResourceInvoker.Rethrow(ResultExecutedContextSealed context)
   at Microsoft.AspNetCore.Mvc.Infrastructure.ResourceInvoker.ResultNext[TFilter,TFilterAsync](State& next, Scope& scope, Object& state, Boolean& isCompleted)
   at Microsoft.AspNetCore.Mvc.Infrastructure.ResourceInvoker.InvokeResultFilters()
--- End of stack trace from previous location ---
   at Microsoft.AspNetCore.Mvc.Infrastructure.ResourceInvoker.<InvokeFilterPipelineAsync>g__Awaited|20_0(ResourceInvoker invoker, Task lastTask, State next, Scope scope, Object state, Boolean isCompleted)
   at Microsoft.AspNetCore.Mvc.Infrastructure.ResourceInvoker.<InvokeAsync>g__Awaited|17_0(ResourceInvoker invoker, Task task, IDisposable scope)
   at Microsoft.AspNetCore.Mvc.Infrastructure.ResourceInvoker.<InvokeAsync>g__Awaited|17_0(ResourceInvoker invoker, Task task, IDisposable scope)
   at Swashbuckle.AspNetCore.SwaggerUI.SwaggerUIMiddleware.Invoke(HttpContext httpContext)
   at Swashbuckle.AspNetCore.Swagger.SwaggerMiddleware.Invoke(HttpContext httpContext, ISwaggerProvider swaggerProvider)
   at Microsoft.AspNetCore.Authorization.AuthorizationMiddleware.Invoke(HttpContext context)
   at Microsoft.AspNetCore.Authentication.AuthenticationMiddleware.Invoke(HttpContext context)
   at Microsoft.AspNetCore.RateLimiting.RateLimitingMiddleware.InvokeInternal(HttpContext context, EnableRateLimitingAttribute enableRateLimitingAttribute)
   at Serilog.AspNetCore.RequestLoggingMiddleware.Invoke(HttpContext httpContext)
   at Microsoft.AspNetCore.Diagnostics.DeveloperExceptionPageMiddlewareImpl.Invoke(HttpContext context)
[2026-09-20 11:43:49.681 +05:30 WRN] Kestrel.Api.Controllers.AuthController: Audit: login failed (bad password) for admin from unknown
[2026-09-20 11:43:49.682 +05:30 ERR] Serilog.AspNetCore.RequestLoggingMiddleware: HTTP POST /api/auth/login responded 500 in 69.6233 ms
System.InvalidOperationException: The PipeWriter 'ResponseBodyPipeWriter' does not implement PipeWriter.UnflushedBytes.
   at System.Text.Json.ThrowHelper.ThrowInvalidOperationException_PipeWriterDoesNotImplementUnflushedBytes(PipeWriter pipeWriter)
   at System.Text.Json.Serialization.Metadata.JsonTypeInfo`1.SerializeAsync(PipeWriter pipeWriter, T rootValue, Int32 flushThreshold, CancellationToken cancellationToken, Object rootValueBoxed)
   at Microsoft.AspNetCore.Mvc.Formatters.SystemTextJsonOutputFormatter.WriteResponseBodyAsync(OutputFormatterWriteContext context, Encoding selectedEncoding)
   at Microsoft.AspNetCore.Mvc.Infrastructure.ResourceInvoker.<InvokeNextResultFilterAsync>g__Awaited|30_0[TFilter,TFilterAsync](ResourceInvoker invoker, Task lastTask, State next, Scope scope, Object state, Boolean isCompleted)
   at Microsoft.AspNetCore.Mvc.Infrastructure.ResourceInvoker.Rethrow(ResultExecutedContextSealed context)
   at Microsoft.AspNetCore.Mvc.Infrastructure.ResourceInvoker.ResultNext[TFilter,TFilterAsync](State& next, Scope& scope, Object& state, Boolean& isCompleted)
   at Microsoft.AspNetCore.Mvc.Infrastructure.ResourceInvoker.InvokeResultFilters()
--- End of stack trace from previous location ---
   at Microsoft.AspNetCore.Mvc.Infrastructure.ResourceInvoker.<InvokeFilterPipelineAsync>g__Awaited|20_0(ResourceInvoker invoker, Task lastTask, State next, Scope scope, Object state, Boolean isCompleted)
   at Microsoft.AspNetCore.Mvc.Infrastructure.ResourceInvoker.<InvokeAsync>g__Awaited|17_0(ResourceInvoker invoker, Task task, IDisposable scope)
   at Microsoft.AspNetCore.Mvc.Infrastructure.ResourceInvoker.<InvokeAsync>g__Awaited|17_0(ResourceInvoker invoker, Task task, IDisposable scope)
   at Swashbuckle.AspNetCore.SwaggerUI.SwaggerUIMiddleware.Invoke(HttpContext httpContext)
   at Swashbuckle.AspNetCore.Swagger.SwaggerMiddleware.Invoke(HttpContext httpContext, ISwaggerProvider swaggerProvider)
   at Microsoft.AspNetCore.Authorization.AuthorizationMiddleware.Invoke(HttpContext context)
   at Microsoft.AspNetCore.Authentication.AuthenticationMiddleware.Invoke(HttpContext context)
   at Microsoft.AspNetCore.RateLimiting.RateLimitingMiddleware.InvokeInternal(HttpContext context, EnableRateLimitingAttribute enableRateLimitingAttribute)
   at Serilog.AspNetCore.RequestLoggingMiddleware.Invoke(HttpContext httpContext)
[2026-09-20 11:43:49.682 +05:30 ERR] Microsoft.AspNetCore.Diagnostics.DeveloperExceptionPageMiddleware: An unhandled exception has occurred while executing the request.
System.InvalidOperationException: The PipeWriter 'ResponseBodyPipeWriter' does not implement PipeWriter.UnflushedBytes.
   at System.Text.Json.ThrowHelper.ThrowInvalidOperationException_PipeWriterDoesNotImplementUnflushedBytes(PipeWriter pipeWriter)
   at System.Text.Json.Serialization.Metadata.JsonTypeInfo`1.SerializeAsync(PipeWriter pipeWriter, T rootValue, Int32 flushThreshold, CancellationToken cancellationToken, Object rootValueBoxed)
   at Microsoft.AspNetCore.Mvc.Formatters.SystemTextJsonOutputFormatter.WriteResponseBodyAsync(OutputFormatterWriteContext context, Encoding selectedEncoding)
   at Microsoft.AspNetCore.Mvc.Infrastructure.ResourceInvoker.<InvokeNextResultFilterAsync>g__Awaited|30_0[TFilter,TFilterAsync](ResourceInvoker invoker, Task lastTask, State next, Scope scope, Object state, Boolean isCompleted)
   at Microsoft.AspNetCore.Mvc.Infrastructure.ResourceInvoker.Rethrow(ResultExecutedContextSealed context)
   at Microsoft.AspNetCore.Mvc.Infrastructure.ResourceInvoker.ResultNext[TFilter,TFilterAsync](State& next, Scope& scope, Object& state, Boolean& isCompleted)
   at Microsoft.AspNetCore.Mvc.Infrastructure.ResourceInvoker.InvokeResultFilters()
--- End of stack trace from previous location ---
   at Microsoft.AspNetCore.Mvc.Infrastructure.ResourceInvoker.<InvokeFilterPipelineAsync>g__Awaited|20_0(ResourceInvoker invoker, Task lastTask, State next, Scope scope, Object state, Boolean isCompleted)
   at Microsoft.AspNetCore.Mvc.Infrastructure.ResourceInvoker.<InvokeAsync>g__Awaited|17_0(ResourceInvoker invoker, Task task, IDisposable scope)
   at Microsoft.AspNetCore.Mvc.Infrastructure.ResourceInvoker.<InvokeAsync>g__Awaited|17_0(ResourceInvoker invoker, Task task, IDisposable scope)
   at Swashbuckle.AspNetCore.SwaggerUI.SwaggerUIMiddleware.Invoke(HttpContext httpContext)
   at Swashbuckle.AspNetCore.Swagger.SwaggerMiddleware.Invoke(HttpContext httpContext, ISwaggerProvider swaggerProvider)
   at Microsoft.AspNetCore.Authorization.AuthorizationMiddleware.Invoke(HttpContext context)
   at Microsoft.AspNetCore.Authentication.AuthenticationMiddleware.Invoke(HttpContext context)
   at Microsoft.AspNetCore.RateLimiting.RateLimitingMiddleware.InvokeInternal(HttpContext context, EnableRateLimitingAttribute enableRateLimitingAttribute)
   at Serilog.AspNetCore.RequestLoggingMiddleware.Invoke(HttpContext httpContext)
   at Microsoft.AspNetCore.Diagnostics.DeveloperExceptionPageMiddlewareImpl.Invoke(HttpContext context)
[2026-09-20 11:43:49.753 +05:30 INF] Kestrel.Api.Controllers.AuthController: Audit: login succeeded for admin (41477847-3a96-45d5-b4d8-6ef421f6c27b) from unknown
[2026-09-20 11:43:49.753 +05:30 ERR] Serilog.AspNetCore.RequestLoggingMiddleware: HTTP POST /api/auth/login responded 500 in 66.2369 ms
System.InvalidOperationException: The PipeWriter 'ResponseBodyPipeWriter' does not implement PipeWriter.UnflushedBytes.
   at System.Text.Json.ThrowHelper.ThrowInvalidOperationException_PipeWriterDoesNotImplementUnflushedBytes(PipeWriter pipeWriter)
   at System.Text.Json.Serialization.Metadata.JsonTypeInfo`1.SerializeAsync(PipeWriter pipeWriter, T rootValue, Int32 flushThreshold, CancellationToken cancellationToken, Object rootValueBoxed)
   at Microsoft.AspNetCore.Mvc.Formatters.SystemTextJsonOutputFormatter.WriteResponseBodyAsync(OutputFormatterWriteContext context, Encoding selectedEncoding)
   at Microsoft.AspNetCore.Mvc.Infrastructure.ResourceInvoker.<InvokeNextResultFilterAsync>g__Awaited|30_0[TFilter,TFilterAsync](ResourceInvoker invoker, Task lastTask, State next, Scope scope, Object state, Boolean isCompleted)
   at Microsoft.AspNetCore.Mvc.Infrastructure.ResourceInvoker.Rethrow(ResultExecutedContextSealed context)
   at Microsoft.AspNetCore.Mvc.Infrastructure.ResourceInvoker.ResultNext[TFilter,TFilterAsync](State& next, Scope& scope, Object& state, Boolean& isCompleted)
   at Microsoft.AspNetCore.Mvc.Infrastructure.ResourceInvoker.InvokeResultFilters()
--- End of stack trace from previous location ---
   at Microsoft.AspNetCore.Mvc.Infrastructure.ResourceInvoker.<InvokeFilterPipelineAsync>g__Awaited|20_0(ResourceInvoker invoker, Task lastTask, State next, Scope scope, Object state, Boolean isCompleted)
   at Microsoft.AspNetCore.Mvc.Infrastructure.ResourceInvoker.<InvokeAsync>g__Awaited|17_0(ResourceInvoker invoker, Task task, IDisposable scope)
   at Microsoft.AspNetCore.Mvc.Infrastructure.ResourceInvoker.<InvokeAsync>g__Awaited|17_0(ResourceInvoker invoker, Task task, IDisposable scope)
   at Swashbuckle.AspNetCore.SwaggerUI.SwaggerUIMiddleware.Invoke(HttpContext httpContext)
   at Swashbuckle.AspNetCore.Swagger.SwaggerMiddleware.Invoke(HttpContext httpContext, ISwaggerProvider swaggerProvider)
   at Microsoft.AspNetCore.Authorization.AuthorizationMiddleware.Invoke(HttpContext context)
   at Microsoft.AspNetCore.Authentication.AuthenticationMiddleware.Invoke(HttpContext context)
   at Microsoft.AspNetCore.RateLimiting.RateLimitingMiddleware.InvokeInternal(HttpContext context, EnableRateLimitingAttribute enableRateLimitingAttribute)
   at Serilog.AspNetCore.RequestLoggingMiddleware.Invoke(HttpContext httpContext)
[2026-09-20 11:43:49.754 +05:30 ERR] Microsoft.AspNetCore.Diagnostics.DeveloperExceptionPageMiddleware: An unhandled exception has occurred while executing the request.
System.InvalidOperationException: The PipeWriter 'ResponseBodyPipeWriter' does not implement PipeWriter.UnflushedBytes.
   at System.Text.Json.ThrowHelper.ThrowInvalidOperationException_PipeWriterDoesNotImplementUnflushedBytes(PipeWriter pipeWriter)
   at System.Text.Json.Serialization.Metadata.JsonTypeInfo`1.SerializeAsync(PipeWriter pipeWriter, T rootValue, Int32 flushThreshold, CancellationToken cancellationToken, Object rootValueBoxed)
   at Microsoft.AspNetCore.Mvc.Formatters.SystemTextJsonOutputFormatter.WriteResponseBodyAsync(OutputFormatterWriteContext context, Encoding selectedEncoding)
   at Microsoft.AspNetCore.Mvc.Infrastructure.ResourceInvoker.<InvokeNextResultFilterAsync>g__Awaited|30_0[TFilter,TFilterAsync](ResourceInvoker invoker, Task lastTask, State next, Scope scope, Object state, Boolean isCompleted)
   at Microsoft.AspNetCore.Mvc.Infrastructure.ResourceInvoker.Rethrow(ResultExecutedContextSealed context)
   at Microsoft.AspNetCore.Mvc.Infrastructure.ResourceInvoker.ResultNext[TFilter,TFilterAsync](State& next, Scope& scope, Object& state, Boolean& isCompleted)
   at Microsoft.AspNetCore.Mvc.Infrastructure.ResourceInvoker.InvokeResultFilters()
--- End of stack trace from previous location ---
   at Microsoft.AspNetCore.Mvc.Infrastructure.ResourceInvoker.<InvokeFilterPipelineAsync>g__Awaited|20_0(ResourceInvoker invoker, Task lastTask, State next, Scope scope, Object state, Boolean isCompleted)
   at Microsoft.AspNetCore.Mvc.Infrastructure.ResourceInvoker.<InvokeAsync>g__Awaited|17_0(ResourceInvoker invoker, Task task, IDisposable scope)
   at Microsoft.AspNetCore.Mvc.Infrastructure.ResourceInvoker.<InvokeAsync>g__Awaited|17_0(ResourceInvoker invoker, Task task, IDisposable scope)
   at Swashbuckle.AspNetCore.SwaggerUI.SwaggerUIMiddleware.Invoke(HttpContext httpContext)
   at Swashbuckle.AspNetCore.Swagger.SwaggerMiddleware.Invoke(HttpContext httpContext, ISwaggerProvider swaggerProvider)
   at Microsoft.AspNetCore.Authorization.AuthorizationMiddleware.Invoke(HttpContext context)
   at Microsoft.AspNetCore.Authentication.AuthenticationMiddleware.Invoke(HttpContext context)
   at Microsoft.AspNetCore.RateLimiting.RateLimitingMiddleware.InvokeInternal(HttpContext context, EnableRateLimitingAttribute enableRateLimitingAttribute)
   at Serilog.AspNetCore.RequestLoggingMiddleware.Invoke(HttpContext httpContext)
   at Microsoft.AspNetCore.Diagnostics.DeveloperExceptionPageMiddlewareImpl.Invoke(HttpContext context)
[2026-09-20 11:43:49.757 +05:30 INF] Serilog.AspNetCore.RequestLoggingMiddleware: HTTP POST /api/users responded 401 in 0.4839 ms
[2026-09-20 11:43:49.759 +05:30 WRN] Kestrel.Api.Controllers.AuthController: Audit: login failed (unknown user) for viewer_1d414fc55dc447c49f2317c0e6cff163 from unknown
[2026-09-20 11:43:49.760 +05:30 ERR] Serilog.AspNetCore.RequestLoggingMiddleware: HTTP POST /api/auth/login responded 500 in 2.2325 ms
System.InvalidOperationException: The PipeWriter 'ResponseBodyPipeWriter' does not implement PipeWriter.UnflushedBytes.
   at System.Text.Json.ThrowHelper.ThrowInvalidOperationException_PipeWriterDoesNotImplementUnflushedBytes(PipeWriter pipeWriter)
   at System.Text.Json.Serialization.Metadata.JsonTypeInfo`1.SerializeAsync(PipeWriter pipeWriter, T rootValue, Int32 flushThreshold, CancellationToken cancellationToken, Object rootValueBoxed)
   at Microsoft.AspNetCore.Mvc.Formatters.SystemTextJsonOutputFormatter.WriteResponseBodyAsync(OutputFormatterWriteContext context, Encoding selectedEncoding)
   at Microsoft.AspNetCore.Mvc.Infrastructure.ResourceInvoker.<InvokeNextResultFilterAsync>g__Awaited|30_0[TFilter,TFilterAsync](ResourceInvoker invoker, Task lastTask, State next, Scope scope, Object state, Boolean isCompleted)
   at Microsoft.AspNetCore.Mvc.Infrastructure.ResourceInvoker.Rethrow(ResultExecutedContextSealed context)
   at Microsoft.AspNetCore.Mvc.Infrastructure.ResourceInvoker.ResultNext[TFilter,TFilterAsync](State& next, Scope& scope, Object& state, Boolean& isCompleted)
   at Microsoft.AspNetCore.Mvc.Infrastructure.ResourceInvoker.InvokeResultFilters()
--- End of stack trace from previous location ---
   at Microsoft.AspNetCore.Mvc.Infrastructure.ResourceInvoker.<InvokeFilterPipelineAsync>g__Awaited|20_0(ResourceInvoker invoker, Task lastTask, State next, Scope scope, Object state, Boolean isCompleted)
   at Microsoft.AspNetCore.Mvc.Infrastructure.ResourceInvoker.<InvokeAsync>g__Awaited|17_0(ResourceInvoker invoker, Task task, IDisposable scope)
   at Microsoft.AspNetCore.Mvc.Infrastructure.ResourceInvoker.<InvokeAsync>g__Awaited|17_0(ResourceInvoker invoker, Task task, IDisposable scope)
   at Swashbuckle.AspNetCore.SwaggerUI.SwaggerUIMiddleware.Invoke(HttpContext httpContext)
   at Swashbuckle.AspNetCore.Swagger.SwaggerMiddleware.Invoke(HttpContext httpContext, ISwaggerProvider swaggerProvider)
   at Microsoft.AspNetCore.Authorization.AuthorizationMiddleware.Invoke(HttpContext context)
   at Microsoft.AspNetCore.Authentication.AuthenticationMiddleware.Invoke(HttpContext context)
   at Microsoft.AspNetCore.RateLimiting.RateLimitingMiddleware.InvokeInternal(HttpContext context, EnableRateLimitingAttribute enableRateLimitingAttribute)
   at Serilog.AspNetCore.RequestLoggingMiddleware.Invoke(HttpContext httpContext)
[2026-09-20 11:43:49.762 +05:30 ERR] Microsoft.AspNetCore.Diagnostics.DeveloperExceptionPageMiddleware: An unhandled exception has occurred while executing the request.
System.InvalidOperationException: The PipeWriter 'ResponseBodyPipeWriter' does not implement PipeWriter.UnflushedBytes.
   at System.Text.Json.ThrowHelper.ThrowInvalidOperationException_PipeWriterDoesNotImplementUnflushedBytes(PipeWriter pipeWriter)
   at System.Text.Json.Serialization.Metadata.JsonTypeInfo`1.SerializeAsync(PipeWriter pipeWriter, T rootValue, Int32 flushThreshold, CancellationToken cancellationToken, Object rootValueBoxed)
   at Microsoft.AspNetCore.Mvc.Formatters.SystemTextJsonOutputFormatter.WriteResponseBodyAsync(OutputFormatterWriteContext context, Encoding selectedEncoding)
   at Microsoft.AspNetCore.Mvc.Infrastructure.ResourceInvoker.<InvokeNextResultFilterAsync>g__Awaited|30_0[TFilter,TFilterAsync](ResourceInvoker invoker, Task lastTask, State next, Scope scope, Object state, Boolean isCompleted)
   at Microsoft.AspNetCore.Mvc.Infrastructure.ResourceInvoker.Rethrow(ResultExecutedContextSealed context)
   at Microsoft.AspNetCore.Mvc.Infrastructure.ResourceInvoker.ResultNext[TFilter,TFilterAsync](State& next, Scope& scope, Object& state, Boolean& isCompleted)
   at Microsoft.AspNetCore.Mvc.Infrastructure.ResourceInvoker.InvokeResultFilters()
--- End of stack trace from previous location ---
   at Microsoft.AspNetCore.Mvc.Infrastructure.ResourceInvoker.<InvokeFilterPipelineAsync>g__Awaited|20_0(ResourceInvoker invoker, Task lastTask, State next, Scope scope, Object state, Boolean isCompleted)
   at Microsoft.AspNetCore.Mvc.Infrastructure.ResourceInvoker.<InvokeAsync>g__Awaited|17_0(ResourceInvoker invoker, Task task, IDisposable scope)
   at Microsoft.AspNetCore.Mvc.Infrastructure.ResourceInvoker.<InvokeAsync>g__Awaited|17_0(ResourceInvoker invoker, Task task, IDisposable scope)
   at Swashbuckle.AspNetCore.SwaggerUI.SwaggerUIMiddleware.Invoke(HttpContext httpContext)
   at Swashbuckle.AspNetCore.Swagger.SwaggerMiddleware.Invoke(HttpContext httpContext, ISwaggerProvider swaggerProvider)
   at Microsoft.AspNetCore.Authorization.AuthorizationMiddleware.Invoke(HttpContext context)
   at Microsoft.AspNetCore.Authentication.AuthenticationMiddleware.Invoke(HttpContext context)
   at Microsoft.AspNetCore.RateLimiting.RateLimitingMiddleware.InvokeInternal(HttpContext context, EnableRateLimitingAttribute enableRateLimitingAttribute)
   at Serilog.AspNetCore.RequestLoggingMiddleware.Invoke(HttpContext httpContext)
   at Microsoft.AspNetCore.Diagnostics.DeveloperExceptionPageMiddlewareImpl.Invoke(HttpContext context)
[2026-09-20 11:43:49.764 +05:30 INF] Serilog.AspNetCore.RequestLoggingMiddleware: HTTP GET /api/events responded 401 in 0.2905 ms
[2026-09-20 11:43:49.830 +05:30 INF] Kestrel.Api.Controllers.AuthController: Audit: login succeeded for admin (41477847-3a96-45d5-b4d8-6ef421f6c27b) from unknown
[2026-09-20 11:43:49.831 +05:30 ERR] Serilog.AspNetCore.RequestLoggingMiddleware: HTTP POST /api/auth/login responded 500 in 63.6477 ms
System.InvalidOperationException: The PipeWriter 'ResponseBodyPipeWriter' does not implement PipeWriter.UnflushedBytes.
   at System.Text.Json.ThrowHelper.ThrowInvalidOperationException_PipeWriterDoesNotImplementUnflushedBytes(PipeWriter pipeWriter)
   at System.Text.Json.Serialization.Metadata.JsonTypeInfo`1.SerializeAsync(PipeWriter pipeWriter, T rootValue, Int32 flushThreshold, CancellationToken cancellationToken, Object rootValueBoxed)
   at Microsoft.AspNetCore.Mvc.Formatters.SystemTextJsonOutputFormatter.WriteResponseBodyAsync(OutputFormatterWriteContext context, Encoding selectedEncoding)
   at Microsoft.AspNetCore.Mvc.Infrastructure.ResourceInvoker.<InvokeNextResultFilterAsync>g__Awaited|30_0[TFilter,TFilterAsync](ResourceInvoker invoker, Task lastTask, State next, Scope scope, Object state, Boolean isCompleted)
   at Microsoft.AspNetCore.Mvc.Infrastructure.ResourceInvoker.Rethrow(ResultExecutedContextSealed context)
   at Microsoft.AspNetCore.Mvc.Infrastructure.ResourceInvoker.ResultNext[TFilter,TFilterAsync](State& next, Scope& scope, Object& state, Boolean& isCompleted)
   at Microsoft.AspNetCore.Mvc.Infrastructure.ResourceInvoker.InvokeResultFilters()
--- End of stack trace from previous location ---
   at Microsoft.AspNetCore.Mvc.Infrastructure.ResourceInvoker.<InvokeFilterPipelineAsync>g__Awaited|20_0(ResourceInvoker invoker, Task lastTask, State next, Scope scope, Object state, Boolean isCompleted)
   at Microsoft.AspNetCore.Mvc.Infrastructure.ResourceInvoker.<InvokeAsync>g__Awaited|17_0(ResourceInvoker invoker, Task task, IDisposable scope)
   at Microsoft.AspNetCore.Mvc.Infrastructure.ResourceInvoker.<InvokeAsync>g__Awaited|17_0(ResourceInvoker invoker, Task task, IDisposable scope)
   at Swashbuckle.AspNetCore.SwaggerUI.SwaggerUIMiddleware.Invoke(HttpContext httpContext)
   at Swashbuckle.AspNetCore.Swagger.SwaggerMiddleware.Invoke(HttpContext httpContext, ISwaggerProvider swaggerProvider)
   at Microsoft.AspNetCore.Authorization.AuthorizationMiddleware.Invoke(HttpContext context)
   at Microsoft.AspNetCore.Authentication.AuthenticationMiddleware.Invoke(HttpContext context)
   at Microsoft.AspNetCore.RateLimiting.RateLimitingMiddleware.InvokeInternal(HttpContext context, EnableRateLimitingAttribute enableRateLimitingAttribute)
   at Serilog.AspNetCore.RequestLoggingMiddleware.Invoke(HttpContext httpContext)
[2026-09-20 11:43:49.832 +05:30 ERR] Microsoft.AspNetCore.Diagnostics.DeveloperExceptionPageMiddleware: An unhandled exception has occurred while executing the request.
System.InvalidOperationException: The PipeWriter 'ResponseBodyPipeWriter' does not implement PipeWriter.UnflushedBytes.
   at System.Text.Json.ThrowHelper.ThrowInvalidOperationException_PipeWriterDoesNotImplementUnflushedBytes(PipeWriter pipeWriter)
   at System.Text.Json.Serialization.Metadata.JsonTypeInfo`1.SerializeAsync(PipeWriter pipeWriter, T rootValue, Int32 flushThreshold, CancellationToken cancellationToken, Object rootValueBoxed)
   at Microsoft.AspNetCore.Mvc.Formatters.SystemTextJsonOutputFormatter.WriteResponseBodyAsync(OutputFormatterWriteContext context, Encoding selectedEncoding)
   at Microsoft.AspNetCore.Mvc.Infrastructure.ResourceInvoker.<InvokeNextResultFilterAsync>g__Awaited|30_0[TFilter,TFilterAsync](ResourceInvoker invoker, Task lastTask, State next, Scope scope, Object state, Boolean isCompleted)
   at Microsoft.AspNetCore.Mvc.Infrastructure.ResourceInvoker.Rethrow(ResultExecutedContextSealed context)
   at Microsoft.AspNetCore.Mvc.Infrastructure.ResourceInvoker.ResultNext[TFilter,TFilterAsync](State& next, Scope& scope, Object& state, Boolean& isCompleted)
   at Microsoft.AspNetCore.Mvc.Infrastructure.ResourceInvoker.InvokeResultFilters()
--- End of stack trace from previous location ---
   at Microsoft.AspNetCore.Mvc.Infrastructure.ResourceInvoker.<InvokeFilterPipelineAsync>g__Awaited|20_0(ResourceInvoker invoker, Task lastTask, State next, Scope scope, Object state, Boolean isCompleted)
   at Microsoft.AspNetCore.Mvc.Infrastructure.ResourceInvoker.<InvokeAsync>g__Awaited|17_0(ResourceInvoker invoker, Task task, IDisposable scope)
   at Microsoft.AspNetCore.Mvc.Infrastructure.ResourceInvoker.<InvokeAsync>g__Awaited|17_0(ResourceInvoker invoker, Task task, IDisposable scope)
   at Swashbuckle.AspNetCore.SwaggerUI.SwaggerUIMiddleware.Invoke(HttpContext httpContext)
   at Swashbuckle.AspNetCore.Swagger.SwaggerMiddleware.Invoke(HttpContext httpContext, ISwaggerProvider swaggerProvider)
   at Microsoft.AspNetCore.Authorization.AuthorizationMiddleware.Invoke(HttpContext context)
   at Microsoft.AspNetCore.Authentication.AuthenticationMiddleware.Invoke(HttpContext context)
   at Microsoft.AspNetCore.RateLimiting.RateLimitingMiddleware.InvokeInternal(HttpContext context, EnableRateLimitingAttribute enableRateLimitingAttribute)
   at Serilog.AspNetCore.RequestLoggingMiddleware.Invoke(HttpContext httpContext)
   at Microsoft.AspNetCore.Diagnostics.DeveloperExceptionPageMiddlewareImpl.Invoke(HttpContext context)
[2026-09-20 11:43:49.905 +05:30 INF] Kestrel.Api.Controllers.AuthController: Audit: login succeeded for admin (41477847-3a96-45d5-b4d8-6ef421f6c27b) from unknown
[2026-09-20 11:43:49.906 +05:30 ERR] Serilog.AspNetCore.RequestLoggingMiddleware: HTTP POST /api/auth/login responded 500 in 69.0255 ms
System.InvalidOperationException: The PipeWriter 'ResponseBodyPipeWriter' does not implement PipeWriter.UnflushedBytes.
   at System.Text.Json.ThrowHelper.ThrowInvalidOperationException_PipeWriterDoesNotImplementUnflushedBytes(PipeWriter pipeWriter)
   at System.Text.Json.Serialization.Metadata.JsonTypeInfo`1.SerializeAsync(PipeWriter pipeWriter, T rootValue, Int32 flushThreshold, CancellationToken cancellationToken, Object rootValueBoxed)
   at Microsoft.AspNetCore.Mvc.Formatters.SystemTextJsonOutputFormatter.WriteResponseBodyAsync(OutputFormatterWriteContext context, Encoding selectedEncoding)
   at Microsoft.AspNetCore.Mvc.Infrastructure.ResourceInvoker.<InvokeNextResultFilterAsync>g__Awaited|30_0[TFilter,TFilterAsync](ResourceInvoker invoker, Task lastTask, State next, Scope scope, Object state, Boolean isCompleted)
   at Microsoft.AspNetCore.Mvc.Infrastructure.ResourceInvoker.Rethrow(ResultExecutedContextSealed context)
   at Microsoft.AspNetCore.Mvc.Infrastructure.ResourceInvoker.ResultNext[TFilter,TFilterAsync](State& next, Scope& scope, Object& state, Boolean& isCompleted)
   at Microsoft.AspNetCore.Mvc.Infrastructure.ResourceInvoker.InvokeResultFilters()
--- End of stack trace from previous location ---
   at Microsoft.AspNetCore.Mvc.Infrastructure.ResourceInvoker.<InvokeFilterPipelineAsync>g__Awaited|20_0(ResourceInvoker invoker, Task lastTask, State next, Scope scope, Object state, Boolean isCompleted)
   at Microsoft.AspNetCore.Mvc.Infrastructure.ResourceInvoker.<InvokeAsync>g__Awaited|17_0(ResourceInvoker invoker, Task task, IDisposable scope)
   at Microsoft.AspNetCore.Mvc.Infrastructure.ResourceInvoker.<InvokeAsync>g__Awaited|17_0(ResourceInvoker invoker, Task task, IDisposable scope)
   at Swashbuckle.AspNetCore.SwaggerUI.SwaggerUIMiddleware.Invoke(HttpContext httpContext)
   at Swashbuckle.AspNetCore.Swagger.SwaggerMiddleware.Invoke(HttpContext httpContext, ISwaggerProvider swaggerProvider)
   at Microsoft.AspNetCore.Authorization.AuthorizationMiddleware.Invoke(HttpContext context)
   at Microsoft.AspNetCore.Authentication.AuthenticationMiddleware.Invoke(HttpContext context)
   at Microsoft.AspNetCore.RateLimiting.RateLimitingMiddleware.InvokeInternal(HttpContext context, EnableRateLimitingAttribute enableRateLimitingAttribute)
   at Serilog.AspNetCore.RequestLoggingMiddleware.Invoke(HttpContext httpContext)
[2026-09-20 11:43:49.907 +05:30 ERR] Microsoft.AspNetCore.Diagnostics.DeveloperExceptionPageMiddleware: An unhandled exception has occurred while executing the request.
System.InvalidOperationException: The PipeWriter 'ResponseBodyPipeWriter' does not implement PipeWriter.UnflushedBytes.
   at System.Text.Json.ThrowHelper.ThrowInvalidOperationException_PipeWriterDoesNotImplementUnflushedBytes(PipeWriter pipeWriter)
   at System.Text.Json.Serialization.Metadata.JsonTypeInfo`1.SerializeAsync(PipeWriter pipeWriter, T rootValue, Int32 flushThreshold, CancellationToken cancellationToken, Object rootValueBoxed)
   at Microsoft.AspNetCore.Mvc.Formatters.SystemTextJsonOutputFormatter.WriteResponseBodyAsync(OutputFormatterWriteContext context, Encoding selectedEncoding)
   at Microsoft.AspNetCore.Mvc.Infrastructure.ResourceInvoker.<InvokeNextResultFilterAsync>g__Awaited|30_0[TFilter,TFilterAsync](ResourceInvoker invoker, Task lastTask, State next, Scope scope, Object state, Boolean isCompleted)
   at Microsoft.AspNetCore.Mvc.Infrastructure.ResourceInvoker.Rethrow(ResultExecutedContextSealed context)
   at Microsoft.AspNetCore.Mvc.Infrastructure.ResourceInvoker.ResultNext[TFilter,TFilterAsync](State& next, Scope& scope, Object& state, Boolean& isCompleted)
   at Microsoft.AspNetCore.Mvc.Infrastructure.ResourceInvoker.InvokeResultFilters()
--- End of stack trace from previous location ---
   at Microsoft.AspNetCore.Mvc.Infrastructure.ResourceInvoker.<InvokeFilterPipelineAsync>g__Awaited|20_0(ResourceInvoker invoker, Task lastTask, State next, Scope scope, Object state, Boolean isCompleted)
   at Microsoft.AspNetCore.Mvc.Infrastructure.ResourceInvoker.<InvokeAsync>g__Awaited|17_0(ResourceInvoker invoker, Task task, IDisposable scope)
   at Microsoft.AspNetCore.Mvc.Infrastructure.ResourceInvoker.<InvokeAsync>g__Awaited|17_0(ResourceInvoker invoker, Task task, IDisposable scope)
   at Swashbuckle.AspNetCore.SwaggerUI.SwaggerUIMiddleware.Invoke(HttpContext httpContext)
   at Swashbuckle.AspNetCore.Swagger.SwaggerMiddleware.Invoke(HttpContext httpContext, ISwaggerProvider swaggerProvider)
   at Microsoft.AspNetCore.Authorization.AuthorizationMiddleware.Invoke(HttpContext context)
   at Microsoft.AspNetCore.Authentication.AuthenticationMiddleware.Invoke(HttpContext context)
   at Microsoft.AspNetCore.RateLimiting.RateLimitingMiddleware.InvokeInternal(HttpContext context, EnableRateLimitingAttribute enableRateLimitingAttribute)
   at Serilog.AspNetCore.RequestLoggingMiddleware.Invoke(HttpContext httpContext)
   at Microsoft.AspNetCore.Diagnostics.DeveloperExceptionPageMiddlewareImpl.Invoke(HttpContext context)
[2026-09-20 11:43:49.912 +05:30 INF] Serilog.AspNetCore.RequestLoggingMiddleware: HTTP GET /api/auth/me responded 401 in 0.6301 ms
[2026-09-20 11:43:49.921 +05:30 ERR] Serilog.AspNetCore.RequestLoggingMiddleware: HTTP GET /health responded 500 in 5.2696 ms
System.InvalidOperationException: The PipeWriter 'ResponseBodyPipeWriter' does not implement PipeWriter.UnflushedBytes.
   at System.Text.Json.ThrowHelper.ThrowInvalidOperationException_PipeWriterDoesNotImplementUnflushedBytes(PipeWriter pipeWriter)
   at System.Text.Json.Serialization.Metadata.JsonTypeInfo`1.SerializeAsync(PipeWriter pipeWriter, T rootValue, Int32 flushThreshold, CancellationToken cancellationToken, Object rootValueBoxed)
   at Microsoft.AspNetCore.Http.HttpResponseJsonExtensions.<WriteAsJsonAsync>g__WriteAsJsonAsyncSlow|5_0[TValue](HttpResponse response, TValue value, JsonTypeInfo`1 jsonTypeInfo, CancellationToken cancellationToken)
   at Microsoft.AspNetCore.Http.RequestDelegateFactory.ExecuteResultWriteResponse(IResult result, HttpContext httpContext)
   at Swashbuckle.AspNetCore.SwaggerUI.SwaggerUIMiddleware.Invoke(HttpContext httpContext)
   at Swashbuckle.AspNetCore.Swagger.SwaggerMiddleware.Invoke(HttpContext httpContext, ISwaggerProvider swaggerProvider)
   at Microsoft.AspNetCore.Authorization.AuthorizationMiddleware.Invoke(HttpContext context)
   at Microsoft.AspNetCore.Authentication.AuthenticationMiddleware.Invoke(HttpContext context)
   at Serilog.AspNetCore.RequestLoggingMiddleware.Invoke(HttpContext httpContext)
[2026-09-20 11:43:49.922 +05:30 ERR] Microsoft.AspNetCore.Diagnostics.DeveloperExceptionPageMiddleware: An unhandled exception has occurred while executing the request.
System.InvalidOperationException: The PipeWriter 'ResponseBodyPipeWriter' does not implement PipeWriter.UnflushedBytes.
   at System.Text.Json.ThrowHelper.ThrowInvalidOperationException_PipeWriterDoesNotImplementUnflushedBytes(PipeWriter pipeWriter)
   at System.Text.Json.Serialization.Metadata.JsonTypeInfo`1.SerializeAsync(PipeWriter pipeWriter, T rootValue, Int32 flushThreshold, CancellationToken cancellationToken, Object rootValueBoxed)
   at Microsoft.AspNetCore.Http.HttpResponseJsonExtensions.<WriteAsJsonAsync>g__WriteAsJsonAsyncSlow|5_0[TValue](HttpResponse response, TValue value, JsonTypeInfo`1 jsonTypeInfo, CancellationToken cancellationToken)
   at Microsoft.AspNetCore.Http.RequestDelegateFactory.ExecuteResultWriteResponse(IResult result, HttpContext httpContext)
   at Swashbuckle.AspNetCore.SwaggerUI.SwaggerUIMiddleware.Invoke(HttpContext httpContext)
   at Swashbuckle.AspNetCore.Swagger.SwaggerMiddleware.Invoke(HttpContext httpContext, ISwaggerProvider swaggerProvider)
   at Microsoft.AspNetCore.Authorization.AuthorizationMiddleware.Invoke(HttpContext context)
   at Microsoft.AspNetCore.Authentication.AuthenticationMiddleware.Invoke(HttpContext context)
   at Serilog.AspNetCore.RequestLoggingMiddleware.Invoke(HttpContext httpContext)
   at Microsoft.AspNetCore.Diagnostics.DeveloperExceptionPageMiddlewareImpl.Invoke(HttpContext context)
[2026-09-20 11:43:49.925 +05:30 INF] Serilog.AspNetCore.RequestLoggingMiddleware: HTTP GET /api/auth/me responded 401 in 0.4134 ms
[2026-09-20 11:43:49.927 +05:30 INF] Serilog.AspNetCore.RequestLoggingMiddleware: HTTP GET /api/events responded 401 in 0.2048 ms
[2026-09-20 11:43:49.933 +05:30 INF] Kestrel.Core.Jobs.IngestJobProcessor: Ingest job processor stopped.
[2026-09-20 11:47:00.266 +05:30 INF] Kestrel.Api: Binding guard: http://127.0.0.1:5000 (loopback)
[2026-09-20 11:47:00.979 +05:30 INF] Kestrel.Api.Auth.IdentityInitializationService: Identity schema ensured (no EF migrations defined yet — run `dotnet ef migrations add` before real deployments).
[2026-09-20 11:47:01.263 +05:30 INF] Kestrel.Api.Auth.IdentityInitializationService: Role seeded: Viewer
[2026-09-20 11:47:01.266 +05:30 INF] Kestrel.Api.Auth.IdentityInitializationService: Role seeded: Analyst
[2026-09-20 11:47:01.267 +05:30 INF] Kestrel.Api.Auth.IdentityInitializationService: Role seeded: Admin
[2026-09-20 11:47:01.291 +05:30 WRN] Kestrel.Api.Auth.IdentityInitializationService: Bootstrap: DEVELOPMENT default admin 'admin' created with password 'Dev#Admin-2026!'. CHANGE THIS PASSWORD before any use beyond local testing.
[2026-09-20 11:47:01.452 +05:30 INF] Kestrel.Api.Auth.IdentityInitializationService: Bootstrap: admin 'admin' created with roles [Viewer, Analyst, Admin].
[2026-09-20 11:47:01.471 +05:30 INF] Kestrel.Core.Storage.EventDatabase: FTS5 index rebuilt.
[2026-09-20 11:47:01.471 +05:30 INF] Kestrel.Core.Storage.EventStoreInitializationService: Event store ready at D:\Work\Projects\kestrel\backend\Kestrel.Api\data\kestrel.db (schema v2, WAL mode, FTS5 rebuilt).
[2026-09-20 11:47:01.473 +05:30 INF] Kestrel.Core.Jobs.IngestJobProcessor: Ingest job processor started (timeout 1800s, batch 1000, record cap 5000000).
[2026-09-20 11:47:01.737 +05:30 INF] Kestrel.Api.Controllers.AuthController: Audit: login succeeded for admin (1e873d81-199e-469f-ba3d-08db8c2bea00) from unknown
[2026-09-20 11:47:01.749 +05:30 INF] Serilog.AspNetCore.RequestLoggingMiddleware: HTTP POST /api/auth/login responded 200 in 196.0444 ms
[2026-09-20 11:47:01.898 +05:30 INF] Kestrel.Api.Controllers.UsersController: Audit: user 'lockout_f3480f442d5949a6ada79b4903f8c42e' (c9676020-7a81-4403-84c7-1fb6c9e85376) created by admin with roles [Viewer]
[2026-09-20 11:47:01.913 +05:30 INF] Serilog.AspNetCore.RequestLoggingMiddleware: HTTP POST /api/users responded 201 in 157.0079 ms
[2026-09-20 11:47:01.996 +05:30 WRN] Kestrel.Api.Controllers.AuthController: Audit: login failed (bad password) for lockout_f3480f442d5949a6ada79b4903f8c42e from unknown
[2026-09-20 11:47:01.998 +05:30 INF] Serilog.AspNetCore.RequestLoggingMiddleware: HTTP POST /api/auth/login responded 401 in 77.8175 ms
[2026-09-20 11:47:02.097 +05:30 WRN] Kestrel.Api.Controllers.AuthController: Audit: login failed (bad password) for lockout_f3480f442d5949a6ada79b4903f8c42e from unknown
[2026-09-20 11:47:02.098 +05:30 INF] Serilog.AspNetCore.RequestLoggingMiddleware: HTTP POST /api/auth/login responded 401 in 99.4680 ms
[2026-09-20 11:47:02.184 +05:30 WRN] Kestrel.Api.Controllers.AuthController: Audit: login failed (bad password) for lockout_f3480f442d5949a6ada79b4903f8c42e from unknown
[2026-09-20 11:47:02.185 +05:30 INF] Serilog.AspNetCore.RequestLoggingMiddleware: HTTP POST /api/auth/login responded 401 in 86.2374 ms
[2026-09-20 11:47:02.260 +05:30 WRN] Kestrel.Api.Controllers.AuthController: Audit: login failed (bad password) for lockout_f3480f442d5949a6ada79b4903f8c42e from unknown
[2026-09-20 11:47:02.261 +05:30 INF] Serilog.AspNetCore.RequestLoggingMiddleware: HTTP POST /api/auth/login responded 401 in 73.2774 ms
[2026-09-20 11:47:02.375 +05:30 WRN] Kestrel.Api.Controllers.AuthController: Audit: account lockout_f3480f442d5949a6ada79b4903f8c42e locked out after repeated failures (from unknown)
[2026-09-20 11:47:02.376 +05:30 INF] Serilog.AspNetCore.RequestLoggingMiddleware: HTTP POST /api/auth/login responded 401 in 112.3930 ms
[2026-09-20 11:47:02.380 +05:30 WRN] Kestrel.Api.Controllers.AuthController: Audit: account lockout_f3480f442d5949a6ada79b4903f8c42e locked out after repeated failures (from unknown)
[2026-09-20 11:47:02.380 +05:30 INF] Serilog.AspNetCore.RequestLoggingMiddleware: HTTP POST /api/auth/login responded 401 in 3.2009 ms
[2026-09-20 11:47:02.397 +05:30 INF] Serilog.AspNetCore.RequestLoggingMiddleware: HTTP GET /api/users responded 401 in 4.6647 ms
[2026-09-20 11:47:02.403 +05:30 WRN] Kestrel.Api.Controllers.AuthController: Audit: login failed (unknown user) for ghost_8ae88710d8a545bf97ce6365c51a7703 from unknown
[2026-09-20 11:47:02.403 +05:30 INF] Serilog.AspNetCore.RequestLoggingMiddleware: HTTP POST /api/auth/login responded 401 in 3.2203 ms
[2026-09-20 11:47:02.489 +05:30 WRN] Kestrel.Api.Controllers.AuthController: Audit: login failed (bad password) for admin from unknown
[2026-09-20 11:47:02.490 +05:30 INF] Serilog.AspNetCore.RequestLoggingMiddleware: HTTP POST /api/auth/login responded 401 in 83.8756 ms
[2026-09-20 11:47:02.561 +05:30 INF] Kestrel.Api.Controllers.AuthController: Audit: login succeeded for admin (1e873d81-199e-469f-ba3d-08db8c2bea00) from unknown
[2026-09-20 11:47:02.562 +05:30 INF] Serilog.AspNetCore.RequestLoggingMiddleware: HTTP POST /api/auth/login responded 200 in 67.9548 ms
[2026-09-20 11:47:02.623 +05:30 INF] Kestrel.Api.Controllers.UsersController: Audit: user 'viewer_5ee89544319f47b79b04a12013a6e9dc' (8cd3c4c7-84c3-46bb-ba02-3345f726452c) created by admin with roles [Viewer]
[2026-09-20 11:47:02.623 +05:30 INF] Serilog.AspNetCore.RequestLoggingMiddleware: HTTP POST /api/users responded 201 in 60.7168 ms
[2026-09-20 11:47:02.700 +05:30 INF] Kestrel.Api.Controllers.AuthController: Audit: login succeeded for viewer_5ee89544319f47b79b04a12013a6e9dc (8cd3c4c7-84c3-46bb-ba02-3345f726452c) from unknown
[2026-09-20 11:47:02.700 +05:30 INF] Serilog.AspNetCore.RequestLoggingMiddleware: HTTP POST /api/auth/login responded 200 in 76.5703 ms
[2026-09-20 11:47:02.728 +05:30 INF] Serilog.AspNetCore.RequestLoggingMiddleware: HTTP GET /api/events responded 400 in 27.1181 ms
[2026-09-20 11:47:02.810 +05:30 INF] Kestrel.Api.Controllers.AuthController: Audit: login succeeded for admin (1e873d81-199e-469f-ba3d-08db8c2bea00) from unknown
[2026-09-20 11:47:02.811 +05:30 INF] Serilog.AspNetCore.RequestLoggingMiddleware: HTTP POST /api/auth/login responded 200 in 69.4371 ms
[2026-09-20 11:47:02.872 +05:30 INF] Kestrel.Api.Controllers.AuthController: Audit: login succeeded for admin (1e873d81-199e-469f-ba3d-08db8c2bea00) from unknown
[2026-09-20 11:47:02.873 +05:30 INF] Serilog.AspNetCore.RequestLoggingMiddleware: HTTP POST /api/auth/login responded 200 in 60.3006 ms
[2026-09-20 11:47:02.884 +05:30 INF] Serilog.AspNetCore.RequestLoggingMiddleware: HTTP GET /api/auth/me responded 200 in 10.3301 ms
[2026-09-20 11:47:02.894 +05:30 INF] Serilog.AspNetCore.RequestLoggingMiddleware: HTTP GET /health responded 200 in 3.2216 ms
[2026-09-20 11:47:02.895 +05:30 INF] Serilog.AspNetCore.RequestLoggingMiddleware: HTTP GET /api/auth/me responded 401 in 0.3674 ms
[2026-09-20 11:47:02.897 +05:30 INF] Serilog.AspNetCore.RequestLoggingMiddleware: HTTP GET /api/events responded 401 in 0.1438 ms
[2026-09-20 11:47:02.901 +05:30 INF] Kestrel.Core.Jobs.IngestJobProcessor: Ingest job processor stopped.
[2026-09-20 11:47:33.724 +05:30 INF] Kestrel.Api: Binding guard: http://127.0.0.1:5000 (loopback)
[2026-09-20 11:47:34.471 +05:30 INF] Kestrel.Api.Auth.IdentityInitializationService: Identity schema ensured (no EF migrations defined yet — run `dotnet ef migrations add` before real deployments).
[2026-09-20 11:47:34.732 +05:30 INF] Kestrel.Api.Auth.IdentityInitializationService: Identity store initialized (3 users); bootstrap skipped.
[2026-09-20 11:47:34.760 +05:30 INF] Kestrel.Core.Storage.EventDatabase: FTS5 index rebuilt.
[2026-09-20 11:47:34.761 +05:30 INF] Kestrel.Core.Storage.EventStoreInitializationService: Event store ready at D:\Work\Projects\kestrel\backend\Kestrel.Api\data\kestrel.db (schema v2, WAL mode, FTS5 rebuilt).
[2026-09-20 11:47:34.764 +05:30 INF] Kestrel.Core.Jobs.IngestJobProcessor: Ingest job processor started (timeout 1800s, batch 1000, record cap 5000000).
[2026-09-20 11:47:59.212 +05:30 INF] Kestrel.Api.Controllers.AuthController: Audit: login succeeded for admin (6f49ddf6-6e76-496d-bb54-1c80c6bc1b4c) from 127.0.0.1
[2026-09-20 11:47:59.225 +05:30 INF] Serilog.AspNetCore.RequestLoggingMiddleware: HTTP POST /api/auth/login responded 200 in 199.2148 ms
[2026-09-20 11:48:41.510 +05:30 INF] Serilog.AspNetCore.RequestLoggingMiddleware: HTTP GET /api/auth/me responded 401 in 7.1897 ms
[2026-09-20 11:48:43.805 +05:30 INF] Kestrel.Api.Controllers.AuthController: Audit: login succeeded for admin (6f49ddf6-6e76-496d-bb54-1c80c6bc1b4c) from 127.0.0.1
[2026-09-20 11:48:43.808 +05:30 INF] Serilog.AspNetCore.RequestLoggingMiddleware: HTTP POST /api/auth/login responded 200 in 98.2863 ms
[2026-09-20 11:48:43.881 +05:30 INF] Serilog.AspNetCore.RequestLoggingMiddleware: HTTP POST /hubs/events/negotiate responded 200 in 10.3000 ms
[2026-09-20 11:48:43.881 +05:30 INF] Serilog.AspNetCore.RequestLoggingMiddleware: HTTP POST /hubs/events/negotiate responded 200 in 11.3387 ms
[2026-09-20 11:48:46.716 +05:30 INF] Serilog.AspNetCore.RequestLoggingMiddleware: HTTP GET /api/search responded 400 in 28.2415 ms
[2026-09-20 11:48:46.742 +05:30 INF] Serilog.AspNetCore.RequestLoggingMiddleware: HTTP GET /api/search responded 400 in 1.8344 ms
[2026-09-20 11:48:52.570 +05:30 INF] Serilog.AspNetCore.RequestLoggingMiddleware: HTTP POST /hubs/events/negotiate responded 200 in 0.9468 ms
[2026-09-20 11:48:52.571 +05:30 INF] Serilog.AspNetCore.RequestLoggingMiddleware: HTTP POST /hubs/events/negotiate responded 200 in 0.6746 ms
[2026-09-20 11:48:52.593 +05:30 INF] Serilog.AspNetCore.RequestLoggingMiddleware: HTTP GET /api/ingest/jobs responded 200 in 22.4152 ms
[2026-09-20 11:48:54.170 +05:30 INF] Serilog.AspNetCore.RequestLoggingMiddleware: HTTP GET /hubs/events responded 101 in 1586.2233 ms
[2026-09-20 11:49:20.428 +05:30 INF] Kestrel.Api.Controllers.AuthController: Audit: logout for admin
[2026-09-20 11:49:20.430 +05:30 INF] Serilog.AspNetCore.RequestLoggingMiddleware: HTTP POST /api/auth/logout responded 204 in 7.0860 ms
[2026-09-20 11:49:20.440 +05:30 INF] Serilog.AspNetCore.RequestLoggingMiddleware: HTTP GET /hubs/events responded 101 in 36547.1654 ms
[2026-09-20 11:49:20.453 +05:30 INF] Serilog.AspNetCore.RequestLoggingMiddleware: HTTP GET /api/auth/me responded 401 in 0.5718 ms
[2026-09-20 11:49:23.009 +05:30 INF] Kestrel.Api.Controllers.AuthController: Audit: login succeeded for viewer (241a64ee-3f51-4a90-aa4f-d27c2f1e3d50) from 127.0.0.1
[2026-09-20 11:49:23.011 +05:30 INF] Serilog.AspNetCore.RequestLoggingMiddleware: HTTP POST /api/auth/login responded 200 in 52.3575 ms
[2026-09-20 11:49:23.032 +05:30 INF] Serilog.AspNetCore.RequestLoggingMiddleware: HTTP POST /hubs/events/negotiate responded 200 in 1.2645 ms
[2026-09-20 11:49:23.033 +05:30 INF] Serilog.AspNetCore.RequestLoggingMiddleware: HTTP POST /hubs/events/negotiate responded 200 in 0.7733 ms
[2026-09-20 11:49:24.541 +05:30 INF] Serilog.AspNetCore.RequestLoggingMiddleware: HTTP GET /api/search responded 400 in 1.0599 ms
[2026-09-20 11:49:24.592 +05:30 INF] Serilog.AspNetCore.RequestLoggingMiddleware: HTTP GET /api/search responded 400 in 0.8180 ms
[2026-09-20 11:49:25.164 +05:30 INF] Serilog.AspNetCore.RequestLoggingMiddleware: HTTP POST /hubs/events/negotiate responded 200 in 0.9863 ms
[2026-09-20 11:49:25.166 +05:30 INF] Serilog.AspNetCore.RequestLoggingMiddleware: HTTP POST /hubs/events/negotiate responded 200 in 1.4174 ms
[2026-09-20 11:49:25.169 +05:30 INF] Serilog.AspNetCore.RequestLoggingMiddleware: HTTP GET /api/ingest/jobs responded 200 in 1.9775 ms
[2026-09-20 11:49:32.238 +05:30 INF] Serilog.AspNetCore.RequestLoggingMiddleware: HTTP GET /hubs/events responded 101 in 7063.5318 ms
[2026-09-20 11:49:55.157 +05:30 INF] Serilog.AspNetCore.RequestLoggingMiddleware: HTTP GET /hubs/events responded 101 in 32118.1823 ms
